{
"type": "FeatureCollection",
"name": "London_OSM_Allotment_Data",
"crs": { "type": "name", "properties": { "name": "urn:ogc:def:crs:OGC:1.3:CRS84" } },
"features": [
{ "type": "Feature", "properties": { "id": "12319642", "name": "Pickhurst Green Allotments" }, "geometry": { "type": "Polygon", "coordinates": [ [ [ 0.0086875, 51.3863066 ], [ 0.0085582, 51.3863743 ], [ 0.0089102, 51.3866498 ], [ 0.0086909, 51.3868195 ], [ 0.008887, 51.387143 ], [ 0.0081211, 51.3873032 ], [ 0.0073299, 51.3861193 ], [ 0.0081187, 51.3858651 ], [ 0.0083686, 51.385951 ], [ 0.0085781, 51.3861862 ], [ 0.0086553, 51.3862783 ], [ 0.0086875, 51.3863066 ] ] ] } },
{ "type": "Feature", "properties": { "id": "14627390", "name": "Golders Green Allotments" }, "geometry": { "type": "MultiPolygon", "coordinates": [ [ [ [ -0.2137911, 51.5728958 ], [ -0.2136417, 51.5727386 ], [ -0.2140318, 51.5725913 ], [ -0.2138985, 51.5724619 ], [ -0.2137996, 51.5724891 ], [ -0.2137083, 51.5725248 ], [ -0.2134113, 51.5723392 ], [ -0.2133909, 51.5723178 ], [ -0.2134046, 51.572257 ], [ -0.2134046, 51.5721895 ], [ -0.2133939, 51.5721399 ], [ -0.2133711, 51.5721015 ], [ -0.213296, 51.5720152 ], [ -0.2132531, 51.571874 ], [ -0.2131961, 51.5717671 ], [ -0.2130735, 51.5715464 ], [ -0.2129177, 51.5713201 ], [ -0.2128647, 51.5713035 ], [ -0.2127743, 51.5712751 ], [ -0.2126683, 51.5712126 ], [ -0.2126019, 51.5711409 ], [ -0.2125034, 51.5709858 ], [ -0.2124269, 51.5709158 ], [ -0.2123451, 51.5708083 ], [ -0.2121547, 51.5706641 ], [ -0.2119884, 51.5706065 ], [ -0.2117611, 51.5705753 ], [ -0.211574, 51.5705515 ], [ -0.2114855, 51.570519 ], [ -0.2109785, 51.5702831 ], [ -0.2107432, 51.5702223 ], [ -0.2107076, 51.5702219 ], [ -0.2104427, 51.5700989 ], [ -0.21038, 51.5701504 ], [ -0.2101254, 51.5702515 ], [ -0.2107854, 51.5708822 ], [ -0.2114706, 51.5715227 ], [ -0.2111589, 51.5716156 ], [ -0.2107772, 51.5716956 ], [ -0.2109824, 51.5718759 ], [ -0.2110285, 51.5719284 ], [ -0.2110758, 51.5719696 ], [ -0.2125672, 51.5732766 ], [ -0.2126584, 51.5732492 ], [ -0.2131806, 51.5730734 ], [ -0.2137911, 51.5728958 ] ] ], [ [ [ -0.2127494, 51.5739341 ], [ -0.2126036, 51.5737991 ], [ -0.2109714, 51.5723521 ], [ -0.2107237, 51.572417 ], [ -0.2107616, 51.5724636 ], [ -0.2107498, 51.5724681 ], [ -0.2111898, 51.5729055 ], [ -0.2115812, 51.5733196 ], [ -0.2117302, 51.5734936 ], [ -0.2117638, 51.5735108 ], [ -0.2122374, 51.5741417 ], [ -0.2125486, 51.5740201 ], [ -0.2127494, 51.5739341 ] ] ] ] } },
{ "type": "Feature", "properties": { "id": "15157086", "name": "Fursby Avenue Allotment Society" }, "geometry": { "type": "MultiPolygon", "coordinates": [ [ [ [ -0.1941315, 51.6115322 ], [ -0.1948491, 51.6111763 ], [ -0.1949121, 51.6111455 ], [ -0.1949792, 51.6111072 ], [ -0.1951106, 51.6110222 ], [ -0.1952286, 51.610928 ], [ -0.1951783, 51.610864 ], [ -0.1949075, 51.6109071 ], [ -0.1947157, 51.6109479 ], [ -0.1946888, 51.6109598 ], [ -0.1946727, 51.6109714 ], [ -0.1946265, 51.6110097 ], [ -0.1945393, 51.6111067 ], [ -0.1943427, 51.6112443 ], [ -0.1942723, 51.6112929 ], [ -0.1940498, 51.6114886 ], [ -0.1941315, 51.6115322 ] ] ], [ [ [ -0.1940779, 51.6114053 ], [ -0.1942459, 51.6112703 ], [ -0.1943393, 51.6112035 ], [ -0.19447, 51.6111131 ], [ -0.1945587, 51.6110339 ], [ -0.1946446, 51.610941 ], [ -0.1945709, 51.6109062 ], [ -0.1943824, 51.6109448 ], [ -0.1942117, 51.6109521 ], [ -0.1941564, 51.6109541 ], [ -0.1941175, 51.6109616 ], [ -0.1940967, 51.6109752 ], [ -0.194081, 51.6109964 ], [ -0.1940575, 51.6110068 ], [ -0.1939934, 51.6110097 ], [ -0.1939395, 51.6110228 ], [ -0.1938697, 51.6110362 ], [ -0.193801, 51.6111067 ], [ -0.1938453, 51.6111646 ], [ -0.1938821, 51.6111929 ], [ -0.1938942, 51.6112121 ], [ -0.1939063, 51.6112462 ], [ -0.1940779, 51.6114053 ] ] ] ] } },
{ "type": "Feature", "properties": { "id": "15657066", "name": "Westcott Park Community Garden" }, "geometry": { "type": "Polygon", "coordinates": [ [ [ -0.2566652, 51.5200517 ], [ -0.2569556, 51.5199794 ], [ -0.2572345, 51.5198734 ], [ -0.2574104, 51.519801799999989 ], [ -0.257343, 51.5197358 ], [ -0.2571874, 51.5198043 ], [ -0.2570206, 51.5196725 ], [ -0.2570678, 51.5196366 ], [ -0.2570591, 51.5196274 ], [ -0.2570448, 51.5196199 ], [ -0.2569326, 51.5196474 ], [ -0.2566652, 51.5200517 ] ] ] } },
{ "type": "Feature", "properties": { "id": "16855173", "name": "Dollis Valley Allotments" }, "geometry": { "type": "Polygon", "coordinates": [ [ [ -0.200493, 51.6424296 ], [ -0.2006038, 51.6425967 ], [ -0.2007556, 51.642808 ], [ -0.2010995, 51.6432441 ], [ -0.2011894, 51.6437019 ], [ -0.2027743, 51.6435726 ], [ -0.2027187, 51.643437399999989 ], [ -0.2026892, 51.6434391 ], [ -0.2026282, 51.6432514 ], [ -0.2026536, 51.6432501 ], [ -0.2026261, 51.6431644 ], [ -0.2026013, 51.6431648 ], [ -0.2025477, 51.6430005 ], [ -0.2025705, 51.6430001 ], [ -0.2025396, 51.6429052 ], [ -0.2025202, 51.6429048 ], [ -0.2023794, 51.6424674 ], [ -0.2023941, 51.642467 ], [ -0.2023598, 51.642382 ], [ -0.2022863, 51.6423867 ], [ -0.2019986, 51.6424839 ], [ -0.2015091, 51.6426709 ], [ -0.2011773, 51.642049 ], [ -0.2010316, 51.6419801 ], [ -0.2003412, 51.6422013 ], [ -0.200493, 51.6424296 ] ] ] } },
{ "type": "Feature", "properties": { "id": "19958592", "name": "Leyes Road Allotment Site" }, "geometry": { "type": "MultiPolygon", "coordinates": [ [ [ [ 0.0375978, 51.5094765 ], [ 0.0375818, 51.5097744 ], [ 0.0375715, 51.5100252 ], [ 0.0359121, 51.5100767 ], [ 0.0358838, 51.509755 ], [ 0.035701, 51.5097729 ], [ 0.0356348, 51.5096135 ], [ 0.0356249, 51.50959 ], [ 0.03612, 51.5094994 ], [ 0.0374426, 51.5094493 ], [ 0.0375759, 51.5094457 ], [ 0.0375978, 51.5094765 ] ] ], [ [ [ 0.0376036, 51.5100245 ], [ 0.0376158, 51.5097744 ], [ 0.0376362, 51.5094747 ], [ 0.03841, 51.5095088 ], [ 0.0391803, 51.5096984 ], [ 0.0399292, 51.5096691 ], [ 0.0403911, 51.5097348 ], [ 0.0405898, 51.5099098 ], [ 0.0405878, 51.50993 ], [ 0.0387017, 51.5099923 ], [ 0.0376036, 51.5100245 ] ] ] ] } },
{ "type": "Feature", "properties": { "id": "4074925", "name": "Brook Farm North Allotments" }, "geometry": { "type": "Polygon", "coordinates": [ [ [ -0.1826053, 51.6385692 ], [ -0.1826639, 51.638554 ], [ -0.182849, 51.6385077 ], [ -0.1812908, 51.6364964 ], [ -0.17911, 51.6370005 ], [ -0.1791432, 51.6370364 ], [ -0.1798942, 51.6378092 ], [ -0.1799731, 51.6378834 ], [ -0.1807176, 51.6378479 ], [ -0.1810279, 51.6382808 ], [ -0.1804454, 51.6382948 ], [ -0.1804364, 51.6383446 ], [ -0.1804147, 51.6384652 ], [ -0.1808359, 51.6385034 ], [ -0.1822055, 51.6386128 ], [ -0.1824002, 51.6386233 ], [ -0.1826053, 51.6385692 ] ] ] } },
{ "type": "Feature", "properties": { "id": "4082464", "name": "BedZED allotments" }, "geometry": { "type": "Polygon", "coordinates": [ [ [ -0.1558906, 51.3834182 ], [ -0.1557257, 51.3831352 ], [ -0.1552643, 51.3832715 ], [ -0.1555403, 51.3834776 ], [ -0.1558906, 51.3834182 ] ] ] } },
{ "type": "Feature", "properties": { "id": "4248600", "name": "Colindale Allotments" }, "geometry": { "type": "Polygon", "coordinates": [ [ [ -0.2509281, 51.5930652 ], [ -0.2514567, 51.5921974 ], [ -0.2509572, 51.5920535 ], [ -0.2498111, 51.5919404 ], [ -0.2487566, 51.5915764 ], [ -0.2483735, 51.5927121 ], [ -0.2490743, 51.5927833 ], [ -0.2489609, 51.5933562 ], [ -0.2509281, 51.5930652 ] ] ] } },
{ "type": "Feature", "properties": { "id": "4250529", "name": "Pitshanger allotments" }, "geometry": { "type": "Polygon", "coordinates": [ [ [ -0.3254371, 51.5288261 ], [ -0.3247769, 51.5277242 ], [ -0.3242571, 51.5267433 ], [ -0.3224112, 51.5271572 ], [ -0.3225883, 51.5275907 ], [ -0.3235486, 51.5291897 ], [ -0.3254371, 51.5288261 ] ] ] } },
{ "type": "Feature", "properties": { "id": "4251166", "name": "Northfield Avenue Allotments" }, "geometry": { "type": "Polygon", "coordinates": [ [ [ -0.319015, 51.5098537 ], [ -0.319261, 51.5078907 ], [ -0.3194788, 51.5061377 ], [ -0.3194876, 51.5059696 ], [ -0.318404, 51.5062158 ], [ -0.3183925, 51.5062414 ], [ -0.3184415, 51.5064328 ], [ -0.3184008, 51.5068996 ], [ -0.3183336, 51.5072792 ], [ -0.3183108, 51.507517 ], [ -0.3183206, 51.507799 ], [ -0.318272, 51.5080098 ], [ -0.3182917, 51.5082139 ], [ -0.3183086, 51.5086401 ], [ -0.3182381, 51.5089735 ], [ -0.3181321, 51.509160799999989 ], [ -0.3181301, 51.5091625 ], [ -0.3178815, 51.5093768 ], [ -0.3177647, 51.5094561 ], [ -0.3181567, 51.509605 ], [ -0.318078, 51.5097652 ], [ -0.3188643, 51.5099198 ], [ -0.319015, 51.5098537 ] ] ] } },
{ "type": "Feature", "properties": { "id": "4251216", "name": "Billets Hart Allotments" }, "geometry": { "type": "Polygon", "coordinates": [ [ [ -0.3436456, 51.5055739 ], [ -0.3444536, 51.5053558 ], [ -0.3449042, 51.5052356 ], [ -0.3451617, 51.504915 ], [ -0.3450544, 51.5046613 ], [ -0.3444965, 51.5041671 ], [ -0.3437241, 51.5045811 ], [ -0.3436391, 51.5046208 ], [ -0.3433713, 51.5047458 ], [ -0.3430479, 51.5048371 ], [ -0.3436456, 51.5055739 ] ] ] } },
{ "type": "Feature", "properties": { "id": "4251233", "name": "Bixley Field allotments" }, "geometry": { "type": "Polygon", "coordinates": [ [ [ -0.3763394, 51.4998919 ], [ -0.3765065, 51.4983247 ], [ -0.3750564, 51.4981673 ], [ -0.3750094, 51.499078 ], [ -0.3742154, 51.4990379 ], [ -0.3738936, 51.4991581 ], [ -0.3738506, 51.4998661 ], [ -0.3748678, 51.4998116 ], [ -0.3763394, 51.4998919 ] ] ] } },
{ "type": "Feature", "properties": { "id": "4251238", "name": "Barnes Farm Allotments" }, "geometry": { "type": "Polygon", "coordinates": [ [ [ -0.3830964, 51.4945141 ], [ -0.3840498, 51.4947162 ], [ -0.3845649, 51.4946371 ], [ -0.3844171, 51.4942106 ], [ -0.3840729, 51.4941509 ], [ -0.3836857, 51.4936419 ], [ -0.3838609, 51.4934269 ], [ -0.3839441, 51.4932473 ], [ -0.38386, 51.4930913 ], [ -0.3840934, 51.4926149 ], [ -0.3835542, 51.4925063 ], [ -0.382616, 51.4943645 ], [ -0.3830964, 51.4945141 ] ] ] } },
{ "type": "Feature", "properties": { "id": "4252768", "name": "Stanley Road Allotment Estate" }, "geometry": { "type": "Polygon", "coordinates": [ [ [ -0.3586881, 51.4659986 ], [ -0.358712, 51.4656128 ], [ -0.3587873, 51.4649086 ], [ -0.3572477, 51.4650192 ], [ -0.3565383, 51.4650702 ], [ -0.357289, 51.4660771 ], [ -0.3586881, 51.4659986 ] ] ] } },
{ "type": "Feature", "properties": { "id": "4252769", "name": "Hounslow Avenue Allotments" }, "geometry": { "type": "Polygon", "coordinates": [ [ [ -0.3603745, 51.4617439 ], [ -0.3599979, 51.461313 ], [ -0.3594043, 51.4614076 ], [ -0.3591634, 51.4613628 ], [ -0.3591576, 51.4613456 ], [ -0.3591379, 51.4612877 ], [ -0.3590386, 51.4609952 ], [ -0.3592513, 51.4609668 ], [ -0.359554, 51.4609264 ], [ -0.3596459, 51.4609142 ], [ -0.3596385, 51.4608998 ], [ -0.3593834, 51.4606195 ], [ -0.3592403, 51.4606372 ], [ -0.3582392, 51.4608648 ], [ -0.3565801, 51.460914099999989 ], [ -0.356451, 51.4613074 ], [ -0.3562101, 51.4612789 ], [ -0.3562114, 51.4618449 ], [ -0.3563282, 51.4618281 ], [ -0.3563431, 51.461865499999988 ], [ -0.3565612, 51.4618341 ], [ -0.3585264, 51.4617262 ], [ -0.3589939, 51.4616918 ], [ -0.3603745, 51.4617439 ] ] ] } },
{ "type": "Feature", "properties": { "id": "4252772", "name": null }, "geometry": { "type": "Polygon", "coordinates": [ [ [ -0.3598321, 51.4651601 ], [ -0.3605737, 51.4645792 ], [ -0.3601172, 51.46437 ], [ -0.3592265, 51.46447 ], [ -0.3590924, 51.4644383 ], [ -0.3590152, 51.4642741 ], [ -0.3587088, 51.4642428 ], [ -0.3586748, 51.4641137 ], [ -0.3585184, 51.4640991 ], [ -0.3581945, 51.4642268 ], [ -0.3565383, 51.4650702 ], [ -0.3573419, 51.4650125 ], [ -0.3579754, 51.464967 ], [ -0.3587873, 51.4649086 ], [ -0.358712, 51.4656128 ], [ -0.3594112, 51.4649939 ], [ -0.3598321, 51.4651601 ] ] ] } },
{ "type": "Feature", "properties": { "id": "4252773", "name": null }, "geometry": { "type": "Polygon", "coordinates": [ [ [ -0.3526389, 51.4613798 ], [ -0.3526929, 51.4613415 ], [ -0.3526959, 51.4610892 ], [ -0.3528772, 51.4599441 ], [ -0.3529132, 51.4597184 ], [ -0.353193, 51.4592652 ], [ -0.3533155, 51.4588786 ], [ -0.3522882, 51.4587764 ], [ -0.3521486, 51.4590866 ], [ -0.3528806, 51.4591614 ], [ -0.3529032, 51.4591854 ], [ -0.3524974, 51.4599182 ], [ -0.3524835, 51.4599429 ], [ -0.3521234, 51.4599311 ], [ -0.3520484, 51.4605326 ], [ -0.3519603, 51.4612846 ], [ -0.3519477, 51.4614089 ], [ -0.3526389, 51.4613798 ] ] ] } },
{ "type": "Feature", "properties": { "id": "4253501", "name": "Cole Park Allotments" }, "geometry": { "type": "Polygon", "coordinates": [ [ [ -0.3272034, 51.4601373 ], [ -0.3284336, 51.4585905 ], [ -0.3303394, 51.4581892 ], [ -0.3304428, 51.4580042 ], [ -0.3305239, 51.4579103 ], [ -0.3304603, 51.457916 ], [ -0.3295383, 51.4579993 ], [ -0.3290187, 51.4580607 ], [ -0.3284841, 51.458021 ], [ -0.3281986, 51.4578618 ], [ -0.3280964, 51.4577772 ], [ -0.3279876, 51.4577016 ], [ -0.3278929, 51.4576358 ], [ -0.3275822, 51.4572901 ], [ -0.3273669, 51.4569316 ], [ -0.3270404, 51.456981399999989 ], [ -0.3270293, 51.4570609 ], [ -0.3269951, 51.4572492 ], [ -0.3268628, 51.45754 ], [ -0.3266597, 51.4579476 ], [ -0.3265417, 51.4581614 ], [ -0.3264567, 51.4583431 ], [ -0.3264402, 51.4585064 ], [ -0.326506, 51.4586966 ], [ -0.3265967, 51.4589162 ], [ -0.3267632, 51.4592383 ], [ -0.3268299, 51.4594829 ], [ -0.3268393, 51.459664 ], [ -0.3268615, 51.4598343 ], [ -0.326833, 51.4601062 ], [ -0.3268715, 51.4601081 ], [ -0.3268943, 51.4601115 ], [ -0.3272034, 51.4601373 ] ] ] } },
{ "type": "Feature", "properties": { "id": "4254532", "name": "Blondin Allotments" }, "geometry": { "type": "Polygon", "coordinates": [ [ [ -0.3198752, 51.4967063 ], [ -0.3214753, 51.4961623 ], [ -0.3228383, 51.4956974 ], [ -0.3215171, 51.4952335 ], [ -0.3192512, 51.4961045 ], [ -0.3198752, 51.4967063 ] ] ] } },
{ "type": "Feature", "properties": { "id": "4254533", "name": "Haslemere Allotments" }, "geometry": { "type": "Polygon", "coordinates": [ [ [ -0.322031, 51.499929599999987 ], [ -0.3251494, 51.4987308 ], [ -0.3252036, 51.4987139 ], [ -0.3249372, 51.4984694 ], [ -0.3242067, 51.4986261 ], [ -0.3239218, 51.4987073 ], [ -0.3232407, 51.4980624 ], [ -0.3221916, 51.498583 ], [ -0.3222325, 51.4986782 ], [ -0.3212049, 51.4990943 ], [ -0.3212364, 51.4991262 ], [ -0.322031, 51.499929599999987 ] ] ] } },
{ "type": "Feature", "properties": { "id": "4254534", "name": "Wellmeadow Road Allotment" }, "geometry": { "type": "Polygon", "coordinates": [ [ [ -0.3273851, 51.4959894 ], [ -0.3278514, 51.4957999 ], [ -0.3298856, 51.495148 ], [ -0.3299053, 51.4949381 ], [ -0.3276111, 51.4940258 ], [ -0.3269183, 51.494442 ], [ -0.3260973, 51.494985 ], [ -0.3261374, 51.4950184 ], [ -0.326915, 51.4956475 ], [ -0.3272281, 51.495911899999989 ], [ -0.327341, 51.496005 ], [ -0.3273851, 51.4959894 ] ] ] } },
{ "type": "Feature", "properties": { "id": "4256266", "name": null }, "geometry": { "type": "Polygon", "coordinates": [ [ [ -0.1192374, 51.4876397 ], [ -0.118988, 51.4876394 ], [ -0.1188436, 51.4876685 ], [ -0.1188646, 51.4877111 ], [ -0.1189669, 51.4879179 ], [ -0.1190665, 51.4879001 ], [ -0.1191463, 51.4879054 ], [ -0.1192626, 51.487898 ], [ -0.1192374, 51.4876397 ] ] ] } },
{ "type": "Feature", "properties": { "id": "4257682", "name": "Forest Farm Allotments" }, "geometry": { "type": "Polygon", "coordinates": [ [ [ 0.0945059, 51.5996606 ], [ 0.09648, 51.5995939 ], [ 0.094893, 51.601987 ], [ 0.0938971, 51.6017598 ], [ 0.0934545, 51.6011667 ], [ 0.0945059, 51.5996606 ] ] ] } },
{ "type": "Feature", "properties": { "id": "4257686", "name": "New North Road Allotments" }, "geometry": { "type": "Polygon", "coordinates": [ [ [ 0.0979082, 51.604949 ], [ 0.0990473, 51.6029573 ], [ 0.1002008, 51.6032389 ], [ 0.0990774, 51.6052315 ], [ 0.0979082, 51.604949 ] ] ] } },
{ "type": "Feature", "properties": { "id": "4260013", "name": "Tomswood Hill Allotments" }, "geometry": { "type": "Polygon", "coordinates": [ [ [ 0.0804739, 51.5962759 ], [ 0.079228, 51.5948376 ], [ 0.0815775, 51.5943375 ], [ 0.0824896, 51.5951708 ], [ 0.0810353, 51.5960815 ], [ 0.0804739, 51.5962759 ] ] ] } },
{ "type": "Feature", "properties": { "id": "4263288", "name": "Roding Lane South" }, "geometry": { "type": "Polygon", "coordinates": [ [ [ 0.0423342, 51.5829041 ], [ 0.0419721, 51.5828216 ], [ 0.0416465, 51.5827885 ], [ 0.0413242, 51.5827648 ], [ 0.0412345, 51.5827597 ], [ 0.0413508, 51.5825147 ], [ 0.0414594, 51.5822778 ], [ 0.0415017, 51.582206 ], [ 0.041568, 51.5820619 ], [ 0.0416065, 51.5819829 ], [ 0.0416497, 51.5819061 ], [ 0.0417451, 51.5817383 ], [ 0.0418452, 51.5815736 ], [ 0.0432221, 51.5816791 ], [ 0.0428238, 51.5822949 ], [ 0.0423342, 51.5829041 ] ] ] } },
{ "type": "Feature", "properties": { "id": "4263355", "name": "Vicarage Lane Allotments South" }, "geometry": { "type": "Polygon", "coordinates": [ [ [ 0.090411, 51.5649951 ], [ 0.0884874, 51.5652969 ], [ 0.0885246, 51.5652439 ], [ 0.0885487, 51.5650976 ], [ 0.0885639, 51.565047 ], [ 0.0885758, 51.5650083 ], [ 0.0886228, 51.5647959 ], [ 0.0886725, 51.5646786 ], [ 0.0887549, 51.5645402 ], [ 0.0887711, 51.5645129 ], [ 0.0887779, 51.5645015 ], [ 0.0888726, 51.5643932 ], [ 0.0906776, 51.5645721 ], [ 0.0902326, 51.564629 ], [ 0.090411, 51.5649951 ] ] ] } },
{ "type": "Feature", "properties": { "id": "4263356", "name": "Wards Road South Alotments" }, "geometry": { "type": "Polygon", "coordinates": [ [ [ 0.0916552, 51.5668283 ], [ 0.0917228, 51.566947 ], [ 0.0918707, 51.5671262 ], [ 0.0919133, 51.5672286 ], [ 0.0919846, 51.5672507 ], [ 0.0920032, 51.5672907 ], [ 0.0920325, 51.5673453 ], [ 0.0920448, 51.5673951 ], [ 0.0920679, 51.5673951 ], [ 0.0921632, 51.5676682 ], [ 0.0921885, 51.5677194 ], [ 0.0920778, 51.5677554 ], [ 0.0920107, 51.5677712 ], [ 0.0917241, 51.5678571 ], [ 0.0916438, 51.5678811 ], [ 0.091287, 51.56794 ], [ 0.0909994, 51.5679582 ], [ 0.0905339, 51.5680081 ], [ 0.0905095, 51.5680031 ], [ 0.0903571, 51.5680119 ], [ 0.0901711, 51.5679974 ], [ 0.0899901, 51.5679722 ], [ 0.0899019, 51.5679543 ], [ 0.0897816, 51.5679283 ], [ 0.0897992, 51.568307399999988 ], [ 0.0898153, 51.5683075 ], [ 0.0898321, 51.5686858 ], [ 0.0893096, 51.5687434 ], [ 0.08931, 51.5687487 ], [ 0.089269, 51.5687529 ], [ 0.0894129, 51.5695742 ], [ 0.089476, 51.5699594 ], [ 0.0895414, 51.570344 ], [ 0.0895389, 51.5703696 ], [ 0.0891456, 51.5703298 ], [ 0.0890792, 51.570324299999989 ], [ 0.0890266, 51.570003199999988 ], [ 0.0888464, 51.5686943 ], [ 0.0885879, 51.5671289 ], [ 0.0885538, 51.5669131 ], [ 0.0888854, 51.5668911 ], [ 0.0889834, 51.5668825 ], [ 0.0893997, 51.5668324 ], [ 0.0897958, 51.5667862 ], [ 0.0899279, 51.5671853 ], [ 0.0909144, 51.5670142 ], [ 0.090775, 51.5665857 ], [ 0.0908551, 51.5665455 ], [ 0.0909054, 51.5665191 ], [ 0.0909319, 51.5665052 ], [ 0.0910604, 51.566901599999987 ], [ 0.0916552, 51.5668283 ] ] ] } },
{ "type": "Feature", "properties": { "id": "4264165", "name": "Fitzroy Park allotments" }, "geometry": { "type": "Polygon", "coordinates": [ [ [ -0.1584101, 51.5684387 ], [ -0.1582697, 51.5682482 ], [ -0.1579446, 51.5680467 ], [ -0.1577922, 51.5681931 ], [ -0.1573168, 51.5685642 ], [ -0.1566803, 51.5689913 ], [ -0.1564707, 51.569133 ], [ -0.1563004, 51.5693322 ], [ -0.1572247, 51.5696801 ], [ -0.1577848, 51.569682 ], [ -0.1579797, 51.5695543 ], [ -0.1582821, 51.5693045 ], [ -0.1584004, 51.5690217 ], [ -0.1584841, 51.5688148 ], [ -0.1584602, 51.5685683 ], [ -0.1584101, 51.5684387 ] ] ] } },
{ "type": "Feature", "properties": { "id": "4268173", "name": "Brent Meadow Allotments" }, "geometry": { "type": "Polygon", "coordinates": [ [ [ -0.3451373, 51.5100586 ], [ -0.3455777, 51.5099547 ], [ -0.3453419, 51.5096245 ], [ -0.3449579, 51.5091032 ], [ -0.3445693, 51.5091859 ], [ -0.3451373, 51.5100586 ] ] ] } },
{ "type": "Feature", "properties": { "id": "4270083", "name": "Chigwell Road allotments" }, "geometry": { "type": "Polygon", "coordinates": [ [ [ 0.0347133, 51.5991558 ], [ 0.0344343, 51.5981961 ], [ 0.0374252, 51.5977963 ], [ 0.0395152, 51.5975141 ], [ 0.0397602, 51.5979731 ], [ 0.0400107, 51.5984377 ], [ 0.0347133, 51.5991558 ] ] ] } },
{ "type": "Feature", "properties": { "id": "4270107", "name": null }, "geometry": { "type": "Polygon", "coordinates": [ [ [ 0.1166931, 51.5875294 ], [ 0.1158348, 51.5874894 ], [ 0.1159421, 51.5867295 ], [ 0.1166931, 51.5867695 ], [ 0.1166931, 51.5875294 ] ] ] } },
{ "type": "Feature", "properties": { "id": "4270108", "name": "Hainault Road Allotments" }, "geometry": { "type": "Polygon", "coordinates": [ [ [ 0.1157253, 51.5853314 ], [ 0.1159627, 51.5848323 ], [ 0.1168204, 51.5849995 ], [ 0.1175023, 51.5851325 ], [ 0.1175667, 51.5859702 ], [ 0.1158958, 51.585863 ], [ 0.1159053, 51.5854808 ], [ 0.1157253, 51.5853314 ] ] ] } },
{ "type": "Feature", "properties": { "id": "4278559", "name": null }, "geometry": { "type": "Polygon", "coordinates": [ [ [ 0.1665393, 51.6010593 ], [ 0.1672474, 51.6011259 ], [ 0.1671616, 51.6017124 ], [ 0.1654784, 51.6013145 ], [ 0.165634, 51.6006449 ], [ 0.1666037, 51.6007394 ], [ 0.1665393, 51.6010593 ] ] ] } },
{ "type": "Feature", "properties": { "id": "4278560", "name": null }, "geometry": { "type": "Polygon", "coordinates": [ [ [ 0.178329, 51.60721 ], [ 0.1782252, 51.608084399999989 ], [ 0.1774183, 51.6080693 ], [ 0.1774871, 51.6070955 ], [ 0.178329, 51.60721 ] ] ] } },
{ "type": "Feature", "properties": { "id": "4278561", "name": null }, "geometry": { "type": "Polygon", "coordinates": [ [ [ 0.1694146, 51.610468 ], [ 0.1676122, 51.610388 ], [ 0.1677902, 51.6094667 ], [ 0.1678053, 51.6093886 ], [ 0.1696077, 51.6095352 ], [ 0.1694146, 51.610468 ] ] ] } },
{ "type": "Feature", "properties": { "id": "4289534", "name": null }, "geometry": { "type": "Polygon", "coordinates": [ [ [ 0.2005497, 51.600528 ], [ 0.2007428, 51.5999016 ], [ 0.2014505, 51.59978 ], [ 0.2017618, 51.5997265 ], [ 0.20228, 51.5996402 ], [ 0.2024598, 51.5999199 ], [ 0.2025717, 51.6000744 ], [ 0.2027247, 51.6002736 ], [ 0.2025591, 51.6003153 ], [ 0.2027045, 51.6005403 ], [ 0.2029785, 51.6004695 ], [ 0.2029988, 51.6005007 ], [ 0.2030703, 51.600582 ], [ 0.2031671, 51.6007032 ], [ 0.2032607, 51.6006767 ], [ 0.2034975, 51.6009918 ], [ 0.2005497, 51.600528 ] ] ] } },
{ "type": "Feature", "properties": { "id": "4289861", "name": "Romford Smallholders Society" }, "geometry": { "type": "Polygon", "coordinates": [ [ [ 0.1614753, 51.5789178 ], [ 0.1614109, 51.5783177 ], [ 0.1628485, 51.5781044 ], [ 0.1626614, 51.5763775 ], [ 0.1637338, 51.5763661 ], [ 0.1638115, 51.5762279 ], [ 0.1647254, 51.5764072 ], [ 0.1649205, 51.5764453 ], [ 0.1649207, 51.57665 ], [ 0.1649299, 51.5767975 ], [ 0.1649502, 51.5772872 ], [ 0.165751, 51.5774504 ], [ 0.1656337, 51.5775428 ], [ 0.1650768, 51.5779816 ], [ 0.1649879, 51.5786769 ], [ 0.1644409, 51.5787195 ], [ 0.1614753, 51.5789178 ] ] ] } },
{ "type": "Feature", "properties": { "id": "4358860", "name": "Spencer Road Allotments" }, "geometry": { "type": "Polygon", "coordinates": [ [ [ -0.1631311, 51.3841532 ], [ -0.1633089, 51.3838203 ], [ -0.1630925, 51.3833975 ], [ -0.1630126, 51.383284 ], [ -0.1616033, 51.3834429 ], [ -0.161919, 51.3842953 ], [ -0.1631311, 51.3841532 ] ] ] } },
{ "type": "Feature", "properties": { "id": "4364818", "name": "Child's Hill Allotments" }, "geometry": { "type": "Polygon", "coordinates": [ [ [ -0.2021942, 51.5649544 ], [ -0.2027522, 51.5655947 ], [ -0.2044056, 51.5672889 ], [ -0.2055214, 51.566682 ], [ -0.2042607, 51.5643535 ], [ -0.2027054, 51.5648039 ], [ -0.2021942, 51.5649544 ] ] ] } },
{ "type": "Feature", "properties": { "id": "4377804", "name": "Highgate Allotments" }, "geometry": { "type": "Polygon", "coordinates": [ [ [ -0.1558983, 51.5778657 ], [ -0.1559859, 51.5779344 ], [ -0.1573886, 51.5796276 ], [ -0.1580355, 51.5787645 ], [ -0.1581312, 51.5786368 ], [ -0.1590069, 51.5774684 ], [ -0.1578994, 51.5768872 ], [ -0.1558983, 51.5778657 ] ] ] } },
{ "type": "Feature", "properties": { "id": "4384246", "name": "King George's Park Allotment Site" }, "geometry": { "type": "Polygon", "coordinates": [ [ [ -0.195385, 51.4445389 ], [ -0.1954777, 51.4449689 ], [ -0.1963678, 51.444885 ], [ -0.1962536, 51.4444153 ], [ -0.196294, 51.4444117 ], [ -0.1962893, 51.4443975 ], [ -0.1962979, 51.4443963 ], [ -0.1960778, 51.4439613 ], [ -0.1955499, 51.4441401 ], [ -0.1956692, 51.4444849 ], [ -0.195385, 51.4445389 ] ] ] } },
{ "type": "Feature", "properties": { "id": "4384278", "name": null }, "geometry": { "type": "Polygon", "coordinates": [ [ [ -0.1887874, 51.4374948 ], [ -0.1882511, 51.4375241 ], [ -0.188368, 51.4376699 ], [ -0.1884195, 51.437837599999988 ], [ -0.1885019, 51.4380847 ], [ -0.1885549, 51.4381881 ], [ -0.1887522, 51.4386857 ], [ -0.1888689, 51.4388294 ], [ -0.1890513, 51.4388439 ], [ -0.1890829, 51.4386175 ], [ -0.1891537, 51.438114299999988 ], [ -0.1892245, 51.4378466 ], [ -0.1891025, 51.4378407 ], [ -0.1887787, 51.4378264 ], [ -0.1887913, 51.4377831 ], [ -0.1888503, 51.4375847 ], [ -0.1887631, 51.4375741 ], [ -0.1887874, 51.4374948 ] ] ] } },
{ "type": "Feature", "properties": { "id": "4402129", "name": "Sketty Road Allotments" }, "geometry": { "type": "Polygon", "coordinates": [ [ [ -0.0694568, 51.6541407 ], [ -0.069636, 51.6537196 ], [ -0.0696052, 51.6537164 ], [ -0.0694144, 51.6536965 ], [ -0.0692398, 51.6536213 ], [ -0.0691783, 51.6535222 ], [ -0.0692005, 51.6532732 ], [ -0.0693104, 51.6530264 ], [ -0.0694118, 51.6528026 ], [ -0.0694097, 51.6526427 ], [ -0.0685532, 51.6524313 ], [ -0.068088, 51.653215 ], [ -0.0676069, 51.654030299999988 ], [ -0.0676564, 51.6542878 ], [ -0.0693007, 51.6547967 ], [ -0.0693322, 51.6548065 ], [ -0.0695841, 51.6544982 ], [ -0.0696081, 51.654449 ], [ -0.0695927, 51.6544113 ], [ -0.0694575, 51.6542828 ], [ -0.0694456, 51.6542053 ], [ -0.0694568, 51.6541407 ] ] ] } },
{ "type": "Feature", "properties": { "id": "4402488", "name": "Falcon Fields allotments" }, "geometry": { "type": "Polygon", "coordinates": [ [ [ -0.0397502, 51.6389366 ], [ -0.0392905, 51.6398971 ], [ -0.0391432, 51.6405827 ], [ -0.0400981, 51.6408557 ], [ -0.0413533, 51.6411886 ], [ -0.0411817, 51.6416147 ], [ -0.0424691, 51.6418877 ], [ -0.0431987, 51.6408557 ], [ -0.0437525, 51.6396408 ], [ -0.0419863, 51.639311 ], [ -0.0397502, 51.6389366 ] ] ] } },
{ "type": "Feature", "properties": { "id": "4402553", "name": "Alma Road allotments" }, "geometry": { "type": "Polygon", "coordinates": [ [ [ -0.0340613, 51.6495001 ], [ -0.0337014, 51.6484526 ], [ -0.0337951, 51.6484399 ], [ -0.0334205, 51.6473816 ], [ -0.0333841, 51.647395 ], [ -0.0332297, 51.647452 ], [ -0.0331048, 51.6474812 ], [ -0.0330018, 51.6474995 ], [ -0.0329406, 51.6475096 ], [ -0.0327825, 51.6478562 ], [ -0.0327608, 51.6479039 ], [ -0.0325306, 51.6486309 ], [ -0.0322126, 51.6495881 ], [ -0.0321689, 51.6497317 ], [ -0.0320082, 51.6503003 ], [ -0.0335808, 51.6504885 ], [ -0.0336793, 51.6501754 ], [ -0.0344431, 51.6502589 ], [ -0.034166, 51.6494857 ], [ -0.0340613, 51.6495001 ] ] ] } },
{ "type": "Feature", "properties": { "id": "4409770", "name": null }, "geometry": { "type": "Polygon", "coordinates": [ [ [ -0.0569423, 51.637926 ], [ -0.0538846, 51.6375864 ], [ -0.0508913, 51.6372468 ], [ -0.0492819, 51.6386917 ], [ -0.0530371, 51.6390186 ], [ -0.0565561, 51.6392977 ], [ -0.0569423, 51.637926 ] ] ] } },
{ "type": "Feature", "properties": { "id": "4426644", "name": "Lawrence Street Allotments" }, "geometry": { "type": "Polygon", "coordinates": [ [ [ -0.2401007, 51.6251833 ], [ -0.2410019, 51.6244506 ], [ -0.2394998, 51.6233849 ], [ -0.2384913, 51.6241842 ], [ -0.2401007, 51.6251833 ] ] ] } },
{ "type": "Feature", "properties": { "id": "4442150", "name": "Tanners Hall allotments" }, "geometry": { "type": "Polygon", "coordinates": [ [ [ -0.0802242, 51.6152715 ], [ -0.0792047, 51.614952 ], [ -0.0780996, 51.6146255 ], [ -0.0772346, 51.6144923 ], [ -0.0772198, 51.6146655 ], [ -0.0772051, 51.6150295 ], [ -0.0772158, 51.6154358 ], [ -0.0774666, 51.6154583 ], [ -0.0775488, 51.6153873 ], [ -0.0776886, 51.615352799999989 ], [ -0.0779226, 51.6153479 ], [ -0.078218, 51.6154141 ], [ -0.0784081, 51.615499 ], [ -0.0787139, 51.6155792 ], [ -0.0791135, 51.615585 ], [ -0.079524, 51.6155125 ], [ -0.0800175, 51.6154842 ], [ -0.0802242, 51.6152715 ] ] ] } },
{ "type": "Feature", "properties": { "id": "4443298", "name": "Aylands allotments" }, "geometry": { "type": "Polygon", "coordinates": [ [ [ -0.0418115, 51.6765195 ], [ -0.0418746, 51.6768689 ], [ -0.0419785, 51.6772081 ], [ -0.043779, 51.67717 ], [ -0.0451054, 51.6771604 ], [ -0.0451034, 51.6769257 ], [ -0.0452708, 51.676925499999989 ], [ -0.0452505, 51.6757216 ], [ -0.0454404, 51.6757274 ], [ -0.0454182, 51.6746119 ], [ -0.0450598, 51.6746152 ], [ -0.0445528, 51.6746253 ], [ -0.0445812, 51.6751434 ], [ -0.0441734, 51.6751429 ], [ -0.0441702, 51.6754748 ], [ -0.0437793, 51.675477 ], [ -0.043786, 51.6756694 ], [ -0.0420339, 51.6756553 ], [ -0.0419323, 51.675702199999989 ], [ -0.041704, 51.6757693 ], [ -0.0417459, 51.6761446 ], [ -0.0418115, 51.6765195 ] ] ] } },
{ "type": "Feature", "properties": { "id": "4711447", "name": "Honeybone allotments" }, "geometry": { "type": "Polygon", "coordinates": [ [ [ -0.0342794, 51.5768926 ], [ -0.0341358, 51.576782 ], [ -0.0340209, 51.576710299999988 ], [ -0.0339457, 51.5766654 ], [ -0.0338448, 51.5766228 ], [ -0.0337534, 51.576593 ], [ -0.0328035, 51.576946799999988 ], [ -0.0321244, 51.5771866 ], [ -0.031258, 51.5774394 ], [ -0.0316105, 51.5779389 ], [ -0.0324636, 51.5777144 ], [ -0.0334553, 51.5773071 ], [ -0.0337643, 51.5771843 ], [ -0.0337566, 51.5771768 ], [ -0.0339501, 51.577074499999988 ], [ -0.0339742, 51.5770504 ], [ -0.0341743, 51.576947 ], [ -0.0342585, 51.5769034 ], [ -0.0342794, 51.5768926 ] ] ] } },
{ "type": "Feature", "properties": { "id": "4773324", "name": "Markhole Allotments" }, "geometry": { "type": "Polygon", "coordinates": [ [ [ -0.3844476, 51.4201623 ], [ -0.3843999, 51.4197067 ], [ -0.3849753, 51.419226099999989 ], [ -0.3828259, 51.418235800000012 ], [ -0.3829337, 51.4185999 ], [ -0.3823879, 51.4186715 ], [ -0.3823566, 51.4187011 ], [ -0.3823634, 51.4187574 ], [ -0.3823334, 51.4187614 ], [ -0.3823104, 51.4187625 ], [ -0.3822529, 51.4186093 ], [ -0.3822419, 51.418582699999988 ], [ -0.3822064, 51.4185669 ], [ -0.3821553, 51.4185643 ], [ -0.3812345, 51.4187031 ], [ -0.3822654, 51.4203606 ], [ -0.3836735, 51.4201288 ], [ -0.3844476, 51.4201623 ] ] ] } },
{ "type": "Feature", "properties": { "id": "4799218", "name": "Harland Avenue Allotments" }, "geometry": { "type": "Polygon", "coordinates": [ [ [ 0.0865343, 51.4359846 ], [ 0.085185, 51.4361577 ], [ 0.0843065, 51.4362789 ], [ 0.0839352, 51.4363273 ], [ 0.0836455, 51.4363688 ], [ 0.0835781, 51.4364076 ], [ 0.082932, 51.4358764 ], [ 0.0830333, 51.4358639 ], [ 0.0833745, 51.4358547 ], [ 0.0841702, 51.435744 ], [ 0.084895, 51.4356506 ], [ 0.0854975, 51.4355783 ], [ 0.0859743, 51.4355194 ], [ 0.0866241, 51.435434 ], [ 0.0866391, 51.435432 ], [ 0.0874993, 51.4353287 ], [ 0.0880668, 51.4352521 ], [ 0.0884631, 51.4352038 ], [ 0.0889333, 51.4351465 ], [ 0.0897863, 51.4350351 ], [ 0.0898716, 51.4350247 ], [ 0.0901193, 51.4349928 ], [ 0.0903154, 51.4350105 ], [ 0.090391, 51.4350437 ], [ 0.0906635, 51.4351286 ], [ 0.0909409, 51.4352317 ], [ 0.0910622, 51.4354036 ], [ 0.0898543, 51.435565399999987 ], [ 0.0889986, 51.4356791 ], [ 0.088067, 51.4358029 ], [ 0.0874971, 51.4358698 ], [ 0.0865343, 51.4359846 ] ] ] } },
{ "type": "Feature", "properties": { "id": "4817154", "name": "Westfield Allotments" }, "geometry": { "type": "Polygon", "coordinates": [ [ [ -0.2534193, 51.4680094 ], [ -0.2520256, 51.4680303 ], [ -0.2508296, 51.4680155 ], [ -0.250881, 51.4680732 ], [ -0.2513691, 51.4686218 ], [ -0.251445, 51.4687069 ], [ -0.2532787, 51.4680591 ], [ -0.2534193, 51.4680094 ] ] ] } },
{ "type": "Feature", "properties": { "id": "4843260", "name": "Roxeth Allotment Site" }, "geometry": { "type": "Polygon", "coordinates": [ [ [ -0.3533971, 51.561293 ], [ -0.3534964, 51.5612097 ], [ -0.3536055, 51.5611499 ], [ -0.3538383, 51.5609854 ], [ -0.354454, 51.560419599999989 ], [ -0.3544386, 51.5604098 ], [ -0.3544216, 51.5603991 ], [ -0.3544657, 51.560366 ], [ -0.3540447, 51.5595558 ], [ -0.3534767, 51.5592656 ], [ -0.3524811, 51.5588174 ], [ -0.3515638, 51.5595421 ], [ -0.3512523, 51.5597923 ], [ -0.3515302, 51.5599997 ], [ -0.3512664, 51.5601925 ], [ -0.3524422, 51.5608353 ], [ -0.353363, 51.5612766 ], [ -0.3533971, 51.561293 ] ] ] } },
{ "type": "Feature", "properties": { "id": "4940321", "name": "Greenford Hall allotments" }, "geometry": { "type": "Polygon", "coordinates": [ [ [ -0.3474098, 51.5331779 ], [ -0.3476282, 51.5333169 ], [ -0.3478664, 51.5334112 ], [ -0.3479279, 51.5333381 ], [ -0.3480252, 51.5332226 ], [ -0.3478019, 51.533034 ], [ -0.3473602, 51.5324038 ], [ -0.347117, 51.5322251 ], [ -0.3469086, 51.5321953 ], [ -0.3465959, 51.5324733 ], [ -0.3474098, 51.5331779 ] ] ] } },
{ "type": "Feature", "properties": { "id": "4940450", "name": "High Lane allotments" }, "geometry": { "type": "Polygon", "coordinates": [ [ [ -0.3495377, 51.5208689 ], [ -0.3491919, 51.5209242 ], [ -0.3476176, 51.5211757 ], [ -0.3476176, 51.5212896 ], [ -0.3477687, 51.5214331 ], [ -0.349818, 51.521436599999987 ], [ -0.3497579, 51.5210199 ], [ -0.3495377, 51.5208689 ] ] ] } },
{ "type": "Feature", "properties": { "id": "4941125", "name": "Framfield Allotments" }, "geometry": { "type": "Polygon", "coordinates": [ [ [ -0.3320653, 51.5178566 ], [ -0.334288, 51.5175266 ], [ -0.3338319, 51.5162778 ], [ -0.3338065, 51.5162084 ], [ -0.3337006, 51.5159185 ], [ -0.3317919, 51.5162065 ], [ -0.3319328, 51.517552699999989 ], [ -0.3319494, 51.5175908 ], [ -0.3320653, 51.5178566 ] ] ] } },
{ "type": "Feature", "properties": { "id": "4941297", "name": null }, "geometry": { "type": "Polygon", "coordinates": [ [ [ -0.3187224, 51.441356 ], [ -0.3187066, 51.4413612 ], [ -0.3179399, 51.4416541 ], [ -0.3170672, 51.4419592 ], [ -0.316078, 51.4425131 ], [ -0.3161044, 51.4425553 ], [ -0.3163309, 51.4429177 ], [ -0.3176384, 51.4424355 ], [ -0.3191711, 51.4418705 ], [ -0.3187224, 51.441356 ] ] ] } },
{ "type": "Feature", "properties": { "id": "4951403", "name": "Brentham allotments" }, "geometry": { "type": "Polygon", "coordinates": [ [ [ -0.3020782, 51.530204 ], [ -0.3020886, 51.5302286 ], [ -0.3021344, 51.5304046 ], [ -0.3024861, 51.5309564 ], [ -0.3029964, 51.5309506 ], [ -0.3030063, 51.5309373 ], [ -0.3030383, 51.5308946 ], [ -0.3046828, 51.5309127 ], [ -0.3062443, 51.5306831 ], [ -0.3052879, 51.5289542 ], [ -0.3046441, 51.5291811 ], [ -0.3040648, 51.5293728 ], [ -0.3033391, 51.5297362 ], [ -0.302679, 51.5299428 ], [ -0.3020782, 51.530204 ] ] ] } },
{ "type": "Feature", "properties": { "id": "4951805", "name": "Jubilee Road allotments" }, "geometry": { "type": "Polygon", "coordinates": [ [ [ -0.3188741, 51.5421862 ], [ -0.3197019, 51.541636 ], [ -0.3186397, 51.5413627 ], [ -0.3177546, 51.5409915 ], [ -0.3178205, 51.5417723 ], [ -0.317924, 51.5423932 ], [ -0.3188741, 51.5421862 ] ] ] } },
{ "type": "Feature", "properties": { "id": "4958483", "name": "Eastfields Allotments" }, "geometry": { "type": "Polygon", "coordinates": [ [ [ -0.1552698, 51.4079803 ], [ -0.1557879, 51.4083387 ], [ -0.1564725, 51.4087609 ], [ -0.1565853, 51.408794 ], [ -0.1567339, 51.4088183 ], [ -0.1569503, 51.4088323 ], [ -0.1570693, 51.4088355 ], [ -0.1571776, 51.4088256 ], [ -0.1572762, 51.4088097 ], [ -0.1574526, 51.4087676 ], [ -0.1578509, 51.408677 ], [ -0.1580538, 51.4086288 ], [ -0.1581578, 51.4085996 ], [ -0.1578656, 51.4085088 ], [ -0.1570072, 51.4082293 ], [ -0.1556492, 51.4077916 ], [ -0.1552698, 51.4079803 ] ] ] } },
{ "type": "Feature", "properties": { "id": "5030953", "name": "Demesne Road Allotments" }, "geometry": { "type": "Polygon", "coordinates": [ [ [ -0.1371383, 51.3629837 ], [ -0.1369365, 51.3645664 ], [ -0.1374221, 51.3645333 ], [ -0.1385488, 51.3644715 ], [ -0.1399745, 51.3643103 ], [ -0.1400345, 51.3628417 ], [ -0.14007, 51.3624453 ], [ -0.1371383, 51.3629837 ] ] ] } },
{ "type": "Feature", "properties": { "id": "5035411", "name": "Sudbury Court Road allotments" }, "geometry": { "type": "Polygon", "coordinates": [ [ [ -0.3269034, 51.5625358 ], [ -0.3267608, 51.5622018 ], [ -0.3268364, 51.5621245 ], [ -0.3266837, 51.5620776 ], [ -0.3266689, 51.5620384 ], [ -0.3263108, 51.5619267 ], [ -0.3256989, 51.5619078 ], [ -0.3253264, 51.5618971 ], [ -0.3256081, 51.5628754 ], [ -0.3256644, 51.5628621 ], [ -0.3268262, 51.5625559 ], [ -0.3269034, 51.5625358 ] ] ] } },
{ "type": "Feature", "properties": { "id": "5038019", "name": "Bute Road Allotments" }, "geometry": { "type": "Polygon", "coordinates": [ [ [ -0.1484962, 51.3662714 ], [ -0.1470007, 51.3667402 ], [ -0.1470453, 51.3672506 ], [ -0.1491871, 51.3665681 ], [ -0.1490537, 51.3662167 ], [ -0.1484962, 51.3662714 ] ] ] } },
{ "type": "Feature", "properties": { "id": "5038025", "name": null }, "geometry": { "type": "Polygon", "coordinates": [ [ [ -0.1483373, 51.3684254 ], [ -0.1484436, 51.3687331 ], [ -0.1485236, 51.3687183 ], [ -0.1485802, 51.3687047 ], [ -0.1478947, 51.367003 ], [ -0.1470481, 51.3672703 ], [ -0.1470453, 51.3673362 ], [ -0.1474433, 51.3672856 ], [ -0.1479261, 51.3685022 ], [ -0.1483373, 51.3684254 ] ] ] } },
{ "type": "Feature", "properties": { "id": "5050144", "name": null }, "geometry": { "type": "Polygon", "coordinates": [ [ [ -0.1534697, 51.3656382 ], [ -0.1536808, 51.3659463 ], [ -0.153658, 51.3659885 ], [ -0.1537827, 51.3661428 ], [ -0.1542842, 51.3659529 ], [ -0.1542991, 51.3659057 ], [ -0.1542736, 51.3659034 ], [ -0.1541342, 51.3657405 ], [ -0.1539335, 51.3654588 ], [ -0.1534697, 51.3656382 ] ] ] } },
{ "type": "Feature", "properties": { "id": "5081761", "name": "Duke's Meadows Allotments" }, "geometry": { "type": "Polygon", "coordinates": [ [ [ -0.2566802, 51.4806826 ], [ -0.25677, 51.4807239 ], [ -0.2567768, 51.4807185 ], [ -0.2569258, 51.4805888 ], [ -0.2570356, 51.4804993 ], [ -0.2575673, 51.4807412 ], [ -0.2580903, 51.4803241 ], [ -0.2582174, 51.4802164 ], [ -0.2590317, 51.4795262 ], [ -0.2583168, 51.4792881 ], [ -0.2574638, 51.4790567 ], [ -0.2569132, 51.4789163 ], [ -0.2553049, 51.4802249 ], [ -0.2555518, 51.480411 ], [ -0.2558135, 51.4804843 ], [ -0.2562255, 51.4805802 ], [ -0.2562618, 51.4805884 ], [ -0.2564162, 51.4806232 ], [ -0.2566802, 51.4806826 ] ] ] } },
{ "type": "Feature", "properties": { "id": "5081764", "name": "Staveley Road and Burial Ground Allotments" }, "geometry": { "type": "Polygon", "coordinates": [ [ [ -0.261525, 51.4806549 ], [ -0.2626896, 51.4813263 ], [ -0.2628173, 51.4812399 ], [ -0.2628234, 51.4812256 ], [ -0.2627972, 51.4811592 ], [ -0.2629104, 51.4811396 ], [ -0.2631748, 51.4809655 ], [ -0.2635552, 51.4808659 ], [ -0.2635861, 51.4809166 ], [ -0.2643661, 51.4808525 ], [ -0.2636385, 51.4804122 ], [ -0.2639056, 51.4802359 ], [ -0.2643208, 51.4799602 ], [ -0.2643831, 51.4799182 ], [ -0.2644469, 51.4798765 ], [ -0.2644892, 51.4798484 ], [ -0.2645025, 51.479839399999989 ], [ -0.2650231, 51.4794877 ], [ -0.2640228, 51.4789165 ], [ -0.2620212, 51.4802589 ], [ -0.2614744, 51.4806256 ], [ -0.261525, 51.4806549 ] ] ] } },
{ "type": "Feature", "properties": { "id": "5107742", "name": "Forest Road allotments" }, "geometry": { "type": "Polygon", "coordinates": [ [ [ 0.0056191, 51.5918824 ], [ 0.0055251, 51.59191 ], [ 0.0054761, 51.5919397 ], [ 0.0054214, 51.5920425 ], [ 0.0045859, 51.5922181 ], [ 0.0045482, 51.5921796 ], [ 0.0044211, 51.5919953 ], [ 0.004423, 51.5919824 ], [ 0.0042946, 51.5917994 ], [ 0.0042803, 51.5917957 ], [ 0.0042961, 51.5917723 ], [ 0.0042092, 51.5915864 ], [ 0.0040848, 51.5912066 ], [ 0.0040318, 51.5908405 ], [ 0.004223, 51.5908024 ], [ 0.0053631, 51.5905901 ], [ 0.0063619, 51.590403 ], [ 0.0065371, 51.5903619 ], [ 0.0070802, 51.5915571 ], [ 0.0059172, 51.591791 ], [ 0.0059178, 51.591800299999989 ], [ 0.0058895, 51.5918064 ], [ 0.0056191, 51.5918824 ] ] ] } },
{ "type": "Feature", "properties": { "id": "5108568", "name": "Hale End Road allotments" }, "geometry": { "type": "Polygon", "coordinates": [ [ [ -0.0009981, 51.596421 ], [ -0.0009596, 51.5958186 ], [ -0.0009161, 51.5953468 ], [ 0.0006544, 51.5955996 ], [ 0.0015581, 51.5956803 ], [ 0.0016756, 51.5956908 ], [ 0.0016232, 51.5959774 ], [ 0.0012455, 51.5964359 ], [ 0.0010164, 51.5967293 ], [ 0.0008936, 51.5970117 ], [ 0.0007219, 51.5975076 ], [ -0.0010378, 51.5972629 ], [ -0.001015, 51.5967795 ], [ -0.0009981, 51.596421 ] ] ] } },
{ "type": "Feature", "properties": { "id": "5135744", "name": "Wandle Side Allotments" }, "geometry": { "type": "Polygon", "coordinates": [ [ [ -0.1539364, 51.3716921 ], [ -0.154046, 51.371713 ], [ -0.154073, 51.3716889 ], [ -0.154404, 51.3717739 ], [ -0.1548374, 51.3718573 ], [ -0.1549792, 51.3716871 ], [ -0.1549906, 51.3716495 ], [ -0.1549662, 51.3716098 ], [ -0.1549159, 51.3715809 ], [ -0.1541837, 51.3713143 ], [ -0.1541483, 51.3713493 ], [ -0.1539364, 51.3716921 ] ] ] } },
{ "type": "Feature", "properties": { "id": "5135816", "name": "Wandle Road Allotments" }, "geometry": { "type": "Polygon", "coordinates": [ [ [ -0.1540726, 51.3736652 ], [ -0.1542628, 51.3740369 ], [ -0.1557185, 51.3737347 ], [ -0.155925, 51.3741354 ], [ -0.156064, 51.3740016 ], [ -0.1558687, 51.3737465 ], [ -0.1558333, 51.3736839 ], [ -0.1556348, 51.3733383 ], [ -0.1540726, 51.3736652 ] ] ] } },
{ "type": "Feature", "properties": { "id": "5191469", "name": "Oldfield allotments" }, "geometry": { "type": "Polygon", "coordinates": [ [ [ -0.3572851, 51.5461062 ], [ -0.356936, 51.5459681 ], [ -0.3564563, 51.5457428 ], [ -0.3560569, 51.5458026 ], [ -0.3555881, 51.5459008 ], [ -0.3552246, 51.5461313 ], [ -0.3549603, 51.5463407 ], [ -0.3545784, 51.5461 ], [ -0.3538978, 51.5464859 ], [ -0.3546939, 51.5469532 ], [ -0.3550925, 51.5467038 ], [ -0.3555631, 51.547158 ], [ -0.3560446, 51.5470128 ], [ -0.3564219, 51.5469139 ], [ -0.3568124, 51.546829099999989 ], [ -0.35725, 51.5467459 ], [ -0.3574423, 51.5461689 ], [ -0.3572851, 51.5461062 ] ] ] } },
{ "type": "Feature", "properties": { "id": "5196648", "name": null }, "geometry": { "type": "Polygon", "coordinates": [ [ [ 0.1702157, 51.451168499999987 ], [ 0.170279, 51.4507108 ], [ 0.170303, 51.4505165 ], [ 0.1699139, 51.4504818 ], [ 0.1699368, 51.4503618 ], [ 0.1700314, 51.4498658 ], [ 0.1705504, 51.4499781 ], [ 0.1715487, 51.4501943 ], [ 0.171884, 51.4502745 ], [ 0.1716614, 51.450791 ], [ 0.1714401, 51.4514187 ], [ 0.1711826, 51.4513309 ], [ 0.1709151, 51.4512565 ], [ 0.1705776, 51.4511988 ], [ 0.1702157, 51.451168499999987 ] ] ] } },
{ "type": "Feature", "properties": { "id": "5198762", "name": "Camberwell Gardens Guild Allotments" }, "geometry": { "type": "Polygon", "coordinates": [ [ [ -0.0826592, 51.4663483 ], [ -0.0823435, 51.4664418 ], [ -0.0823803, 51.4664899 ], [ -0.0821197, 51.4665671 ], [ -0.0820647, 51.4665033 ], [ -0.0817041, 51.4666256 ], [ -0.0818778, 51.4668028 ], [ -0.0819348, 51.4667858 ], [ -0.0820398, 51.4668829 ], [ -0.0821017, 51.466941 ], [ -0.0821065, 51.4669456 ], [ -0.0824031, 51.4668497 ], [ -0.082366, 51.4667902 ], [ -0.0824684, 51.4667603 ], [ -0.0825146, 51.466811 ], [ -0.0829055, 51.4666697 ], [ -0.0826592, 51.4663483 ] ] ] } },
{ "type": "Feature", "properties": { "id": "5228112", "name": "Cottenham Park Allotments" }, "geometry": { "type": "Polygon", "coordinates": [ [ [ -0.244448, 51.4141701 ], [ -0.2441913, 51.4135214 ], [ -0.2440414, 51.4131427 ], [ -0.2437441, 51.4132195 ], [ -0.2428338, 51.4134544 ], [ -0.242584, 51.4128289 ], [ -0.242462, 51.4125093 ], [ -0.2423946, 51.4123709 ], [ -0.2423462, 51.4123784 ], [ -0.2420158, 51.4124871 ], [ -0.2415745, 51.4126109 ], [ -0.241093, 51.4127311 ], [ -0.2406958, 51.4128182 ], [ -0.2408251, 51.4131823 ], [ -0.241447, 51.4149341 ], [ -0.242243, 51.4147619 ], [ -0.2422719, 51.4147556 ], [ -0.2423057, 51.4147483 ], [ -0.2426028, 51.4146771 ], [ -0.2430661, 51.4145622 ], [ -0.2438097, 51.4143501 ], [ -0.244448, 51.4141701 ] ] ] } },
{ "type": "Feature", "properties": { "id": "5246794", "name": "The Paddock Allotments" }, "geometry": { "type": "Polygon", "coordinates": [ [ [ -0.2247769, 51.401512800000013 ], [ -0.2246345, 51.401413 ], [ -0.2226386, 51.400017 ], [ -0.2217959, 51.400809599999988 ], [ -0.2233675, 51.4020713 ], [ -0.2239477, 51.4018708 ], [ -0.2240214, 51.4018315 ], [ -0.224572, 51.4016194 ], [ -0.2246321, 51.4016065 ], [ -0.2247769, 51.401512800000013 ] ] ] } },
{ "type": "Feature", "properties": { "id": "5248819", "name": "Higham Hill Common allotments" }, "geometry": { "type": "Polygon", "coordinates": [ [ [ -0.0285058, 51.5950472 ], [ -0.0316789, 51.594372 ], [ -0.0313421, 51.5938712 ], [ -0.0313162, 51.5938287 ], [ -0.0318312, 51.5937154 ], [ -0.0307557, 51.5925643 ], [ -0.0293032, 51.5933451 ], [ -0.0285807, 51.5936206 ], [ -0.0282202, 51.5940365 ], [ -0.0281156, 51.5942566 ], [ -0.0281258, 51.5944894 ], [ -0.028409, 51.5950091 ], [ -0.0285058, 51.5950472 ] ] ] } },
{ "type": "Feature", "properties": { "id": "5248868", "name": "Trencherfield allotments" }, "geometry": { "type": "Polygon", "coordinates": [ [ [ -0.0349887, 51.5953775 ], [ -0.0372753, 51.5950832 ], [ -0.037077, 51.5946608 ], [ -0.036866, 51.5942111 ], [ -0.0348195, 51.5944737 ], [ -0.0349048, 51.5949294 ], [ -0.0349887, 51.5953775 ] ] ] } },
{ "type": "Feature", "properties": { "id": "5261049", "name": "Westmead Road Allotments" }, "geometry": { "type": "Polygon", "coordinates": [ [ [ -0.1715468, 51.3684681 ], [ -0.1713744, 51.3683889 ], [ -0.1713519, 51.3683211 ], [ -0.1713665, 51.368239 ], [ -0.1721491, 51.367703399999989 ], [ -0.1718686, 51.3674254 ], [ -0.1714253, 51.3677217 ], [ -0.1709925, 51.3679811 ], [ -0.1703048, 51.3683569 ], [ -0.1709749, 51.368909 ], [ -0.1710291, 51.3689525 ], [ -0.1711064, 51.368954599999988 ], [ -0.1731097, 51.3693395 ], [ -0.1730865, 51.3693652 ], [ -0.1728492, 51.3698102 ], [ -0.1725742, 51.3703258 ], [ -0.1734691, 51.3705001 ], [ -0.1736304, 51.3706787 ], [ -0.1738048, 51.3708243 ], [ -0.1739178, 51.3708133 ], [ -0.1739632, 51.370807 ], [ -0.1740224, 51.3699311 ], [ -0.174658, 51.368847599999988 ], [ -0.1715468, 51.3684681 ] ] ] } },
{ "type": "Feature", "properties": { "id": "5982690", "name": "Fulham Palace Meadows Allotments" }, "geometry": { "type": "Polygon", "coordinates": [ [ [ -0.2148601, 51.4707937 ], [ -0.2141903, 51.4705815 ], [ -0.2135641, 51.4702751 ], [ -0.2122737, 51.4697917 ], [ -0.2121521, 51.4697386 ], [ -0.2114389, 51.4702749 ], [ -0.2117039, 51.470705 ], [ -0.2113371, 51.4707831 ], [ -0.2118967, 51.4716228 ], [ -0.2125905, 51.4714815 ], [ -0.2127957, 51.4723427 ], [ -0.213067, 51.4726379 ], [ -0.214077, 51.4723469 ], [ -0.2146161, 51.4721916 ], [ -0.2150024, 51.4727156 ], [ -0.2152041, 51.4725668 ], [ -0.2155842, 51.472291 ], [ -0.2160563, 51.47191 ], [ -0.2162584, 51.4717507 ], [ -0.2160446, 51.4716812 ], [ -0.2158386, 51.4714567 ], [ -0.2148601, 51.4707937 ] ] ] } },
{ "type": "Feature", "properties": { "id": "6056707", "name": "Halliwick Park Allotments" }, "geometry": { "type": "Polygon", "coordinates": [ [ [ -0.1538536, 51.6034821 ], [ -0.1536638, 51.6036764 ], [ -0.1536718, 51.6037069 ], [ -0.1536577, 51.6037191 ], [ -0.1536437, 51.6037312 ], [ -0.1535954, 51.6037361 ], [ -0.1532882, 51.6039956 ], [ -0.1529315, 51.6042895 ], [ -0.1524146, 51.6046096 ], [ -0.1517001, 51.6049795 ], [ -0.1518613, 51.6051703 ], [ -0.1527007, 51.6047864 ], [ -0.1530006, 51.6049307 ], [ -0.1539244, 51.605717 ], [ -0.1547839, 51.6056063 ], [ -0.1549807, 51.6055949 ], [ -0.1549827, 51.6055353 ], [ -0.1555292, 51.6054946 ], [ -0.1556751, 51.605412799999989 ], [ -0.1558843, 51.6054302 ], [ -0.1560747, 51.6052045 ], [ -0.1558423, 51.6050074 ], [ -0.1552944, 51.604737799999988 ], [ -0.1545905, 51.604267799999988 ], [ -0.1545981, 51.6041071 ], [ -0.1541736, 51.6036081 ], [ -0.1538536, 51.6034821 ] ] ] } },
{ "type": "Feature", "properties": { "id": "6117284", "name": "Vale Farm Allotments" }, "geometry": { "type": "Polygon", "coordinates": [ [ [ -0.1773942, 51.5983959 ], [ -0.1771897, 51.5982456 ], [ -0.1771189, 51.5981935 ], [ -0.1761882, 51.5984685 ], [ -0.1761661, 51.5984857 ], [ -0.1761415, 51.598503 ], [ -0.176109, 51.5991575 ], [ -0.1761025, 51.5992882 ], [ -0.1762894, 51.5992475 ], [ -0.1773942, 51.5983959 ] ] ] } },
{ "type": "Feature", "properties": { "id": "6960644", "name": "Alric Avenue Allotments" }, "geometry": { "type": "Polygon", "coordinates": [ [ [ -0.2502709, 51.4065502 ], [ -0.2505515, 51.4073891 ], [ -0.251061, 51.4086919 ], [ -0.2521926, 51.408261 ], [ -0.2522943, 51.4082222 ], [ -0.2535285, 51.4077522 ], [ -0.2529932, 51.4061654 ], [ -0.2524865, 51.406237 ], [ -0.2524344, 51.4062444 ], [ -0.2502709, 51.4065502 ] ] ] } },
{ "type": "Feature", "properties": { "id": "7663587", "name": "Creighton Road Allotments" }, "geometry": { "type": "Polygon", "coordinates": [ [ [ -0.0780943, 51.604751099999987 ], [ -0.0778663, 51.6044131 ], [ -0.0770766, 51.6044169 ], [ -0.0768669, 51.6039302 ], [ -0.0735615, 51.604428 ], [ -0.0735664, 51.6044851 ], [ -0.0732277, 51.6046392 ], [ -0.0748242, 51.604772399999987 ], [ -0.0780943, 51.604751099999987 ] ] ] } },
{ "type": "Feature", "properties": { "id": "7741842", "name": null }, "geometry": { "type": "Polygon", "coordinates": [ [ [ -0.1657149, 51.6065469 ], [ -0.1653324, 51.6061044 ], [ -0.1646578, 51.6054928 ], [ -0.1641845, 51.6054762 ], [ -0.1628798, 51.6059091 ], [ -0.1626344, 51.6059844 ], [ -0.1630376, 51.606469 ], [ -0.163595, 51.6071078 ], [ -0.1648284, 51.6066808 ], [ -0.1649999, 51.6068258 ], [ -0.1652807, 51.6068754 ], [ -0.1658273, 51.6066429 ], [ -0.1659138, 51.6067611 ], [ -0.1661666, 51.606675 ], [ -0.1659872, 51.6064764 ], [ -0.1657149, 51.6065469 ] ] ] } },
{ "type": "Feature", "properties": { "id": "7975124", "name": null }, "geometry": { "type": "Polygon", "coordinates": [ [ [ -0.3564944, 51.4650898 ], [ -0.3552427, 51.465688099999987 ], [ -0.3552397, 51.4658588 ], [ -0.3552217, 51.4661761 ], [ -0.3572326, 51.4660798 ], [ -0.3564944, 51.4650898 ] ] ] } },
{ "type": "Feature", "properties": { "id": "7979438", "name": "Millwood Road Allotments" }, "geometry": { "type": "Polygon", "coordinates": [ [ [ 0.117355, 51.3980063 ], [ 0.1173299, 51.3973392 ], [ 0.119505, 51.3971406 ], [ 0.1197069, 51.3978298 ], [ 0.117355, 51.3980063 ] ] ] } },
{ "type": "Feature", "properties": { "id": "7995016", "name": "Lower road allotments" }, "geometry": { "type": "Polygon", "coordinates": [ [ [ 0.108857, 51.3849276 ], [ 0.1097364, 51.3845727 ], [ 0.1099388, 51.3847629 ], [ 0.1105481, 51.3853939 ], [ 0.1114535, 51.3863223 ], [ 0.111178, 51.3865463 ], [ 0.111071, 51.3866003 ], [ 0.1106854, 51.3868234 ], [ 0.1103696, 51.3866039 ], [ 0.1101501, 51.3863911 ], [ 0.1089543, 51.3852323 ], [ 0.108857, 51.3849276 ] ] ] } },
{ "type": "Feature", "properties": { "id": "8010072", "name": "Whetstone Stray Allotments" }, "geometry": { "type": "Polygon", "coordinates": [ [ [ -0.1803793, 51.6272162 ], [ -0.1809044, 51.6273507 ], [ -0.1811462, 51.6269992 ], [ -0.1812653, 51.6268261 ], [ -0.1814489, 51.6265592 ], [ -0.1816554, 51.626603 ], [ -0.18184, 51.6266421 ], [ -0.1820524, 51.6262333 ], [ -0.1821833, 51.6259814 ], [ -0.1825438, 51.6260453 ], [ -0.1826983, 51.6258961 ], [ -0.1828099, 51.6258908 ], [ -0.1829386, 51.625619 ], [ -0.1826811, 51.6255658 ], [ -0.1828769, 51.6253315 ], [ -0.1832734, 51.6248571 ], [ -0.1840802, 51.62458 ], [ -0.1843314, 51.6241297 ], [ -0.1845412, 51.6237537 ], [ -0.1845918, 51.623663 ], [ -0.1840197, 51.6235395 ], [ -0.18309, 51.623318 ], [ -0.1828147, 51.6233198 ], [ -0.1827156, 51.623305 ], [ -0.1825086, 51.6236424 ], [ -0.1821283, 51.6242623 ], [ -0.1814665, 51.6254134 ], [ -0.1810593, 51.6260888 ], [ -0.1808319, 51.6264659 ], [ -0.1806816, 51.6267107 ], [ -0.18049, 51.6270311 ], [ -0.1804469, 51.6271031 ], [ -0.1803793, 51.6272162 ] ] ] } },
{ "type": "Feature", "properties": { "id": "8038069", "name": "Alexandra Palace Allotments" }, "geometry": { "type": "Polygon", "coordinates": [ [ [ -0.1334785, 51.5907049 ], [ -0.1343059, 51.5909276 ], [ -0.1337593, 51.5919304 ], [ -0.1338173, 51.591940799999989 ], [ -0.1341639, 51.5920029 ], [ -0.1347188, 51.59101 ], [ -0.1350976, 51.5903324 ], [ -0.1346845, 51.5902157 ], [ -0.134696, 51.5900818 ], [ -0.1348562, 51.5900502 ], [ -0.1349824, 51.5899617 ], [ -0.1349688, 51.5895525 ], [ -0.1348562, 51.5890692 ], [ -0.1346651, 51.588829 ], [ -0.1340033, 51.588546 ], [ -0.1337297, 51.5883226 ], [ -0.1336573, 51.5882838 ], [ -0.1336562, 51.588362 ], [ -0.1336562, 51.5884388 ], [ -0.1336557, 51.5892671 ], [ -0.133657, 51.5896783 ], [ -0.1336627, 51.5899351 ], [ -0.1336754, 51.5901606 ], [ -0.1336657, 51.5903696 ], [ -0.1336123, 51.5904961 ], [ -0.1334785, 51.5907049 ] ] ] } },
{ "type": "Feature", "properties": { "id": "8069373", "name": "Hatley Close Allotments" }, "geometry": { "type": "Polygon", "coordinates": [ [ [ -0.1585218, 51.6175303 ], [ -0.1580946, 51.6163615 ], [ -0.1565248, 51.6167389 ], [ -0.1557908, 51.6171432 ], [ -0.1557711, 51.6172008 ], [ -0.1555397, 51.6177692 ], [ -0.1575648, 51.6176001 ], [ -0.1585218, 51.6175303 ] ] ] } },
{ "type": "Feature", "properties": { "id": "8069378", "name": "Crescent Road Allotments" }, "geometry": { "type": "Polygon", "coordinates": [ [ [ -0.1531746, 51.6189934 ], [ -0.1536373, 51.6179921 ], [ -0.153403, 51.6179555 ], [ -0.153221, 51.6177227 ], [ -0.1529829, 51.6175572 ], [ -0.1536241, 51.6171631 ], [ -0.1539566, 51.6172789 ], [ -0.1541267, 51.6170199 ], [ -0.153873, 51.6169511 ], [ -0.1538277, 51.6169247 ], [ -0.1537209, 51.6168624 ], [ -0.1536549, 51.6169053 ], [ -0.1533627, 51.6170952 ], [ -0.1530222, 51.616852 ], [ -0.1513822, 51.6176457 ], [ -0.1509055, 51.6177853 ], [ -0.1488851, 51.6183771 ], [ -0.1496276, 51.6188561 ], [ -0.1512885, 51.6183874 ], [ -0.1520213, 51.618875 ], [ -0.1520403, 51.6188769 ], [ -0.1531746, 51.6189934 ] ] ] } },
{ "type": "Feature", "properties": { "id": "8116461", "name": null }, "geometry": { "type": "Polygon", "coordinates": [ [ [ -0.3774806, 51.4842439 ], [ -0.3765579, 51.4834523 ], [ -0.3763561, 51.4831787 ], [ -0.3747383, 51.4838044 ], [ -0.3754995, 51.4848651 ], [ -0.3760888, 51.4846913 ], [ -0.3765536, 51.4846317 ], [ -0.377538, 51.4843314 ], [ -0.3774806, 51.4842439 ] ] ] } },
{ "type": "Feature", "properties": { "id": "8385134", "name": "Station Road Allotments" }, "geometry": { "type": "Polygon", "coordinates": [ [ [ -0.4238684, 51.4966853 ], [ -0.4218782, 51.4960775 ], [ -0.4214223, 51.4966452 ], [ -0.423391, 51.4972631 ], [ -0.4254563, 51.4979343 ], [ -0.4259123, 51.4973933 ], [ -0.4238684, 51.4966853 ] ] ] } },
{ "type": "Feature", "properties": { "id": "8599052", "name": "Kent House Leisure Gardens" }, "geometry": { "type": "Polygon", "coordinates": [ [ [ -0.0409404, 51.4220162 ], [ -0.0408202, 51.4220483 ], [ -0.0402833, 51.4227758 ], [ -0.0392988, 51.4241385 ], [ -0.0404818, 51.4242884 ], [ -0.041081, 51.4242067 ], [ -0.0416785, 51.4238145 ], [ -0.0415841, 51.4236218 ], [ -0.0419617, 51.4235094 ], [ -0.0417072, 51.4231374 ], [ -0.0409404, 51.4220162 ] ] ] } },
{ "type": "Feature", "properties": { "id": "8610068", "name": "West Harrow Large Site" }, "geometry": { "type": "Polygon", "coordinates": [ [ [ -0.3612406, 51.579631 ], [ -0.3611508, 51.5794567 ], [ -0.3613709, 51.5792992 ], [ -0.3609866, 51.5788696 ], [ -0.3608688, 51.5788776 ], [ -0.3596734, 51.5787629 ], [ -0.3597507, 51.578410899999987 ], [ -0.3588867, 51.5783211 ], [ -0.3572358, 51.5781495 ], [ -0.3556455, 51.5788388 ], [ -0.3549595, 51.5791473 ], [ -0.353776, 51.5796097 ], [ -0.3537999, 51.5796275 ], [ -0.3538253, 51.5796544 ], [ -0.355339, 51.579959599999988 ], [ -0.3559117, 51.5789731 ], [ -0.3575649, 51.5792445 ], [ -0.3612406, 51.579631 ] ] ] } },
{ "type": "Feature", "properties": { "id": "8613904", "name": "Stanley Road Allotments" }, "geometry": { "type": "Polygon", "coordinates": [ [ [ -0.163228, 51.351639299999988 ], [ -0.1633346, 51.3526348 ], [ -0.1633374, 51.3526662 ], [ -0.1649811, 51.3525837 ], [ -0.164965, 51.3524635 ], [ -0.1651611, 51.3524537 ], [ -0.1651474, 51.352336 ], [ -0.1657924, 51.3523103 ], [ -0.1656154, 51.3504752 ], [ -0.1642891, 51.3505117 ], [ -0.1631169, 51.3505612 ], [ -0.163228, 51.351639299999988 ] ] ] } },
{ "type": "Feature", "properties": { "id": "8884822", "name": "Rosendale allotments" }, "geometry": { "type": "Polygon", "coordinates": [ [ [ -0.1001016, 51.4410196 ], [ -0.0996725, 51.4411587 ], [ -0.0993549, 51.4413513 ], [ -0.0990916, 51.4415448 ], [ -0.0987283, 51.44179 ], [ -0.0984708, 51.4421913 ], [ -0.0984108, 51.442432 ], [ -0.0983593, 51.442753 ], [ -0.0983335, 51.4430205 ], [ -0.098385, 51.4433147 ], [ -0.0985309, 51.4436731 ], [ -0.0986768, 51.4439834 ], [ -0.098797, 51.4442188 ], [ -0.0989801, 51.4446209 ], [ -0.0990068, 51.4446748 ], [ -0.0990293, 51.4447197 ], [ -0.0990523, 51.4447656 ], [ -0.0990735, 51.4448081 ], [ -0.099097, 51.444855 ], [ -0.0991179, 51.4448967 ], [ -0.0991411, 51.4449431 ], [ -0.0991626, 51.4449861 ], [ -0.0991896, 51.4450397 ], [ -0.0992173, 51.445034199999988 ], [ -0.099262, 51.4450254 ], [ -0.0993115, 51.4450156 ], [ -0.0993553, 51.4450069 ], [ -0.0993985, 51.4449984 ], [ -0.0994432, 51.4449896 ], [ -0.0994893, 51.4449805 ], [ -0.0995245, 51.4449736 ], [ -0.0995594, 51.4449667 ], [ -0.0995928, 51.4449602 ], [ -0.0998445, 51.4449101 ], [ -0.0999327, 51.4448923 ], [ -0.100428, 51.4447926 ], [ -0.1007218, 51.4447623 ], [ -0.1011857, 51.4446792 ], [ -0.1019582, 51.4445669 ], [ -0.1002845, 51.4409611 ], [ -0.1001016, 51.4410196 ] ] ] } },
{ "type": "Feature", "properties": { "id": "8902787", "name": "Headstone" }, "geometry": { "type": "Polygon", "coordinates": [ [ [ -0.356163, 51.5913286 ], [ -0.3552722, 51.5909234 ], [ -0.3523881, 51.5921968 ], [ -0.3517424, 51.5924815 ], [ -0.3517829, 51.5925352 ], [ -0.3524785, 51.592259 ], [ -0.3532729, 51.5928185 ], [ -0.354992, 51.592122 ], [ -0.355268, 51.5919491 ], [ -0.3554021, 51.5918174 ], [ -0.3556411, 51.5916529 ], [ -0.356163, 51.5913286 ] ] ] } },
{ "type": "Feature", "properties": { "id": "8902917", "name": "Melbourne Avenue" }, "geometry": { "type": "Polygon", "coordinates": [ [ [ -0.3603868, 51.5967344 ], [ -0.3606961, 51.5977816 ], [ -0.3614175, 51.5977207 ], [ -0.3618338, 51.5972227 ], [ -0.3607394, 51.5967823 ], [ -0.3603868, 51.5967344 ] ] ] } },
{ "type": "Feature", "properties": { "id": "8916681", "name": "Lime Trees 1 allotments" }, "geometry": { "type": "Polygon", "coordinates": [ [ [ -0.3870687, 51.5392546 ], [ -0.3857925, 51.5397647 ], [ -0.3859938, 51.5400556 ], [ -0.3868298, 51.5401438 ], [ -0.3870687, 51.5392546 ] ] ] } },
{ "type": "Feature", "properties": { "id": "9171923", "name": null }, "geometry": { "type": "Polygon", "coordinates": [ [ [ -0.3987526, 51.5228738 ], [ -0.3970578, 51.5220589 ], [ -0.3963763, 51.5215857 ], [ -0.3963111, 51.5215356 ], [ -0.3960193, 51.5220696 ], [ -0.3967231, 51.5224701 ], [ -0.3968518, 51.5228653 ], [ -0.3980307, 51.52354 ], [ -0.3984585, 51.5231811 ], [ -0.3987836, 51.5228935 ], [ -0.3987526, 51.5228738 ] ] ] } },
{ "type": "Feature", "properties": { "id": "9173275", "name": "Belmore" }, "geometry": { "type": "Polygon", "coordinates": [ [ [ -0.4116576, 51.525992 ], [ -0.4146788, 51.5276047 ], [ -0.4157603, 51.5268197 ], [ -0.4147688, 51.5265443 ], [ -0.4141063, 51.5270576 ], [ -0.413645, 51.5268413 ], [ -0.4139508, 51.5265727 ], [ -0.413822, 51.5265014 ], [ -0.4139883, 51.5263501 ], [ -0.4136611, 51.5261742 ], [ -0.4137818, 51.5260545 ], [ -0.4125462, 51.5254378 ], [ -0.4125331, 51.5254313 ], [ -0.4116576, 51.525992 ] ] ] } },
{ "type": "Feature", "properties": { "id": "9177509", "name": "Lime Trees 2 allotments" }, "geometry": { "type": "Polygon", "coordinates": [ [ [ -0.3893099, 51.5378269 ], [ -0.3887816, 51.5381736 ], [ -0.3882532, 51.5385203 ], [ -0.3881786, 51.5386648 ], [ -0.3901012, 51.5383125 ], [ -0.3893099, 51.5378269 ] ] ] } },
{ "type": "Feature", "properties": { "id": "9252716", "name": "Duke Street Allotments" }, "geometry": { "type": "Polygon", "coordinates": [ [ [ -0.1840373, 51.3685737 ], [ -0.1843867, 51.368562 ], [ -0.1845316, 51.3685571 ], [ -0.184589, 51.3685552 ], [ -0.1845543, 51.3683878 ], [ -0.1845473, 51.368341 ], [ -0.1845092, 51.3683386 ], [ -0.184407, 51.368197 ], [ -0.1842526, 51.3680013 ], [ -0.184133, 51.3678318 ], [ -0.1839475, 51.3678398 ], [ -0.1835805, 51.3678555 ], [ -0.1836898, 51.3681562 ], [ -0.1837668, 51.3682081 ], [ -0.1838475, 51.3682632 ], [ -0.1839751, 51.3683504 ], [ -0.1840033, 51.3684178 ], [ -0.1840373, 51.3685737 ] ] ] } },
{ "type": "Feature", "properties": { "id": "9402116", "name": "Ascott Allotments" }, "geometry": { "type": "Polygon", "coordinates": [ [ [ -0.3044692, 51.5042283 ], [ -0.3044476, 51.504022899999988 ], [ -0.3044462, 51.5040027 ], [ -0.3041311, 51.5023663 ], [ -0.3031686, 51.5027093 ], [ -0.3028845, 51.5027957 ], [ -0.3020354, 51.5030462 ], [ -0.3010054, 51.503246 ], [ -0.2999379, 51.5033777 ], [ -0.2999847, 51.5044014 ], [ -0.2999462, 51.5046799 ], [ -0.3019343, 51.5044469 ], [ -0.302404, 51.5043399 ], [ -0.3030909, 51.5042824 ], [ -0.3032331, 51.504295 ], [ -0.3033362, 51.5043123 ], [ -0.3044692, 51.5042283 ] ] ] } },
{ "type": "Feature", "properties": { "id": "9546700", "name": "Weston Drive" }, "geometry": { "type": "Polygon", "coordinates": [ [ [ -0.3164294, 51.6022892 ], [ -0.3146196, 51.6029116 ], [ -0.3151802, 51.6035635 ], [ -0.3162023, 51.6026625 ], [ -0.3165244, 51.6024487 ], [ -0.3164294, 51.6022892 ] ] ] } },
{ "type": "Feature", "properties": { "id": "9557743", "name": "Kenton Lane" }, "geometry": { "type": "Polygon", "coordinates": [ [ [ -0.3261188, 51.6036999 ], [ -0.3252957, 51.6032356 ], [ -0.3246339, 51.6021379 ], [ -0.3234803, 51.6024209 ], [ -0.3242546, 51.6034275 ], [ -0.3241528, 51.6044019 ], [ -0.3250373, 51.6041264 ], [ -0.3261188, 51.6036999 ] ] ] } },
{ "type": "Feature", "properties": { "id": "9638080", "name": "Church Street allotments" }, "geometry": { "type": "Polygon", "coordinates": [ [ [ -0.073494, 51.6318213 ], [ -0.0726629, 51.6314129 ], [ -0.0714012, 51.6308855 ], [ -0.0704485, 51.6316367 ], [ -0.0709892, 51.6320096 ], [ -0.0713046, 51.6329768 ], [ -0.0717232, 51.6327187 ], [ -0.0721621, 51.6324658 ], [ -0.0726187, 51.6322283 ], [ -0.073494, 51.6318213 ] ] ] } },
{ "type": "Feature", "properties": { "id": "9639548", "name": null }, "geometry": { "type": "Polygon", "coordinates": [ [ [ -0.2422795, 51.6149276 ], [ -0.2426796, 51.6139953 ], [ -0.2431744, 51.6140719 ], [ -0.243206, 51.6140032 ], [ -0.2432408, 51.6139811 ], [ -0.2432931, 51.613977 ], [ -0.2433608, 51.6139961 ], [ -0.2433877, 51.6140178 ], [ -0.2432884, 51.6142568 ], [ -0.2437786, 51.6143342 ], [ -0.2435888, 51.6148101 ], [ -0.2437987, 51.614843 ], [ -0.2438604, 51.6146952 ], [ -0.2440247, 51.6146913 ], [ -0.2440716, 51.6146902 ], [ -0.243967, 51.6137296 ], [ -0.2423255, 51.6137796 ], [ -0.2425253, 51.6135389 ], [ -0.2428145, 51.6131786 ], [ -0.2431221, 51.6128744 ], [ -0.2432697, 51.6127861 ], [ -0.2434258, 51.6125298 ], [ -0.2427828, 51.6122348 ], [ -0.2426635, 51.6123222 ], [ -0.2423376, 51.6124555 ], [ -0.2419192, 51.6128227 ], [ -0.2418906, 51.6131806 ], [ -0.2427299, 51.6131829 ], [ -0.2424932, 51.6134848 ], [ -0.2419094, 51.6134872 ], [ -0.2419361, 51.613854499999988 ], [ -0.2419567, 51.6142251 ], [ -0.2420291, 51.614425 ], [ -0.2421471, 51.614674 ], [ -0.2422795, 51.6149276 ] ] ] } },
{ "type": "Feature", "properties": { "id": "9710130", "name": "Mill Hill Allotments" }, "geometry": { "type": "Polygon", "coordinates": [ [ [ -0.2654457, 51.6124841 ], [ -0.2664666, 51.612498 ], [ -0.2680782, 51.6123579 ], [ -0.2690864, 51.612212 ], [ -0.2701207, 51.61204 ], [ -0.2685299, 51.611595 ], [ -0.267505, 51.6116642 ], [ -0.2655451, 51.6117554 ], [ -0.2654457, 51.6124841 ] ] ] } },
{ "type": "Feature", "properties": { "id": "9790091", "name": "Goat Lane allotments" }, "geometry": { "type": "Polygon", "coordinates": [ [ [ -0.0647862, 51.6662839 ], [ -0.0635713, 51.6656715 ], [ -0.0628246, 51.6655491 ], [ -0.0628684, 51.6662771 ], [ -0.0629337, 51.6664676 ], [ -0.06314, 51.6665284 ], [ -0.0637137, 51.6666499 ], [ -0.0639735, 51.6667146 ], [ -0.0643758, 51.6666792 ], [ -0.0647862, 51.6662839 ] ] ] } },
{ "type": "Feature", "properties": { "id": "9790256", "name": null }, "geometry": { "type": "Polygon", "coordinates": [ [ [ -0.0653362, 51.6599849 ], [ -0.0635576, 51.6602565 ], [ -0.0629004, 51.6609245 ], [ -0.0636016, 51.6611889 ], [ -0.0639774, 51.6613197 ], [ -0.0653362, 51.6599849 ] ] ] } },
{ "type": "Feature", "properties": { "id": "9790552", "name": "Church Street allotments" }, "geometry": { "type": "Polygon", "coordinates": [ [ [ -0.0756002, 51.6311094 ], [ -0.0748066, 51.6309694 ], [ -0.0740856, 51.6308948 ], [ -0.0737251, 51.6307509 ], [ -0.0733646, 51.6305911 ], [ -0.0727037, 51.6304419 ], [ -0.0714935, 51.63033 ], [ -0.0712102, 51.630735 ], [ -0.0716308, 51.6308415 ], [ -0.0734997, 51.6316942 ], [ -0.0736802, 51.6317414 ], [ -0.0756002, 51.6311094 ] ] ] } },
{ "type": "Feature", "properties": { "id": "9792448", "name": "East Finchley Allotments" }, "geometry": { "type": "Polygon", "coordinates": [ [ [ -0.1655255, 51.5956513 ], [ -0.1670113, 51.595375 ], [ -0.1667856, 51.5948938 ], [ -0.1667439, 51.5948156 ], [ -0.1667347, 51.5947982 ], [ -0.1662848, 51.5948932 ], [ -0.1661353, 51.594622 ], [ -0.1658523, 51.5942954 ], [ -0.1640778, 51.5946403 ], [ -0.1610605, 51.5951883 ], [ -0.161828, 51.5970282 ], [ -0.1617976, 51.5975975 ], [ -0.162279, 51.597551 ], [ -0.1669957, 51.5966829 ], [ -0.1685178, 51.5964072 ], [ -0.1706787, 51.5960002 ], [ -0.1699817, 51.5955002 ], [ -0.1688576, 51.5957241 ], [ -0.1658478, 51.5962889 ], [ -0.16577, 51.5961351 ], [ -0.1657157, 51.5960276 ], [ -0.1655255, 51.5956513 ] ] ] } },
{ "type": "Feature", "properties": { "id": "9792454", "name": "Creighton Avenue Allotments" }, "geometry": { "type": "Polygon", "coordinates": [ [ [ -0.1502031, 51.5961136 ], [ -0.1484012, 51.5962777 ], [ -0.1482965, 51.5957056 ], [ -0.1482511, 51.5956877 ], [ -0.1482384, 51.5956816 ], [ -0.1483374, 51.5962789 ], [ -0.1480966, 51.5962863 ], [ -0.1476815, 51.5961381 ], [ -0.1479025, 51.5972736 ], [ -0.1480387, 51.5975733 ], [ -0.148015, 51.5978082 ], [ -0.1504236, 51.5969301 ], [ -0.1503725, 51.5967432 ], [ -0.1502031, 51.5961136 ] ] ] } },
{ "type": "Feature", "properties": { "id": "9793787", "name": "Pointalls Allotments" }, "geometry": { "type": "Polygon", "coordinates": [ [ [ -0.1847184, 51.5976967 ], [ -0.1837952, 51.5973035 ], [ -0.1836053, 51.5972388 ], [ -0.1827716, 51.596876599999987 ], [ -0.1823729, 51.5966978 ], [ -0.1821326, 51.596851 ], [ -0.1819903, 51.5969341 ], [ -0.1806324, 51.5977344 ], [ -0.181039, 51.5981881 ], [ -0.1814107, 51.5986027 ], [ -0.1817473, 51.5989952 ], [ -0.1820457, 51.5992296 ], [ -0.1829303, 51.5987387 ], [ -0.1846709, 51.597723 ], [ -0.1847184, 51.5976967 ] ] ] } },
{ "type": "Feature", "properties": { "id": "9798833", "name": "Cat Hill Allotments" }, "geometry": { "type": "Polygon", "coordinates": [ [ [ -0.1587305, 51.6450286 ], [ -0.1576203, 51.6452436 ], [ -0.157797, 51.6456286 ], [ -0.1578413, 51.6459648 ], [ -0.1578998, 51.6464354 ], [ -0.1580604, 51.646583 ], [ -0.1586615, 51.6466266 ], [ -0.1586793, 51.6467489 ], [ -0.1586761, 51.6469295 ], [ -0.1586617, 51.647431 ], [ -0.1586536, 51.6480142 ], [ -0.1598849, 51.6480164 ], [ -0.1598516, 51.6476133 ], [ -0.1600474, 51.6469934 ], [ -0.1600635, 51.6465323 ], [ -0.1602276, 51.6456978 ], [ -0.1603358, 51.6456744 ], [ -0.1602414, 51.645444 ], [ -0.1600433, 51.6447819 ], [ -0.1587305, 51.6450286 ] ] ] } },
{ "type": "Feature", "properties": { "id": "9928636", "name": null }, "geometry": { "type": "Polygon", "coordinates": [ [ [ 0.0757297, 51.3589707 ], [ 0.0753263, 51.3574861 ], [ 0.0778084, 51.3572212 ], [ 0.0781676, 51.3585145 ], [ 0.0782045, 51.3586473 ], [ 0.0757297, 51.3589707 ] ] ] } },
{ "type": "Feature", "properties": { "id": "10051686", "name": "Benhill Allotments" }, "geometry": { "type": "Polygon", "coordinates": [ [ [ -0.1835928, 51.372583 ], [ -0.1836759, 51.3726424 ], [ -0.1838221, 51.372591 ], [ -0.1836227, 51.3724457 ], [ -0.1833389, 51.3720562 ], [ -0.1829746, 51.3713017 ], [ -0.1825196, 51.3702104 ], [ -0.1812712, 51.3702919 ], [ -0.1813025, 51.3703628 ], [ -0.1812768, 51.3703652 ], [ -0.1820805, 51.3720756 ], [ -0.1821059, 51.3721554 ], [ -0.1821104, 51.3722347 ], [ -0.1822486, 51.372556 ], [ -0.1829296, 51.3725681 ], [ -0.1835928, 51.372583 ] ] ] } },
{ "type": "Feature", "properties": { "id": "10052361", "name": "Poverest Allotments" }, "geometry": { "type": "Polygon", "coordinates": [ [ [ 0.0988662, 51.3844582 ], [ 0.1012829, 51.3839875 ], [ 0.1012333, 51.383879 ], [ 0.1015135, 51.38386 ], [ 0.1015368, 51.3838585 ], [ 0.1020224, 51.3855448 ], [ 0.0998315, 51.3859019 ], [ 0.0988662, 51.3844582 ] ] ] } },
{ "type": "Feature", "properties": { "id": "10052737", "name": "Newbury Avenue allotments" }, "geometry": { "type": "Polygon", "coordinates": [ [ [ -0.0261958, 51.6685132 ], [ -0.0262368, 51.6677838 ], [ -0.0251082, 51.6676437 ], [ -0.0248123, 51.6675752 ], [ -0.0248246, 51.6676298 ], [ -0.0250113, 51.66846 ], [ -0.0261958, 51.6685132 ] ] ] } },
{ "type": "Feature", "properties": { "id": "10054423", "name": "Pine Walk Allotments" }, "geometry": { "type": "Polygon", "coordinates": [ [ [ 0.0301087, 51.4123505 ], [ 0.0295726, 51.4118548 ], [ 0.0291683, 51.4111492 ], [ 0.0296882, 51.4108248 ], [ 0.0303147, 51.4110389 ], [ 0.0305379, 51.4116064 ], [ 0.0329054, 51.4118518 ], [ 0.0328738, 51.4119347 ], [ 0.0301633, 51.4124066 ], [ 0.0301087, 51.4123505 ] ] ] } },
{ "type": "Feature", "properties": { "id": "10069514", "name": "Eltham Palace Allotments" }, "geometry": { "type": "Polygon", "coordinates": [ [ [ 0.0336538, 51.4508659 ], [ 0.0322264, 51.4503213 ], [ 0.0324387, 51.4501027 ], [ 0.0337076, 51.4500261 ], [ 0.0337104, 51.4500662 ], [ 0.0336114, 51.450070599999989 ], [ 0.0336153, 51.4500996 ], [ 0.0336191, 51.4501286 ], [ 0.0337069, 51.4501226 ], [ 0.0337096, 51.4501781 ], [ 0.0334822, 51.4501804 ], [ 0.0334871, 51.4503669 ], [ 0.0336311, 51.4503655 ], [ 0.0337146, 51.450364699999987 ], [ 0.033716, 51.4506515 ], [ 0.0338236, 51.4507286 ], [ 0.0336538, 51.4508659 ] ] ] } },
{ "type": "Feature", "properties": { "id": "10275114", "name": "Archfields Allotment Association" }, "geometry": { "type": "Polygon", "coordinates": [ [ [ -0.2219688, 51.60068 ], [ -0.222031, 51.5996116 ], [ -0.2218279, 51.598513 ], [ -0.2214089, 51.5983575 ], [ -0.2212371, 51.5982763 ], [ -0.2206366, 51.5980294 ], [ -0.2202702, 51.5983563 ], [ -0.2204114, 51.5988093 ], [ -0.2207464, 51.5998985 ], [ -0.2208912, 51.6005488 ], [ -0.2219688, 51.60068 ] ] ] } },
{ "type": "Feature", "properties": { "id": "10374627", "name": "Pippenhall Allotments" }, "geometry": { "type": "Polygon", "coordinates": [ [ [ 0.0698184, 51.4519549 ], [ 0.0699444, 51.4509882 ], [ 0.0711567, 51.4497565 ], [ 0.0720692, 51.4502718 ], [ 0.0718327, 51.4505336 ], [ 0.0715129, 51.4504842 ], [ 0.0711608, 51.4507288 ], [ 0.0710715, 51.4511888 ], [ 0.0710694, 51.4517833 ], [ 0.0711095, 51.4518439 ], [ 0.0711126, 51.4519116 ], [ 0.0698184, 51.4519549 ] ] ] } },
{ "type": "Feature", "properties": { "id": "10425310", "name": "Old Kenton Lane allotments" }, "geometry": { "type": "Polygon", "coordinates": [ [ [ -0.2709261, 51.582683 ], [ -0.2706866, 51.5827991 ], [ -0.2706381, 51.5828338 ], [ -0.2705997, 51.58287 ], [ -0.2705803, 51.5828972 ], [ -0.2705567, 51.5829245 ], [ -0.2705058, 51.5829655 ], [ -0.2702538, 51.5831177 ], [ -0.2695455, 51.5836064 ], [ -0.2694991, 51.5836412 ], [ -0.2694409, 51.5837106 ], [ -0.2693773, 51.5837721 ], [ -0.2691264, 51.5838826 ], [ -0.2686289, 51.5841949 ], [ -0.2697234, 51.5843692 ], [ -0.2700812, 51.5843047 ], [ -0.2705773, 51.5840669 ], [ -0.270912, 51.5841895 ], [ -0.2713669, 51.584024199999988 ], [ -0.2720006, 51.5835104 ], [ -0.2720502, 51.5834372 ], [ -0.2728005, 51.5827323 ], [ -0.2723017, 51.5825299 ], [ -0.2722069, 51.5826097 ], [ -0.2720237, 51.5825345 ], [ -0.2718915, 51.5826385 ], [ -0.2714638, 51.5826296 ], [ -0.2712555, 51.5828204 ], [ -0.2709261, 51.582683 ] ] ] } },
{ "type": "Feature", "properties": { "id": "10425458", "name": "West Hendon Allotment Society" }, "geometry": { "type": "Polygon", "coordinates": [ [ [ -0.2483634, 51.5741321 ], [ -0.2480302, 51.57396 ], [ -0.2478025, 51.5739809 ], [ -0.2473038, 51.5741379 ], [ -0.2461348, 51.5744227 ], [ -0.2453562, 51.5744991 ], [ -0.2449878, 51.574545199999989 ], [ -0.2448589, 51.5745843 ], [ -0.2450331, 51.57494 ], [ -0.2452669, 51.5748789 ], [ -0.2456077, 51.5755457 ], [ -0.2458775, 51.5757393 ], [ -0.2461936, 51.5756755 ], [ -0.2464493, 51.5759135 ], [ -0.2468981, 51.5758184 ], [ -0.2470165, 51.575885 ], [ -0.2478667, 51.5757122 ], [ -0.2490526, 51.5754519 ], [ -0.2482672, 51.57425 ], [ -0.2483634, 51.5741321 ] ] ] } },
{ "type": "Feature", "properties": { "id": "10508341", "name": "Woodfield Avenue allotments" }, "geometry": { "type": "Polygon", "coordinates": [ [ [ -0.3093164, 51.56207 ], [ -0.3090045, 51.560643 ], [ -0.3085363, 51.5606577 ], [ -0.3084777, 51.5606595 ], [ -0.3087398, 51.5620811 ], [ -0.3093164, 51.56207 ] ] ] } },
{ "type": "Feature", "properties": { "id": "10580487", "name": "Weir Hall Allotments" }, "geometry": { "type": "Polygon", "coordinates": [ [ [ -0.0897497, 51.6120382 ], [ -0.0896882, 51.611886 ], [ -0.0895402, 51.6115194 ], [ -0.0890957, 51.6114682 ], [ -0.0886312, 51.6111154 ], [ -0.0882366, 51.6108232 ], [ -0.0880918, 51.610768199999988 ], [ -0.0879597, 51.6106944 ], [ -0.087038, 51.6097813 ], [ -0.0870863, 51.6095164 ], [ -0.0862816, 51.6094565 ], [ -0.0861257, 51.609505 ], [ -0.0858252, 51.6095204 ], [ -0.0858427, 51.6097496 ], [ -0.085962, 51.6102462 ], [ -0.0862558, 51.6110912 ], [ -0.086258, 51.6110975 ], [ -0.0862602, 51.6111039 ], [ -0.0863459, 51.6113311 ], [ -0.0867635, 51.6124223 ], [ -0.0867722, 51.6124462 ], [ -0.087304, 51.6123733 ], [ -0.0897497, 51.6120382 ] ] ] } },
{ "type": "Feature", "properties": { "id": "10699251", "name": null }, "geometry": { "type": "Polygon", "coordinates": [ [ [ 0.103392, 51.4943257 ], [ 0.1026789, 51.4938222 ], [ 0.1011972, 51.4929021 ], [ 0.0993744, 51.4917702 ], [ 0.0994699, 51.4917697 ], [ 0.10249, 51.4917508 ], [ 0.103392, 51.4943257 ] ] ] } },
{ "type": "Feature", "properties": { "id": "10803311", "name": "Oliver Road allotments" }, "geometry": { "type": "Polygon", "coordinates": [ [ [ -0.0202261, 51.5605835 ], [ -0.018607, 51.5592063 ], [ -0.0177288, 51.5596629 ], [ -0.0177973, 51.5597042 ], [ -0.0177137, 51.5597334 ], [ -0.0172694, 51.5598671 ], [ -0.0170212, 51.5599978 ], [ -0.0168295, 51.5600989 ], [ -0.016587, 51.5602351 ], [ -0.0165564, 51.5602334 ], [ -0.0165407, 51.5602417 ], [ -0.0165382, 51.5602606 ], [ -0.0165347, 51.5602904 ], [ -0.0166654, 51.5603034 ], [ -0.0168718, 51.5604885 ], [ -0.0164481, 51.5606736 ], [ -0.0163454, 51.5607112 ], [ -0.0167998, 51.5611678 ], [ -0.0170967, 51.561466 ], [ -0.017613, 51.5612647 ], [ -0.0179374, 51.561574199999988 ], [ -0.0179438, 51.5615803 ], [ -0.017956, 51.5615751 ], [ -0.0191881, 51.5610477 ], [ -0.0202261, 51.5605835 ] ] ] } },
{ "type": "Feature", "properties": { "id": "10804779", "name": "Auckland Road allotments" }, "geometry": { "type": "Polygon", "coordinates": [ [ [ -0.0160137, 51.5577535 ], [ -0.015802, 51.5576538 ], [ -0.0155059, 51.5576226 ], [ -0.0152847, 51.5575822 ], [ -0.0150588, 51.5575074 ], [ -0.0146679, 51.5573525 ], [ -0.0146286, 51.5573709 ], [ -0.0135473, 51.5576955 ], [ -0.0131219, 51.5578282 ], [ -0.0134488, 51.5581216 ], [ -0.0134848, 51.5581539 ], [ -0.013814, 51.5584503 ], [ -0.0138525, 51.5584389 ], [ -0.0139658, 51.5584056 ], [ -0.0140371, 51.5584009 ], [ -0.0146341, 51.5582102 ], [ -0.0158789, 51.5578126 ], [ -0.0160137, 51.5577535 ] ] ] } },
{ "type": "Feature", "properties": { "id": "11844485", "name": "Greenhill Allotment Site" }, "geometry": { "type": "Polygon", "coordinates": [ [ [ -0.3262723, 51.5840293 ], [ -0.324673, 51.5844364 ], [ -0.3251804, 51.5851382 ], [ -0.3268202, 51.5846794 ], [ -0.3262723, 51.5840293 ] ] ] } },
{ "type": "Feature", "properties": { "id": "12548279", "name": "Clifford Road Allotments" }, "geometry": { "type": "Polygon", "coordinates": [ [ [ -0.1811904, 51.6558025 ], [ -0.1811262, 51.6548629 ], [ -0.1811054, 51.654534 ], [ -0.1810392, 51.6540848 ], [ -0.1803827, 51.6540787 ], [ -0.1795034, 51.6540338 ], [ -0.1784483, 51.6539122 ], [ -0.1783954, 51.6540145 ], [ -0.1783391, 51.6550789 ], [ -0.1783416, 51.6551499 ], [ -0.1783619, 51.6555889 ], [ -0.1800058, 51.6557079 ], [ -0.1808296, 51.6557879 ], [ -0.1808451, 51.6557895 ], [ -0.1808467, 51.6557728 ], [ -0.1808481, 51.6557621 ], [ -0.1811904, 51.6558025 ] ] ] } },
{ "type": "Feature", "properties": { "id": "13003916", "name": "Knight's Hill allotments" }, "geometry": { "type": "Polygon", "coordinates": [ [ [ -0.1024233, 51.4418989 ], [ -0.1027812, 51.4418825 ], [ -0.1028079, 51.4418813 ], [ -0.1031353, 51.4414274 ], [ -0.1035292, 51.4409176 ], [ -0.1033019, 51.441047499999989 ], [ -0.1026212, 51.4413104 ], [ -0.1013333, 51.4416689 ], [ -0.1012045, 51.4418829 ], [ -0.1013505, 51.4421664 ], [ -0.1016509, 51.4422948 ], [ -0.1024233, 51.4418989 ] ] ] } },
{ "type": "Feature", "properties": { "id": "13520319", "name": "Stuart Road Allotments" }, "geometry": { "type": "Polygon", "coordinates": [ [ [ -0.0538776, 51.4602408 ], [ -0.0545526, 51.4594474 ], [ -0.0546278, 51.4593564 ], [ -0.0546961, 51.4592737 ], [ -0.0547208, 51.4592418 ], [ -0.0547124, 51.4592214 ], [ -0.0545784, 51.459195 ], [ -0.0543419, 51.4591412 ], [ -0.0540438, 51.4590661 ], [ -0.0540021, 51.4590617 ], [ -0.0539604, 51.4590574 ], [ -0.0539168, 51.4590441 ], [ -0.0540802, 51.4588266 ], [ -0.0539423, 51.4588276 ], [ -0.0538398, 51.4588238 ], [ -0.0537763, 51.4588179 ], [ -0.0536001, 51.458818 ], [ -0.0535987, 51.4587907 ], [ -0.0533782, 51.4587844 ], [ -0.0533739, 51.4586835 ], [ -0.0533705, 51.458604 ], [ -0.0529237, 51.4586159 ], [ -0.0526286, 51.4586488 ], [ -0.0523123, 51.4587043 ], [ -0.0522946, 51.458442 ], [ -0.0521419, 51.458446 ], [ -0.0521612, 51.4587383 ], [ -0.052024, 51.4587714 ], [ -0.051613, 51.4588233 ], [ -0.0515708, 51.4588466 ], [ -0.0516248, 51.4589296 ], [ -0.0517353, 51.4590977 ], [ -0.0518654, 51.4592871 ], [ -0.0515001, 51.4595445 ], [ -0.0510652, 51.4598472 ], [ -0.0509746, 51.4599283 ], [ -0.0517468, 51.4604286 ], [ -0.051968, 51.4605588 ], [ -0.0520069, 51.4605295 ], [ -0.0520787, 51.460477 ], [ -0.0523248, 51.4603226 ], [ -0.0525052, 51.4602405 ], [ -0.0537941, 51.4602371 ], [ -0.0538776, 51.4602408 ] ] ] } },
{ "type": "Feature", "properties": { "id": "13853995", "name": "Norbury Park Allotments" }, "geometry": { "type": "Polygon", "coordinates": [ [ [ -0.1194109, 51.4125442 ], [ -0.1198721, 51.4120444 ], [ -0.1173139, 51.4110055 ], [ -0.117155, 51.4109488 ], [ -0.1170719, 51.4110188 ], [ -0.117047, 51.4110441 ], [ -0.1161768, 51.4106473 ], [ -0.1158041, 51.410142 ], [ -0.115394, 51.4103222 ], [ -0.1155263, 51.4105603 ], [ -0.1157957, 51.4107816 ], [ -0.116685, 51.4115205 ], [ -0.1169649, 51.4117534 ], [ -0.1178317, 51.4125377 ], [ -0.1191883, 51.412596 ], [ -0.1194109, 51.4125442 ] ] ] } },
{ "type": "Feature", "properties": { "id": "13854172", "name": null }, "geometry": { "type": "Polygon", "coordinates": [ [ [ -0.0966651, 51.4123047 ], [ -0.0988877, 51.4132905 ], [ -0.098944, 51.4133125 ], [ -0.0991414, 51.4132546 ], [ -0.0995709, 51.4130737 ], [ -0.0998597, 51.4130336 ], [ -0.0994443, 51.411973 ], [ -0.0992054, 51.4112978 ], [ -0.0985755, 51.4101601 ], [ -0.0977903, 51.4103989 ], [ -0.0975211, 51.4100102 ], [ -0.0971501, 51.4094746 ], [ -0.0970709, 51.4095119 ], [ -0.096831, 51.4092744 ], [ -0.0961514, 51.4096178 ], [ -0.0964452, 51.4098172 ], [ -0.0960386, 51.410091799999989 ], [ -0.095675, 51.4098994 ], [ -0.0953078, 51.4101245 ], [ -0.0956442, 51.4103203 ], [ -0.0943125, 51.411094 ], [ -0.0949654, 51.4114891 ], [ -0.0958982, 51.4119213 ], [ -0.0967206, 51.4122557 ], [ -0.0966651, 51.4123047 ] ] ] } },
{ "type": "Feature", "properties": { "id": "13873560", "name": null }, "geometry": { "type": "Polygon", "coordinates": [ [ [ -0.101941, 51.3927352 ], [ -0.1006249, 51.3916071 ], [ -0.1004887, 51.3914903 ], [ -0.1003933, 51.3915417 ], [ -0.1000835, 51.3917085 ], [ -0.0998884, 51.3915779 ], [ -0.0991104, 51.3919854 ], [ -0.0992268, 51.3920676 ], [ -0.0989107, 51.3922493 ], [ -0.0987442, 51.3924181 ], [ -0.0984218, 51.3925951 ], [ -0.0985233, 51.3926668 ], [ -0.0988407, 51.3925128 ], [ -0.1001475, 51.3935348 ], [ -0.101941, 51.3927352 ] ] ] } },
{ "type": "Feature", "properties": { "id": "13891695", "name": null }, "geometry": { "type": "Polygon", "coordinates": [ [ [ -0.2681053, 51.4736932 ], [ -0.2681625, 51.4735759 ], [ -0.2680984, 51.4734459 ], [ -0.2679227, 51.4732251 ], [ -0.2673219, 51.4729233 ], [ -0.2657507, 51.4722337 ], [ -0.2639259, 51.4718938 ], [ -0.2616556, 51.4716437 ], [ -0.2602892, 51.4716029 ], [ -0.2587537, 51.4718063 ], [ -0.2572183, 51.4721199 ], [ -0.2574687, 51.4724782 ], [ -0.2587985, 51.4721263 ], [ -0.2595896, 51.472029799999987 ], [ -0.2611205, 51.4719585 ], [ -0.2618529, 51.4719769 ], [ -0.2633895, 51.4721076 ], [ -0.2643087, 51.4722337 ], [ -0.2655029, 51.4725537 ], [ -0.2680351, 51.4736865 ], [ -0.2681053, 51.4736932 ] ] ] } },
{ "type": "Feature", "properties": { "id": "13891697", "name": "Chertsey Road Allotments" }, "geometry": { "type": "Polygon", "coordinates": [ [ [ -0.2623801, 51.4776231 ], [ -0.2627955, 51.477248 ], [ -0.2625331, 51.4771132 ], [ -0.2612489, 51.4763541 ], [ -0.2596657, 51.4753855 ], [ -0.2581153, 51.4744518 ], [ -0.2577931, 51.474635 ], [ -0.2577358, 51.4747115 ], [ -0.2578495, 51.4748135 ], [ -0.2576935, 51.4749152 ], [ -0.2623801, 51.4776231 ] ] ] } },
{ "type": "Feature", "properties": { "id": "13953122", "name": "Addiscombe, Woodside & Shirley Leisure Gardens Allotments" }, "geometry": { "type": "Polygon", "coordinates": [ [ [ -0.0606442, 51.379793 ], [ -0.0606601, 51.3793503 ], [ -0.060202, 51.379377 ], [ -0.0585281, 51.3794747 ], [ -0.0580287, 51.3795039 ], [ -0.0576557, 51.378959 ], [ -0.0573348, 51.3785473 ], [ -0.0572002, 51.3783745 ], [ -0.0571362, 51.3782873 ], [ -0.0540264, 51.3785782 ], [ -0.0538659, 51.3785932 ], [ -0.0545027, 51.3797621 ], [ -0.0539803, 51.3798952 ], [ -0.054694, 51.3805533 ], [ -0.0549189, 51.3807607 ], [ -0.055176, 51.3809978 ], [ -0.0556187, 51.3813786 ], [ -0.055707, 51.3813546 ], [ -0.0562979, 51.3811946 ], [ -0.0571181, 51.3810638 ], [ -0.0571984, 51.38167 ], [ -0.0573556, 51.3816324 ], [ -0.0577027, 51.3815505 ], [ -0.0581574, 51.3813254 ], [ -0.0584839, 51.3811367 ], [ -0.0589552, 51.3807809 ], [ -0.0595382, 51.3803631 ], [ -0.0606442, 51.379793 ] ] ] } },
{ "type": "Feature", "properties": { "id": "14369937", "name": "Barnmead Allotments" }, "geometry": { "type": "Polygon", "coordinates": [ [ [ -0.0428363, 51.4113444 ], [ -0.0424415, 51.410552 ], [ -0.0427247, 51.4098989 ], [ -0.0410939, 51.4103807 ], [ -0.0409884, 51.4104012 ], [ -0.0401755, 51.4105842 ], [ -0.0402356, 51.4109696 ], [ -0.0416089, 51.411130199999988 ], [ -0.0428363, 51.4113444 ] ] ] } },
{ "type": "Feature", "properties": { "id": "14369947", "name": null }, "geometry": { "type": "Polygon", "coordinates": [ [ [ -0.0367573, 51.4118927 ], [ -0.0373117, 51.4114186 ], [ -0.0372514, 51.4112716 ], [ -0.0356571, 51.4114605 ], [ -0.035472, 51.4120296 ], [ -0.0356265, 51.4120938 ], [ -0.0362273, 51.4116388 ], [ -0.0367573, 51.4118927 ] ] ] } },
{ "type": "Feature", "properties": { "id": "14370752", "name": "Ravensbourne Allotments" }, "geometry": { "type": "Polygon", "coordinates": [ [ [ 0.0129484, 51.4011285 ], [ 0.0119904, 51.4006179 ], [ 0.0121206, 51.4006005 ], [ 0.0137004, 51.4003898 ], [ 0.0129484, 51.4011285 ] ] ] } },
{ "type": "Feature", "properties": { "id": "14769088", "name": null }, "geometry": { "type": "Polygon", "coordinates": [ [ [ -0.0820022, 51.3919183 ], [ -0.0818523, 51.3919667 ], [ -0.0814365, 51.3922124 ], [ -0.0810958, 51.3924596 ], [ -0.0825997, 51.3938078 ], [ -0.0828521, 51.3940678 ], [ -0.0832017, 51.3939897 ], [ -0.08322, 51.393985 ], [ -0.0832349, 51.3939801 ], [ -0.083495, 51.3938985 ], [ -0.084714, 51.3930695 ], [ -0.0853959, 51.3926222 ], [ -0.0838961, 51.3919301 ], [ -0.0836441, 51.3918794 ], [ -0.0828309, 51.3918371 ], [ -0.0821633, 51.3918854 ], [ -0.0820022, 51.3919183 ] ] ] } },
{ "type": "Feature", "properties": { "id": "15091731", "name": "Clay Hill allotments" }, "geometry": { "type": "Polygon", "coordinates": [ [ [ -0.0747181, 51.6682442 ], [ -0.0744183, 51.6681732 ], [ -0.0742044, 51.6684989 ], [ -0.0738154, 51.6684024 ], [ -0.0737663, 51.668671 ], [ -0.0747827, 51.6692258 ], [ -0.0752351, 51.6692227 ], [ -0.075663, 51.6693795 ], [ -0.0763243, 51.6695724 ], [ -0.0774717, 51.6699102 ], [ -0.0778996, 51.6700067 ], [ -0.078133, 51.6697896 ], [ -0.078713, 51.6699437 ], [ -0.0790295, 51.6702244 ], [ -0.0796304, 51.669655 ], [ -0.078646, 51.669163 ], [ -0.0779498, 51.6689411 ], [ -0.0770565, 51.6687034 ], [ -0.0761724, 51.6683999 ], [ -0.0753485, 51.6680699 ], [ -0.0750481, 51.668320099999988 ], [ -0.0747181, 51.6682442 ] ] ] } },
{ "type": "Feature", "properties": { "id": "15223201", "name": null }, "geometry": { "type": "Polygon", "coordinates": [ [ [ -0.0493355, 51.3941421 ], [ -0.049163, 51.3932467 ], [ -0.0484286, 51.3932249 ], [ -0.0480785, 51.3931635 ], [ -0.0478654, 51.3929977 ], [ -0.0467795, 51.391782 ], [ -0.0465919, 51.3919165 ], [ -0.0461677, 51.3920164 ], [ -0.046268, 51.392443 ], [ -0.0462743, 51.3926869 ], [ -0.0464921, 51.3926956 ], [ -0.0464618, 51.3931722 ], [ -0.0463888, 51.3936489 ], [ -0.0480855, 51.3937501 ], [ -0.0487052, 51.3938463 ], [ -0.0490843, 51.3939695 ], [ -0.0493355, 51.3941421 ] ] ] } },
{ "type": "Feature", "properties": { "id": "15731461", "name": "Hatton Road Allotments" }, "geometry": { "type": "Polygon", "coordinates": [ [ [ -0.4302303, 51.459961 ], [ -0.4277314, 51.4573368 ], [ -0.427417, 51.4570094 ], [ -0.4273136, 51.4569825 ], [ -0.4272631, 51.4569827 ], [ -0.4249975, 51.4569915 ], [ -0.4258845, 51.4578208 ], [ -0.4280977, 51.4599314 ], [ -0.4286226, 51.4604213 ], [ -0.4289969, 51.4607667 ], [ -0.4293855, 51.4605129 ], [ -0.4294091, 51.4604975 ], [ -0.4302163, 51.4599703 ], [ -0.4302303, 51.459961 ] ] ] } },
{ "type": "Feature", "properties": { "id": "16728485", "name": null }, "geometry": { "type": "Polygon", "coordinates": [ [ [ 0.1090926, 51.4531581 ], [ 0.1088781, 51.45242 ], [ 0.11032, 51.4523291 ], [ 0.109702, 51.4532704 ], [ 0.1090926, 51.4531581 ] ] ] } },
{ "type": "Feature", "properties": { "id": "16773778", "name": "Waye Avenue Park Allotments" }, "geometry": { "type": "Polygon", "coordinates": [ [ [ -0.4144575, 51.4749291 ], [ -0.4139046, 51.4743736 ], [ -0.4134886, 51.4745311 ], [ -0.412979, 51.4747182 ], [ -0.4129145, 51.4746548 ], [ -0.4127118, 51.4747349 ], [ -0.4124084, 51.4748446 ], [ -0.412106, 51.4749632 ], [ -0.4118724, 51.4750485 ], [ -0.4120929, 51.4752657 ], [ -0.4122889, 51.4753283 ], [ -0.4125431, 51.475295 ], [ -0.4126305, 51.4754416 ], [ -0.4127409, 51.4755008 ], [ -0.4135631, 51.4752278 ], [ -0.4143521, 51.4749659 ], [ -0.4144575, 51.4749291 ] ] ] } },
{ "type": "Feature", "properties": { "id": "17274586", "name": "Barking Park Allotment Site" }, "geometry": { "type": "Polygon", "coordinates": [ [ [ 0.0906309, 51.5477035 ], [ 0.0906167, 51.5476746 ], [ 0.0905516, 51.5475427 ], [ 0.0911449, 51.5464727 ], [ 0.0928078, 51.5471842 ], [ 0.0924272, 51.5481563 ], [ 0.0922848, 51.5481261 ], [ 0.0921027, 51.5480875 ], [ 0.0920706, 51.5480718 ], [ 0.09077, 51.547764799999989 ], [ 0.0906309, 51.5477035 ] ] ] } },
{ "type": "Feature", "properties": { "id": "17274599", "name": "Loxford Lane Allotments" }, "geometry": { "type": "Polygon", "coordinates": [ [ [ 0.0841951, 51.5502358 ], [ 0.0849305, 51.5490406 ], [ 0.0849986, 51.5491156 ], [ 0.0851037, 51.5492056 ], [ 0.0852437, 51.5493003 ], [ 0.0854224, 51.5493959 ], [ 0.085705, 51.5495113 ], [ 0.0859898, 51.549618 ], [ 0.0863272, 51.5497356 ], [ 0.0867008, 51.5498387 ], [ 0.0869448, 51.5498989 ], [ 0.0872172, 51.5499585 ], [ 0.088145, 51.5501552 ], [ 0.0884544, 51.5502227 ], [ 0.088751, 51.5502764 ], [ 0.0890821, 51.5503324 ], [ 0.0891296, 51.5503751 ], [ 0.0889167, 51.5507607 ], [ 0.0886983, 51.5511546 ], [ 0.0886397, 51.5512131 ], [ 0.0873686, 51.5509284 ], [ 0.0871607, 51.5508806 ], [ 0.0871324, 51.5508885 ], [ 0.0863041, 51.5507025 ], [ 0.0862188, 51.5506834 ], [ 0.0861491, 51.550668 ], [ 0.0842229, 51.5502423 ], [ 0.0841951, 51.5502358 ] ] ] } },
{ "type": "Feature", "properties": { "id": "17456672", "name": null }, "geometry": { "type": "Polygon", "coordinates": [ [ [ 0.1266083, 51.55148 ], [ 0.1267628, 51.551005 ], [ 0.1274495, 51.5508449 ], [ 0.1276383, 51.551053 ], [ 0.127604, 51.5515547 ], [ 0.1266083, 51.55148 ] ] ] } },
{ "type": "Feature", "properties": { "id": "17703128", "name": "Goodmayes Lane Allotments" }, "geometry": { "type": "Polygon", "coordinates": [ [ [ 0.1094396, 51.5544771 ], [ 0.1106733, 51.5556431 ], [ 0.1117676, 51.5561443 ], [ 0.1125914, 51.556521599999989 ], [ 0.111697, 51.5567902 ], [ 0.1112989, 51.5569085 ], [ 0.110742, 51.5570597 ], [ 0.1106439, 51.5570842 ], [ 0.1102598, 51.5571648 ], [ 0.1096574, 51.5572679 ], [ 0.1096436, 51.5572454 ], [ 0.1096352, 51.5572316 ], [ 0.1095118, 51.5572474 ], [ 0.1090619, 51.5567968 ], [ 0.1086415, 51.5563683 ], [ 0.108616, 51.5563416 ], [ 0.108595, 51.5563066 ], [ 0.1085961, 51.5562879 ], [ 0.1086055, 51.5562603 ], [ 0.1086359, 51.556211 ], [ 0.1087806, 51.5560505 ], [ 0.1088927, 51.5559199 ], [ 0.1090645, 51.5557054 ], [ 0.1091764, 51.5555366 ], [ 0.1092254, 51.5554488 ], [ 0.1093015, 51.5552753 ], [ 0.109362, 51.5550989 ], [ 0.10939, 51.5549857 ], [ 0.1094237, 51.5548228 ], [ 0.1094319, 51.5547624 ], [ 0.109432, 51.5546692 ], [ 0.1094396, 51.5544771 ] ] ] } },
{ "type": "Feature", "properties": { "id": "17932665", "name": "Stewart Avenue Allotments" }, "geometry": { "type": "Polygon", "coordinates": [ [ [ 0.2403315, 51.5528068 ], [ 0.2424424, 51.5525833 ], [ 0.2425513, 51.5531089 ], [ 0.2426004, 51.553251 ], [ 0.2415367, 51.5534404 ], [ 0.2406971, 51.5535905 ], [ 0.2403315, 51.5528068 ] ] ] } },
{ "type": "Feature", "properties": { "id": "18613335", "name": null }, "geometry": { "type": "Polygon", "coordinates": [ [ [ -0.1804854, 51.4443662 ], [ -0.1810446, 51.4449648 ], [ -0.1820502, 51.4444425 ], [ -0.1818988, 51.4443174 ], [ -0.1819763, 51.444281 ], [ -0.1817891, 51.4440992 ], [ -0.181437, 51.4437756 ], [ -0.1805298, 51.4442452 ], [ -0.1806069, 51.4443139 ], [ -0.1804854, 51.4443662 ] ] ] } },
{ "type": "Feature", "properties": { "id": "19195823", "name": "Woodhouse Allotments" }, "geometry": { "type": "Polygon", "coordinates": [ [ [ -0.1718324, 51.6137555 ], [ -0.1705392, 51.6137906 ], [ -0.1700225, 51.6138046 ], [ -0.1700413, 51.6138446 ], [ -0.1699582, 51.6139129 ], [ -0.1697141, 51.6139295 ], [ -0.1695827, 51.6138196 ], [ -0.1692198, 51.6138246 ], [ -0.1691211, 51.6138381 ], [ -0.1686049, 51.6138837 ], [ -0.1686743, 51.6141249 ], [ -0.1670587, 51.6143313 ], [ -0.1670091, 51.6142567 ], [ -0.1655873, 51.6144731 ], [ -0.1654562, 51.6144931 ], [ -0.1656018, 51.614815 ], [ -0.1673679, 51.6147121 ], [ -0.1688538, 51.6146301 ], [ -0.1689441, 51.6149663 ], [ -0.1705421, 51.6148603 ], [ -0.1704473, 51.6145592 ], [ -0.1711178, 51.6144618 ], [ -0.1712226, 51.6148066 ], [ -0.1722058, 51.6147052 ], [ -0.1720286, 51.6142044 ], [ -0.1720075, 51.614156 ], [ -0.1718324, 51.6137555 ] ] ] } },
{ "type": "Feature", "properties": { "id": "19801636", "name": null }, "geometry": { "type": "Polygon", "coordinates": [ [ [ -0.1493023, 51.3200965 ], [ -0.1504399, 51.3199258 ], [ -0.1514526, 51.3196245 ], [ -0.1511917, 51.3192165 ], [ -0.1491049, 51.3197586 ], [ -0.1493023, 51.3200965 ] ] ] } },
{ "type": "Feature", "properties": { "id": "19914016", "name": "Bushy Park Allotments" }, "geometry": { "type": "Polygon", "coordinates": [ [ [ -0.358852, 51.4219126 ], [ -0.3588741, 51.4218334 ], [ -0.3589957, 51.4211663 ], [ -0.3590349, 51.4206528 ], [ -0.3590565, 51.420275 ], [ -0.3590435, 51.419595 ], [ -0.3590371, 51.4193454 ], [ -0.3590352, 51.4192701 ], [ -0.3589755, 51.4188676 ], [ -0.358942, 51.4187839 ], [ -0.3588449, 51.4187982 ], [ -0.3574885, 51.4186597 ], [ -0.3572659, 51.4190764 ], [ -0.3565718, 51.4208895 ], [ -0.3563727, 51.4214395 ], [ -0.3562897, 51.4214321 ], [ -0.3560704, 51.422107 ], [ -0.3563574, 51.4221466 ], [ -0.358852, 51.4219126 ] ] ] } },
{ "type": "Feature", "properties": { "id": "20344094", "name": "Kenton Recreation Ground allotments" }, "geometry": { "type": "Polygon", "coordinates": [ [ [ -0.3174795, 51.5858224 ], [ -0.3172073, 51.5855991 ], [ -0.3161625, 51.5860992 ], [ -0.3165866, 51.5864311 ], [ -0.3175294, 51.5860278 ], [ -0.3173509, 51.5858755 ], [ -0.3174795, 51.5858224 ] ] ] } },
{ "type": "Feature", "properties": { "id": "20355275", "name": "Orchard Grove" }, "geometry": { "type": "Polygon", "coordinates": [ [ [ -0.2857992, 51.5864452 ], [ -0.2854387, 51.5863919 ], [ -0.2851949, 51.5879338 ], [ -0.2857088, 51.587965 ], [ -0.2856619, 51.5871758 ], [ -0.2857992, 51.5864452 ] ] ] } },
{ "type": "Feature", "properties": { "id": "20415002", "name": "Bishop Ken" }, "geometry": { "type": "Polygon", "coordinates": [ [ [ -0.3308014, 51.6000511 ], [ -0.3305181, 51.600850799999989 ], [ -0.3303293, 51.6014052 ], [ -0.3310846, 51.6014479 ], [ -0.3311533, 51.6014266 ], [ -0.3312048, 51.6014266 ], [ -0.3311876, 51.6004829 ], [ -0.331179, 51.6003816 ], [ -0.3308014, 51.6000511 ] ] ] } },
{ "type": "Feature", "properties": { "id": "20416439", "name": "Paulhan Road North" }, "geometry": { "type": "Polygon", "coordinates": [ [ [ -0.3047088, 51.5909016 ], [ -0.304623, 51.5909122 ], [ -0.3045887, 51.5910562 ], [ -0.3040308, 51.5910829 ], [ -0.3040823, 51.5916694 ], [ -0.3041338, 51.5916908 ], [ -0.3042368, 51.5917014 ], [ -0.3043741, 51.5916801 ], [ -0.3045972, 51.5912002 ], [ -0.3046573, 51.5911149 ], [ -0.3047088, 51.5909016 ] ] ] } },
{ "type": "Feature", "properties": { "id": "20417475", "name": "Paulhan Road South" }, "geometry": { "type": "Polygon", "coordinates": [ [ [ -0.3045887, 51.589904399999988 ], [ -0.3045286, 51.5899631 ], [ -0.3045286, 51.5900431 ], [ -0.3045286, 51.5901124 ], [ -0.3045372, 51.590155 ], [ -0.3045887, 51.590315 ], [ -0.3046144, 51.590411 ], [ -0.304623, 51.590528299999988 ], [ -0.3046745, 51.5906829 ], [ -0.3048805, 51.5907309 ], [ -0.3049234, 51.5906296 ], [ -0.3050264, 51.5904696 ], [ -0.3050436, 51.590368299999987 ], [ -0.3050264, 51.590277699999987 ], [ -0.3050436, 51.590203 ], [ -0.3050779, 51.590123 ], [ -0.3050607, 51.5899897 ], [ -0.3049577, 51.5899364 ], [ -0.304829, 51.5898991 ], [ -0.3045887, 51.589904399999988 ] ] ] } },
{ "type": "Feature", "properties": { "id": "20422627", "name": "Vernon Drive" }, "geometry": { "type": "Polygon", "coordinates": [ [ [ -0.3221754, 51.605542 ], [ -0.3222955, 51.6052968 ], [ -0.321832, 51.6052702 ], [ -0.3189052, 51.6049237 ], [ -0.3171629, 51.6048704 ], [ -0.3170684, 51.6048704 ], [ -0.3171663, 51.6051265 ], [ -0.3183943, 51.6051381 ], [ -0.3218626, 51.6055086 ], [ -0.3221754, 51.605542 ] ] ] } },
{ "type": "Feature", "properties": { "id": "20424262", "name": "Isolation Hospital" }, "geometry": { "type": "Polygon", "coordinates": [ [ [ -0.2917656, 51.5960417 ], [ -0.2908987, 51.5957005 ], [ -0.2907528, 51.5957858 ], [ -0.2906583, 51.5958818 ], [ -0.2905038, 51.5960151 ], [ -0.290418, 51.5959884 ], [ -0.2902979, 51.5960577 ], [ -0.2902979, 51.5961111 ], [ -0.2903923, 51.5962284 ], [ -0.2905897, 51.5963457 ], [ -0.29083, 51.5963457 ], [ -0.2913622, 51.5962497 ], [ -0.2917656, 51.5960417 ] ] ] } },
{ "type": "Feature", "properties": { "id": "20425193", "name": "Chandos Recreation Ground" }, "geometry": { "type": "Polygon", "coordinates": [ [ [ -0.2856756, 51.6049553 ], [ -0.2858776, 51.6047318 ], [ -0.2860492, 51.6043586 ], [ -0.2859033, 51.6039428 ], [ -0.2854913, 51.6036123 ], [ -0.2849935, 51.603463 ], [ -0.284864, 51.6034706 ], [ -0.285133, 51.6035675 ], [ -0.2853103, 51.6037363 ], [ -0.2846837, 51.6039287 ], [ -0.2849718, 51.6042201 ], [ -0.285196, 51.6044996 ], [ -0.2850938, 51.6045759 ], [ -0.2853895, 51.604904 ], [ -0.2854219, 51.6049399 ], [ -0.2856756, 51.6049553 ] ] ] } },
{ "type": "Feature", "properties": { "id": "20428593", "name": "Church Fields Allotment Site" }, "geometry": { "type": "Polygon", "coordinates": [ [ [ -0.3410473, 51.5736292 ], [ -0.3408992, 51.5737133 ], [ -0.3407966, 51.5738305 ], [ -0.3408984, 51.5739457 ], [ -0.3412533, 51.5737947 ], [ -0.3410473, 51.5736292 ] ] ] } },
{ "type": "Feature", "properties": { "id": "20430383", "name": "Pleasant Place" }, "geometry": { "type": "Polygon", "coordinates": [ [ [ -0.3488332, 51.5700532 ], [ -0.3476091, 51.5696051 ], [ -0.3473416, 51.5699218 ], [ -0.3479153, 51.5701342 ], [ -0.3484119, 51.570422 ], [ -0.3484657, 51.5703454 ], [ -0.3486242, 51.5702132 ], [ -0.348726, 51.5701147 ], [ -0.3488332, 51.5700532 ] ] ] } },
{ "type": "Feature", "properties": { "id": "20431545", "name": "Marshalls" }, "geometry": { "type": "Polygon", "coordinates": [ [ [ -0.348511, 51.5771952 ], [ -0.3485621, 51.5771901 ], [ -0.3486644, 51.577181 ], [ -0.348701, 51.5771189 ], [ -0.348967, 51.5767705 ], [ -0.3492414, 51.5762779 ], [ -0.3489172, 51.576208799999989 ], [ -0.3489117, 51.5762076 ], [ -0.3488096, 51.5760684 ], [ -0.3482557, 51.5764967 ], [ -0.3477662, 51.5768844 ], [ -0.3478724, 51.5769279 ], [ -0.348511, 51.5771952 ] ] ] } },
{ "type": "Feature", "properties": { "id": "20432792", "name": "West Harrow Small Site" }, "geometry": { "type": "Polygon", "coordinates": [ [ [ -0.3532095, 51.5814146 ], [ -0.352205, 51.5801971 ], [ -0.3521791, 51.5801652 ], [ -0.3521147, 51.5801605 ], [ -0.3520727, 51.5801038 ], [ -0.3515712, 51.5801941 ], [ -0.3508524, 51.5802989 ], [ -0.3500302, 51.5803689 ], [ -0.3490726, 51.5804082 ], [ -0.3501463, 51.5806217 ], [ -0.3509074, 51.5807917 ], [ -0.3522559, 51.5811305 ], [ -0.3532095, 51.5814146 ] ] ] } },
{ "type": "Feature", "properties": { "id": "20433187", "name": "Rayners Mead" }, "geometry": { "type": "Polygon", "coordinates": [ [ [ -0.3661663, 51.5779153 ], [ -0.3662951, 51.5787474 ], [ -0.3668101, 51.5786941 ], [ -0.366913, 51.5785714 ], [ -0.3669989, 51.5784114 ], [ -0.366853, 51.577958 ], [ -0.3661663, 51.5779153 ] ] ] } },
{ "type": "Feature", "properties": { "id": "20486729", "name": "Park View" }, "geometry": { "type": "Polygon", "coordinates": [ [ [ -0.3710448, 51.6055666 ], [ -0.3707701, 51.6053481 ], [ -0.36962, 51.6057479 ], [ -0.3697745, 51.6059771 ], [ -0.3710448, 51.6055666 ] ] ] } },
{ "type": "Feature", "properties": { "id": "20533685", "name": "Cuckoo Hill - Cranbourne Drive" }, "geometry": { "type": "Polygon", "coordinates": [ [ [ -0.3895809, 51.5895373 ], [ -0.3897116, 51.5892195 ], [ -0.3880808, 51.5889462 ], [ -0.3879518, 51.5892595 ], [ -0.3895809, 51.5895373 ] ] ] } },
{ "type": "Feature", "properties": { "id": "20535916", "name": "Montesoles" }, "geometry": { "type": "Polygon", "coordinates": [ [ [ -0.3908314, 51.6014588 ], [ -0.390261, 51.6010516 ], [ -0.3895753, 51.6014946 ], [ -0.3893834, 51.6015691 ], [ -0.3899754, 51.6020177 ], [ -0.390384, 51.6022825 ], [ -0.3913045, 51.601776 ], [ -0.3908314, 51.6014588 ] ] ] } },
{ "type": "Feature", "properties": { "id": "20538069", "name": "Wakehams Hill" }, "geometry": { "type": "Polygon", "coordinates": [ [ [ -0.3702101, 51.5942118 ], [ -0.3692747, 51.594047 ], [ -0.3701316, 51.5947231 ], [ -0.3702101, 51.5942118 ] ] ] } },
{ "type": "Feature", "properties": { "id": "20540188", "name": "Kingsley Road North" }, "geometry": { "type": "Polygon", "coordinates": [ [ [ -0.3711504, 51.5890301 ], [ -0.3698029, 51.5889768 ], [ -0.3692107, 51.5888381 ], [ -0.3690991, 51.5891581 ], [ -0.3694853, 51.5893341 ], [ -0.3702079, 51.589714 ], [ -0.3702836, 51.5892967 ], [ -0.3711075, 51.5892861 ], [ -0.3711504, 51.5890301 ] ] ] } },
{ "type": "Feature", "properties": { "id": "20540276", "name": "Kingsley Road South" }, "geometry": { "type": "Polygon", "coordinates": [ [ [ -0.3688244, 51.588678099999989 ], [ -0.3666917, 51.5878331 ], [ -0.3662566, 51.5883157 ], [ -0.3671479, 51.5887079 ], [ -0.368009, 51.5886302 ], [ -0.3684296, 51.5886248 ], [ -0.3688244, 51.588678099999989 ] ] ] } },
{ "type": "Feature", "properties": { "id": "20541088", "name": "Lincoln Road" }, "geometry": { "type": "Polygon", "coordinates": [ [ [ -0.3699275, 51.5856093 ], [ -0.3696656, 51.5853504 ], [ -0.3682579, 51.5858624 ], [ -0.367846, 51.5856704 ], [ -0.3675885, 51.5858304 ], [ -0.3686143, 51.5862706 ], [ -0.3687602, 51.5861212 ], [ -0.3691207, 51.5858493 ], [ -0.3699275, 51.5856093 ] ] ] } },
{ "type": "Feature", "properties": { "id": "21359762", "name": "Isle of Dogs and District Allotment Society" }, "geometry": { "type": "Polygon", "coordinates": [ [ [ -0.0139392, 51.4914532 ], [ -0.0139977, 51.4910673 ], [ -0.0115818, 51.4909318 ], [ -0.0115351, 51.4911335 ], [ -0.0115291, 51.4911557 ], [ -0.0114966, 51.4913163 ], [ -0.0125614, 51.4913746 ], [ -0.0139392, 51.4914532 ] ] ] } },
{ "type": "Feature", "properties": { "id": "21359989", "name": "Mudchute Allotment Society" }, "geometry": { "type": "Polygon", "coordinates": [ [ [ -0.0086421, 51.4920546 ], [ -0.0088634, 51.4920055 ], [ -0.008994, 51.4919424 ], [ -0.0091079, 51.4916324 ], [ -0.0090119, 51.4916132 ], [ -0.0080934, 51.4914293 ], [ -0.0079279, 51.4917656 ], [ -0.0081584, 51.4918062 ], [ -0.0080842, 51.4919638 ], [ -0.0083816, 51.492013 ], [ -0.0086421, 51.4920546 ] ] ] } },
{ "type": "Feature", "properties": { "id": "22381020", "name": "Roundshaw Allotments" }, "geometry": { "type": "Polygon", "coordinates": [ [ [ -0.1308827, 51.3478978 ], [ -0.1299645, 51.3478702 ], [ -0.1291795, 51.3478688 ], [ -0.1289587, 51.3478911 ], [ -0.1291711, 51.3485667 ], [ -0.1289445, 51.3486379 ], [ -0.1291461, 51.3492437 ], [ -0.1299336, 51.3491449 ], [ -0.1303619, 51.3490462 ], [ -0.1312465, 51.3487613 ], [ -0.1308827, 51.3478978 ] ] ] } },
{ "type": "Feature", "properties": { "id": "22476668", "name": null }, "geometry": { "type": "Polygon", "coordinates": [ [ [ -0.3174917, 51.4142567 ], [ -0.3172563, 51.4126665 ], [ -0.3171723, 51.4122214 ], [ -0.3171594, 51.4121531 ], [ -0.317118, 51.4119336 ], [ -0.3169944, 51.4112788 ], [ -0.316974, 51.4110857 ], [ -0.3130792, 51.4116589 ], [ -0.314013, 51.412317 ], [ -0.3148812, 51.4134881 ], [ -0.3150044, 51.4134511 ], [ -0.3150187, 51.4134656 ], [ -0.3150402, 51.4134842 ], [ -0.3149252, 51.4135315 ], [ -0.3174917, 51.4142567 ] ] ] } },
{ "type": "Feature", "properties": { "id": "22492059", "name": "Elm Road Allotments" }, "geometry": { "type": "Polygon", "coordinates": [ [ [ -0.2675601, 51.4079418 ], [ -0.2674246, 51.4078431 ], [ -0.267326, 51.4077596 ], [ -0.267208, 51.4076265 ], [ -0.2670945, 51.4074534 ], [ -0.2670537, 51.4073481 ], [ -0.2670209, 51.407249 ], [ -0.2670164, 51.4071721 ], [ -0.2670079, 51.4065773 ], [ -0.2663552, 51.4065822 ], [ -0.2663177, 51.4066269 ], [ -0.2662986, 51.4066275 ], [ -0.2662347, 51.4067622 ], [ -0.2660586, 51.407015 ], [ -0.2659394, 51.4072044 ], [ -0.2657528, 51.4075388 ], [ -0.265658, 51.4076627 ], [ -0.2655385, 51.4077886 ], [ -0.2654188, 51.407924 ], [ -0.2653973, 51.4079795 ], [ -0.2653688, 51.4080607 ], [ -0.2653332, 51.4081176 ], [ -0.2652997, 51.4081751 ], [ -0.2652853, 51.4081734 ], [ -0.2651734, 51.4083682 ], [ -0.2651619, 51.4083992 ], [ -0.2651822, 51.4084193 ], [ -0.2658992, 51.4084816 ], [ -0.2670018, 51.4085777 ], [ -0.2671485, 51.4083668 ], [ -0.2672527, 51.4082443 ], [ -0.2675601, 51.4079418 ] ] ] } },
{ "type": "Feature", "properties": { "id": "22676862", "name": "SVPOA Allotments" }, "geometry": { "type": "Polygon", "coordinates": [ [ [ -0.1390692, 51.4134146 ], [ -0.1407215, 51.4138522 ], [ -0.1411361, 51.4134897 ], [ -0.1395082, 51.4129167 ], [ -0.1390692, 51.4134146 ] ] ] } },
{ "type": "Feature", "properties": { "id": "22676938", "name": null }, "geometry": { "type": "Polygon", "coordinates": [ [ [ -0.1475456, 51.4173309 ], [ -0.1477813, 51.4173423 ], [ -0.147841, 51.4170054 ], [ -0.1480913, 51.4166064 ], [ -0.1481141, 51.4165735 ], [ -0.1472968, 51.4163527 ], [ -0.146455, 51.4161235 ], [ -0.1463914, 51.4161143 ], [ -0.1463543, 51.4161017 ], [ -0.1463304, 51.4161264 ], [ -0.1463025, 51.4161402 ], [ -0.146206, 51.4162219 ], [ -0.1460078, 51.4163624 ], [ -0.1453824, 51.4168062 ], [ -0.1451172, 51.4166526 ], [ -0.1450675, 51.4166355 ], [ -0.144983, 51.4165899 ], [ -0.1447306, 51.416454 ], [ -0.1440311, 51.4170098 ], [ -0.1435969, 51.4173391 ], [ -0.1437546, 51.4174481 ], [ -0.1442887, 51.4172089 ], [ -0.1443916, 51.4172025 ], [ -0.1445118, 51.4174648 ], [ -0.1459623, 51.4173042 ], [ -0.1475456, 51.4173309 ] ] ] } },
{ "type": "Feature", "properties": { "id": "22696558", "name": null }, "geometry": { "type": "Polygon", "coordinates": [ [ [ -0.2533136, 51.5118145 ], [ -0.2531511, 51.5114814 ], [ -0.2525548, 51.511583 ], [ -0.2523202, 51.5108245 ], [ -0.2525837, 51.5107893 ], [ -0.2524137, 51.5102743 ], [ -0.252121, 51.5102943 ], [ -0.2517071, 51.5103247 ], [ -0.2521448, 51.5120614 ], [ -0.2533136, 51.5118145 ] ] ] } },
{ "type": "Feature", "properties": { "id": "22696575", "name": null }, "geometry": { "type": "Polygon", "coordinates": [ [ [ -0.2520963, 51.5084786 ], [ -0.2514449, 51.5085153 ], [ -0.2514973, 51.5089141 ], [ -0.2521497, 51.5088778 ], [ -0.2520963, 51.5084786 ] ] ] } },
{ "type": "Feature", "properties": { "id": "22715783", "name": "Highcombe Allotments" }, "geometry": { "type": "Polygon", "coordinates": [ [ [ 0.0269107, 51.4814149 ], [ 0.0272996, 51.4814126 ], [ 0.0274467, 51.4814175 ], [ 0.0275959, 51.4814276 ], [ 0.0277186, 51.4814489 ], [ 0.0278333, 51.481481 ], [ 0.0279441, 51.4815237 ], [ 0.0277409, 51.481684 ], [ 0.0276692, 51.4818364 ], [ 0.0269657, 51.4817546 ], [ 0.0269107, 51.4814149 ] ] ] } },
{ "type": "Feature", "properties": { "id": "22753792", "name": null }, "geometry": { "type": "Polygon", "coordinates": [ [ [ -0.1263217, 51.3943793 ], [ -0.1257336, 51.3942535 ], [ -0.1256037, 51.3942041 ], [ -0.1253982, 51.3940833 ], [ -0.1252347, 51.3939399 ], [ -0.1251442, 51.3938002 ], [ -0.1242784, 51.3944801 ], [ -0.1239405, 51.3943119 ], [ -0.1239248, 51.3943113 ], [ -0.1236254, 51.3945359 ], [ -0.1234155, 51.3946997 ], [ -0.1232785, 51.3948066 ], [ -0.12308, 51.3949642 ], [ -0.1227733, 51.3952066 ], [ -0.1226227, 51.3953188 ], [ -0.1225192, 51.3954037 ], [ -0.1247754, 51.3965467 ], [ -0.1253483, 51.3961299 ], [ -0.1257648, 51.3956285 ], [ -0.1259204, 51.3953754 ], [ -0.1261416, 51.394832 ], [ -0.1263217, 51.3943793 ] ] ] } },
{ "type": "Feature", "properties": { "id": "22794549", "name": "Dickerage Road Allotments" }, "geometry": { "type": "Polygon", "coordinates": [ [ [ -0.2730335, 51.4095596 ], [ -0.2729808, 51.4093451 ], [ -0.2729451, 51.4092166 ], [ -0.2729305, 51.4091528 ], [ -0.2715723, 51.4092933 ], [ -0.271666, 51.4097262 ], [ -0.271981, 51.4096591 ], [ -0.2730335, 51.4095596 ] ] ] } },
{ "type": "Feature", "properties": { "id": "22794665", "name": "Grange Road Allotments" }, "geometry": { "type": "Polygon", "coordinates": [ [ [ -0.3021304, 51.4059984 ], [ -0.3018295, 51.4060417 ], [ -0.3019881, 51.406108 ], [ -0.3022997, 51.4062383 ], [ -0.3022305, 51.4061483 ], [ -0.3021733, 51.4060822 ], [ -0.3021304, 51.4059984 ] ] ] } },
{ "type": "Feature", "properties": { "id": "22797873", "name": "Dacre Park Allotments" }, "geometry": { "type": "Polygon", "coordinates": [ [ [ 0.0056414, 51.4604396 ], [ 0.0057042, 51.4603327 ], [ 0.0057228, 51.4603001 ], [ 0.0057272, 51.460291 ], [ 0.0057657, 51.4602252 ], [ 0.0057802, 51.4602005 ], [ 0.0058596, 51.4600692 ], [ 0.0058766, 51.4600389 ], [ 0.0059882, 51.4598483 ], [ 0.0060104, 51.4598109 ], [ 0.0060291, 51.4597788 ], [ 0.0063728, 51.4597336 ], [ 0.006468, 51.4600011 ], [ 0.0064451, 51.4600027 ], [ 0.006549, 51.4603391 ], [ 0.0065732, 51.4604052 ], [ 0.0065855, 51.4604511 ], [ 0.0066213, 51.4605841 ], [ 0.0066044, 51.4605866 ], [ 0.0066302, 51.4606742 ], [ 0.0066375, 51.4607308 ], [ 0.0066243, 51.4607404 ], [ 0.0060582, 51.4606778 ], [ 0.0058137, 51.4606068 ], [ 0.0059089, 51.460461 ], [ 0.005889, 51.4604573 ], [ 0.0058493, 51.4604652 ], [ 0.0058007, 51.4604772 ], [ 0.0057312, 51.4604685 ], [ 0.0056414, 51.4604396 ] ] ] } },
{ "type": "Feature", "properties": { "id": "22868487", "name": null }, "geometry": { "type": "Polygon", "coordinates": [ [ [ 0.1508887, 51.566740599999989 ], [ 0.1511193, 51.5659869 ], [ 0.1514175, 51.5659677 ], [ 0.1513866, 51.5657614 ], [ 0.1537438, 51.5660728 ], [ 0.1537847, 51.5664625 ], [ 0.1534849, 51.566687 ], [ 0.1532099, 51.5668724 ], [ 0.152871, 51.5670843 ], [ 0.1527012, 51.5670809 ], [ 0.1521833, 51.5670809 ], [ 0.1521356, 51.5669793 ], [ 0.1516518, 51.5669877 ], [ 0.1515769, 51.5667548 ], [ 0.1508887, 51.566740599999989 ] ] ] } },
{ "type": "Feature", "properties": { "id": "22868536", "name": null }, "geometry": { "type": "Polygon", "coordinates": [ [ [ 0.1707446, 51.5911142 ], [ 0.1717059, 51.5910449 ], [ 0.1718776, 51.5911142 ], [ 0.171972, 51.591226199999987 ], [ 0.1720492, 51.5914075 ], [ 0.1712081, 51.5915088 ], [ 0.1707446, 51.5911142 ] ] ] } },
{ "type": "Feature", "properties": { "id": "22869074", "name": "Wolves Lane Allotments" }, "geometry": { "type": "Polygon", "coordinates": [ [ [ -0.1030956, 51.6064774 ], [ -0.1020173, 51.6066822 ], [ -0.1003493, 51.606997899999989 ], [ -0.0984425, 51.6072885 ], [ -0.0986886, 51.607624699999988 ], [ -0.0973381, 51.6082001 ], [ -0.0974824, 51.6085124 ], [ -0.0977826, 51.6085137 ], [ -0.098453, 51.6084847 ], [ -0.0984694, 51.6088831 ], [ -0.098494, 51.6088824 ], [ -0.0985395, 51.6088805 ], [ -0.0986049, 51.6088799 ], [ -0.0985942, 51.6084732 ], [ -0.0991742, 51.6084351 ], [ -0.0997536, 51.608452 ], [ -0.099978, 51.608467 ], [ -0.1008162, 51.608479499999987 ], [ -0.1011015, 51.6084993 ], [ -0.1012826, 51.60851 ], [ -0.1015192, 51.6085095 ], [ -0.1017835, 51.60849 ], [ -0.1022006, 51.6084212 ], [ -0.1025409, 51.6080523 ], [ -0.1027939, 51.6075999 ], [ -0.1028889, 51.6073545 ], [ -0.1035486, 51.6074129 ], [ -0.1035672, 51.607368 ], [ -0.1035794, 51.607343899999989 ], [ -0.1029254, 51.6072982 ], [ -0.1027307, 51.6073093 ], [ -0.1026503, 51.6071463 ], [ -0.1025256, 51.6069087 ], [ -0.102912, 51.606828 ], [ -0.1032423, 51.606759 ], [ -0.1036616, 51.6066835 ], [ -0.1036605, 51.6066692 ], [ -0.1036589, 51.6066488 ], [ -0.1032072, 51.6067329 ], [ -0.1030956, 51.6064774 ] ] ] } },
{ "type": "Feature", "properties": { "id": "22870084", "name": null }, "geometry": { "type": "Polygon", "coordinates": [ [ [ 0.1486682, 51.5390814 ], [ 0.1486768, 51.5389105 ], [ 0.1487283, 51.5387771 ], [ 0.1490201, 51.5386116 ], [ 0.1504621, 51.5382432 ], [ 0.1506595, 51.5381845 ], [ 0.1509513, 51.5379549 ], [ 0.1510371, 51.5380243 ], [ 0.1512369, 51.5387859 ], [ 0.1504277, 51.5389052 ], [ 0.1500415, 51.5390653 ], [ 0.1486682, 51.5390814 ] ] ] } },
{ "type": "Feature", "properties": { "id": "22870095", "name": null }, "geometry": { "type": "Polygon", "coordinates": [ [ [ 0.140231, 51.5408697 ], [ 0.1398978, 51.5408738 ], [ 0.1399622, 51.540646900000013 ], [ 0.140297, 51.5406315 ], [ 0.1406176, 51.5405297 ], [ 0.1406713, 51.5404849 ], [ 0.1408863, 51.5403051 ], [ 0.1412838, 51.5398411 ], [ 0.1422369, 51.5398943 ], [ 0.1418353, 51.5404338 ], [ 0.1413297, 51.5406188 ], [ 0.1413081, 51.5407126 ], [ 0.1413057, 51.5409288 ], [ 0.140231, 51.5408697 ] ] ] } },
{ "type": "Feature", "properties": { "id": "22870374", "name": "Connaught Allotments" }, "geometry": { "type": "Polygon", "coordinates": [ [ [ 0.0445383, 51.5101445 ], [ 0.0447357, 51.509637 ], [ 0.0449331, 51.5095302 ], [ 0.0454481, 51.5093646 ], [ 0.0468729, 51.5093539 ], [ 0.0472162, 51.5094821 ], [ 0.0472285, 51.5102734 ], [ 0.0460626, 51.5099847 ], [ 0.0457539, 51.5104516 ], [ 0.0445383, 51.5101445 ] ] ] } },
{ "type": "Feature", "properties": { "id": "22887172", "name": null }, "geometry": { "type": "Polygon", "coordinates": [ [ [ -0.3439125, 51.466214 ], [ -0.3439231, 51.4665162 ], [ -0.3440816, 51.4665117 ], [ -0.3441344, 51.4665693 ], [ -0.3442983, 51.4665268 ], [ -0.3445715, 51.4664586 ], [ -0.3447118, 51.466407 ], [ -0.3448832, 51.4663121 ], [ -0.3446617, 51.4663303 ], [ -0.3446626, 51.4662272 ], [ -0.3439125, 51.466214 ] ] ] } },
{ "type": "Feature", "properties": { "id": "22894052", "name": "Kingston Road Allotments" }, "geometry": { "type": "Polygon", "coordinates": [ [ [ -0.2817883, 51.4045158 ], [ -0.2811503, 51.4041132 ], [ -0.2800071, 51.4033879 ], [ -0.2799328, 51.4033228 ], [ -0.2795506, 51.4031296 ], [ -0.2794143, 51.4033879 ], [ -0.278841, 51.4037555 ], [ -0.2809492, 51.404595 ], [ -0.2813747, 51.404763 ], [ -0.2814049, 51.4047781 ], [ -0.2817883, 51.4045158 ] ] ] } },
{ "type": "Feature", "properties": { "id": "22924450", "name": null }, "geometry": { "type": "Polygon", "coordinates": [ [ [ -0.3958205, 51.4320872 ], [ -0.3964993, 51.4318232 ], [ -0.3973432, 51.4315435 ], [ -0.3975787, 51.4314322 ], [ -0.3976804, 51.4314022 ], [ -0.3976773, 51.4312867 ], [ -0.3975413, 51.4311808 ], [ -0.39755, 51.4311442 ], [ -0.3967732, 51.4305178 ], [ -0.3967478, 51.4304973 ], [ -0.3967266, 51.4304736 ], [ -0.3965948, 51.430326199999989 ], [ -0.3960006, 51.4292943 ], [ -0.3959863, 51.4292721 ], [ -0.3959816, 51.4292486 ], [ -0.3944784, 51.4302554 ], [ -0.3943617, 51.430338399999989 ], [ -0.394003, 51.4305934 ], [ -0.3958205, 51.4320872 ] ] ] } },
{ "type": "Feature", "properties": { "id": "22933918", "name": "Bonar Road Allotments" }, "geometry": { "type": "Polygon", "coordinates": [ [ [ -0.0702439, 51.4763551 ], [ -0.0706771, 51.4773039 ], [ -0.0709077, 51.4772631 ], [ -0.0704746, 51.4763143 ], [ -0.0702439, 51.4763551 ] ] ] } },
{ "type": "Feature", "properties": { "id": "22950278", "name": "Addison Gardens Allotments" }, "geometry": { "type": "Polygon", "coordinates": [ [ [ -0.2909827, 51.4003877 ], [ -0.2910514, 51.4002059 ], [ -0.2911143, 51.3998956 ], [ -0.2908274, 51.3998973 ], [ -0.2909148, 51.3996144 ], [ -0.2911962, 51.3996076 ], [ -0.2914258, 51.3988058 ], [ -0.2899094, 51.3988663 ], [ -0.289074, 51.3989585 ], [ -0.2889059, 51.3996752 ], [ -0.2897717, 51.3996591 ], [ -0.2896547, 51.4000693 ], [ -0.2899253, 51.4001046 ], [ -0.2898686, 51.4002599 ], [ -0.2909827, 51.4003877 ] ] ] } },
{ "type": "Feature", "properties": { "id": "22992575", "name": null }, "geometry": { "type": "Polygon", "coordinates": [ [ [ -0.3952075, 51.4323274 ], [ -0.3958205, 51.4320872 ], [ -0.394003, 51.4305934 ], [ -0.3933852, 51.4309992 ], [ -0.3944402, 51.4317562 ], [ -0.3947896, 51.4320069 ], [ -0.395166, 51.432299199999989 ], [ -0.3952075, 51.4323274 ] ] ] } },
{ "type": "Feature", "properties": { "id": "23013972", "name": "Barley Lane Allotments" }, "geometry": { "type": "Polygon", "coordinates": [ [ [ 0.1088481, 51.5742284 ], [ 0.108616, 51.5735324 ], [ 0.1093019, 51.5734549 ], [ 0.1115015, 51.5732063 ], [ 0.1116652, 51.5736772 ], [ 0.1117134, 51.5739023 ], [ 0.1088481, 51.5742284 ] ] ] } },
{ "type": "Feature", "properties": { "id": "23015807", "name": "Groveland Way Allotments" }, "geometry": { "type": "Polygon", "coordinates": [ [ [ -0.2721396, 51.3971695 ], [ -0.2713671, 51.3961146 ], [ -0.2700539, 51.3962217 ], [ -0.2701651, 51.3967664 ], [ -0.2697649, 51.3967927 ], [ -0.2697847, 51.3968335 ], [ -0.269789, 51.3968596 ], [ -0.2701806, 51.396842 ], [ -0.270277, 51.3973141 ], [ -0.2721396, 51.3971695 ] ] ] } },
{ "type": "Feature", "properties": { "id": "23023287", "name": null }, "geometry": { "type": "Polygon", "coordinates": [ [ [ 0.1796474, 51.5364956 ], [ 0.1797759, 51.5364521 ], [ 0.1798844, 51.5364155 ], [ 0.1799004, 51.5364101 ], [ 0.1799205, 51.5364033 ], [ 0.179963, 51.5363889 ], [ 0.181841, 51.5357602 ], [ 0.1823299, 51.5361024 ], [ 0.1826759, 51.5363445 ], [ 0.1828867, 51.5364921 ], [ 0.1829777, 51.5365558 ], [ 0.1830966, 51.536639 ], [ 0.1832862, 51.5367717 ], [ 0.1829198, 51.5369153 ], [ 0.1808891, 51.5377114 ], [ 0.1796474, 51.5364956 ] ] ] } },
{ "type": "Feature", "properties": { "id": "23023425", "name": null }, "geometry": { "type": "Polygon", "coordinates": [ [ [ 0.2298189, 51.5839452 ], [ 0.2294413, 51.583631 ], [ 0.2298324, 51.5834299 ], [ 0.2294683, 51.5830864 ], [ 0.2297784, 51.5829691 ], [ 0.2302706, 51.583321 ], [ 0.2304392, 51.5832581 ], [ 0.2308033, 51.5834634 ], [ 0.2298189, 51.5839452 ] ] ] } },
{ "type": "Feature", "properties": { "id": "23039170", "name": "Beverley Park Allotments" }, "geometry": { "type": "Polygon", "coordinates": [ [ [ -0.2471004, 51.4020816 ], [ -0.2456912, 51.4018394 ], [ -0.2452853, 51.401808 ], [ -0.2451298, 51.4022988 ], [ -0.2470574, 51.4025312 ], [ -0.2470933, 51.4021557 ], [ -0.2477, 51.4022273 ], [ -0.2477004, 51.4021626 ], [ -0.2471004, 51.4020816 ] ] ] } },
{ "type": "Feature", "properties": { "id": "23042191", "name": null }, "geometry": { "type": "Polygon", "coordinates": [ [ [ 0.2368533, 51.5555559 ], [ 0.2367412, 51.5553549 ], [ 0.2364605, 51.5548516 ], [ 0.2363519, 51.5544464 ], [ 0.2362208, 51.5539503 ], [ 0.236209, 51.5538704 ], [ 0.2361129, 51.5534564 ], [ 0.2360564, 51.5531577 ], [ 0.2360153, 51.5528684 ], [ 0.2355293, 51.5523419 ], [ 0.2354939, 51.5523071 ], [ 0.2357699, 51.5521998 ], [ 0.2359898, 51.5524272 ], [ 0.2362189, 51.5527101 ], [ 0.2364506, 51.5532432 ], [ 0.2370555, 51.5543344 ], [ 0.2372802, 51.5547767 ], [ 0.2374791, 51.5552181 ], [ 0.2374892, 51.555374 ], [ 0.2369956, 51.555866 ], [ 0.2369353, 51.5557477 ], [ 0.2368533, 51.5555559 ] ] ] } },
{ "type": "Feature", "properties": { "id": "23050593", "name": null }, "geometry": { "type": "Polygon", "coordinates": [ [ [ 0.209523, 51.5632722 ], [ 0.2106488, 51.5629709 ], [ 0.2107538, 51.5629428 ], [ 0.2109032, 51.5631344 ], [ 0.2113333, 51.5634677 ], [ 0.2114152, 51.5635951 ], [ 0.212174, 51.563529 ], [ 0.212653, 51.563411099999989 ], [ 0.2132162, 51.5642026 ], [ 0.2135599, 51.564709099999988 ], [ 0.2130818, 51.565 ], [ 0.2131202, 51.5651077 ], [ 0.2125021, 51.5651899 ], [ 0.2124144, 51.5650396 ], [ 0.2119771, 51.5650849 ], [ 0.2117333, 51.5646869 ], [ 0.2113867, 51.5647372 ], [ 0.2110355, 51.564794899999988 ], [ 0.2103034, 51.5634907 ], [ 0.2097272, 51.5636208 ], [ 0.209523, 51.5632722 ] ] ] } },
{ "type": "Feature", "properties": { "id": "23050707", "name": null }, "geometry": { "type": "Polygon", "coordinates": [ [ [ 0.2071634, 51.5578989 ], [ 0.2074569, 51.5578556 ], [ 0.2074712, 51.5578779 ], [ 0.2075772, 51.5578525 ], [ 0.2077036, 51.5578186 ], [ 0.2077483, 51.5578099 ], [ 0.2077898, 51.5578171 ], [ 0.2078217, 51.5578314 ], [ 0.2078795, 51.5578953 ], [ 0.2079489, 51.5579575 ], [ 0.2080174, 51.5579954 ], [ 0.2081381, 51.558024 ], [ 0.2081684, 51.5580285 ], [ 0.208205, 51.5580278 ], [ 0.2083668, 51.5581118 ], [ 0.2080461, 51.5582729 ], [ 0.2078755, 51.5583575 ], [ 0.2077741, 51.5583889 ], [ 0.2076958, 51.5583921 ], [ 0.2076741, 51.5583899 ], [ 0.2076212, 51.5582999 ], [ 0.2074412, 51.5582436 ], [ 0.2072914, 51.5582038 ], [ 0.2071634, 51.5578989 ] ] ] } },
{ "type": "Feature", "properties": { "id": "23060909", "name": "Sixth Cross Road Allotments" }, "geometry": { "type": "Polygon", "coordinates": [ [ [ -0.3601317, 51.4384617 ], [ -0.3603376, 51.4382832 ], [ -0.3603662, 51.4382083 ], [ -0.3596798, 51.4377373 ], [ -0.3593224, 51.4375246 ], [ -0.3589245, 51.437306 ], [ -0.3574769, 51.4366861 ], [ -0.3568835, 51.4365364 ], [ -0.3536112, 51.436022199999989 ], [ -0.3534762, 51.4362762 ], [ -0.3536481, 51.4362902 ], [ -0.3541512, 51.4363347 ], [ -0.3565154, 51.4366979 ], [ -0.3568201, 51.4367812 ], [ -0.3569962, 51.4368616 ], [ -0.3571627, 51.4369376 ], [ -0.3583198, 51.4375432 ], [ -0.3601317, 51.4384617 ] ] ] } },
{ "type": "Feature", "properties": { "id": "23062602", "name": null }, "geometry": { "type": "Polygon", "coordinates": [ [ [ -0.410066, 51.5977724 ], [ -0.4093955, 51.5977114 ], [ -0.4085066, 51.5976305 ], [ -0.4084481, 51.5978746 ], [ -0.408023, 51.5978203 ], [ -0.4080584, 51.5976648 ], [ -0.408061, 51.5975995 ], [ -0.4080146, 51.5975858 ], [ -0.4079975, 51.5973725 ], [ -0.4076713, 51.5973885 ], [ -0.4076713, 51.5974738 ], [ -0.4062379, 51.5973672 ], [ -0.4061272, 51.5973586 ], [ -0.4060319, 51.5973512 ], [ -0.4062379, 51.5980816 ], [ -0.4066157, 51.5982913 ], [ -0.4072331, 51.598522 ], [ -0.4089502, 51.5988493 ], [ -0.4098342, 51.598924 ], [ -0.410066, 51.5977724 ] ] ] } },
{ "type": "Feature", "properties": { "id": "23063245", "name": "Low Hall Farm Allotments" }, "geometry": { "type": "Polygon", "coordinates": [ [ [ -0.0320868, 51.572821 ], [ -0.0326044, 51.5726934 ], [ -0.0343796, 51.5722193 ], [ -0.0349924, 51.572177 ], [ -0.0352557, 51.5721152 ], [ -0.0353667, 51.5720424 ], [ -0.0356881, 51.5719552 ], [ -0.0368987, 51.5717151 ], [ -0.03675, 51.5715161 ], [ -0.0363949, 51.5712556 ], [ -0.0360021, 51.5709676 ], [ -0.0359632, 51.5708777 ], [ -0.0359899, 51.5708108 ], [ -0.0360935, 51.5707472 ], [ -0.0362987, 51.5707335 ], [ -0.0360161, 51.570315 ], [ -0.0355932, 51.5697945 ], [ -0.0332483, 51.5705333 ], [ -0.0318555, 51.5709414 ], [ -0.0315484, 51.5710998 ], [ -0.0312164, 51.5711524 ], [ -0.0313228, 51.5712851 ], [ -0.0315508, 51.57122 ], [ -0.0317171, 51.571448399999987 ], [ -0.0312692, 51.5715718 ], [ -0.0320868, 51.572821 ] ] ] } },
{ "type": "Feature", "properties": { "id": "23063313", "name": "Cheshire Fields" }, "geometry": { "type": "Polygon", "coordinates": [ [ [ -0.0397164, 51.5772451 ], [ -0.0401179, 51.5769956 ], [ -0.0403277, 51.576865299999987 ], [ -0.0402707, 51.5768091 ], [ -0.0402569, 51.5768287 ], [ -0.0402306, 51.5768251 ], [ -0.0402335, 51.5767702 ], [ -0.0401724, 51.5767002 ], [ -0.0400495, 51.576534 ], [ -0.0400023, 51.5764611 ], [ -0.0399768, 51.5764241 ], [ -0.0399528, 51.5763945 ], [ -0.0399317, 51.5763748 ], [ -0.0399048, 51.5763582 ], [ -0.0398655, 51.5763362 ], [ -0.03981, 51.5763125 ], [ -0.0397499, 51.5762889 ], [ -0.0395243, 51.576195899999988 ], [ -0.0392963, 51.5760985 ], [ -0.0390719, 51.5759885 ], [ -0.0388495, 51.5758723 ], [ -0.0387541, 51.5758179 ], [ -0.0385237, 51.5756967 ], [ -0.0383767, 51.5756241 ], [ -0.0382954, 51.575588 ], [ -0.0382713, 51.5755796 ], [ -0.0382502, 51.5755766 ], [ -0.0382181, 51.5755758 ], [ -0.0381791, 51.5755797 ], [ -0.0381273, 51.5755877 ], [ -0.0380601, 51.5756058 ], [ -0.0379777, 51.5756217 ], [ -0.0379062, 51.5756235 ], [ -0.037663, 51.5756153 ], [ -0.0374884, 51.575611099999989 ], [ -0.0374532, 51.5756033 ], [ -0.0374296, 51.5755944 ], [ -0.0373972, 51.5755728 ], [ -0.0372201, 51.5755696 ], [ -0.0368851, 51.5758009 ], [ -0.0384185, 51.576583 ], [ -0.0397164, 51.5772451 ] ] ] } },
{ "type": "Feature", "properties": { "id": "23063434", "name": "Seymour Road allotments" }, "geometry": { "type": "Polygon", "coordinates": [ [ [ -0.026498, 51.5684745 ], [ -0.0281974, 51.5678343 ], [ -0.027279, 51.5667992 ], [ -0.0254415, 51.5674469 ], [ -0.0260259, 51.568133 ], [ -0.026498, 51.5684745 ] ] ] } },
{ "type": "Feature", "properties": { "id": "23069631", "name": "Markhouse Common allotments" }, "geometry": { "type": "Polygon", "coordinates": [ [ [ -0.0266987, 51.5752988 ], [ -0.0262959, 51.5753714 ], [ -0.0260378, 51.5755447 ], [ -0.0259423, 51.575630499999988 ], [ -0.026021, 51.5758441 ], [ -0.0258023, 51.5758707 ], [ -0.0252168, 51.5759364 ], [ -0.0247267, 51.5760258 ], [ -0.0250582, 51.5764515 ], [ -0.0254992, 51.5770109 ], [ -0.0256413, 51.5769708 ], [ -0.0260141, 51.5768358 ], [ -0.0264915, 51.5766762 ], [ -0.0274936, 51.57641 ], [ -0.0266987, 51.5752988 ] ] ] } },
{ "type": "Feature", "properties": { "id": "23069920", "name": "Hoxton Manor allotments" }, "geometry": { "type": "Polygon", "coordinates": [ [ [ -0.0174073, 51.6062383 ], [ -0.0181814, 51.6060484 ], [ -0.0182071, 51.6058725 ], [ -0.0187908, 51.6056593 ], [ -0.0189195, 51.6056433 ], [ -0.0187887, 51.6045639 ], [ -0.018655, 51.6044553 ], [ -0.0180958, 51.6041484 ], [ -0.0180298, 51.604064099999988 ], [ -0.0171943, 51.6040814 ], [ -0.0171496, 51.6041021 ], [ -0.0171448, 51.6041841 ], [ -0.0171422, 51.6042474 ], [ -0.0171428, 51.6042522 ], [ -0.0171388, 51.6043051 ], [ -0.0171232, 51.6046021 ], [ -0.0171201, 51.6046267 ], [ -0.0171171, 51.6046821 ], [ -0.017116, 51.6047055 ], [ -0.017116, 51.6047351 ], [ -0.0171078, 51.6048631 ], [ -0.0171205, 51.6049197 ], [ -0.0171239, 51.6049832 ], [ -0.0172875, 51.6055823 ], [ -0.0174073, 51.6062383 ] ] ] } },
{ "type": "Feature", "properties": { "id": "23072517", "name": "Heath Gardens Allotments" }, "geometry": { "type": "Polygon", "coordinates": [ [ [ -0.3386865, 51.4437747 ], [ -0.3387767, 51.4429452 ], [ -0.3377686, 51.4430793 ], [ -0.3378032, 51.4432678 ], [ -0.3378926, 51.4437555 ], [ -0.3379216, 51.443944699999989 ], [ -0.3379783, 51.4439456 ], [ -0.3379894, 51.4437594 ], [ -0.3386725, 51.4437752 ], [ -0.3386865, 51.4437747 ] ] ] } },
{ "type": "Feature", "properties": { "id": "23072837", "name": null }, "geometry": { "type": "Polygon", "coordinates": [ [ [ -0.3435265, 51.4329032 ], [ -0.3434752, 51.4321084 ], [ -0.3432173, 51.4320991 ], [ -0.3429271, 51.4320886 ], [ -0.3428817, 51.4321378 ], [ -0.342927, 51.4329162 ], [ -0.3435265, 51.4329032 ] ] ] } },
{ "type": "Feature", "properties": { "id": "23081283", "name": "Cable Street Community Gardens" }, "geometry": { "type": "Polygon", "coordinates": [ [ [ -0.0496294, 51.5121282 ], [ -0.0496022, 51.5119709 ], [ -0.0502377, 51.511945 ], [ -0.0501786, 51.5116253 ], [ -0.0501267, 51.5112804 ], [ -0.0496183, 51.5113112 ], [ -0.0496963, 51.5117434 ], [ -0.049471, 51.5117634 ], [ -0.0495134, 51.5119745 ], [ -0.0495467, 51.5121297 ], [ -0.049547, 51.5121314 ], [ -0.0495555, 51.5121744 ], [ -0.0496128, 51.5121716 ], [ -0.0496161, 51.5121884 ], [ -0.0496585, 51.5122154 ], [ -0.0496824, 51.5123572 ], [ -0.0496889, 51.5123936 ], [ -0.0498305, 51.5123837 ], [ -0.0498421, 51.5124537 ], [ -0.050269, 51.5124333 ], [ -0.0502422, 51.5121705 ], [ -0.0496729, 51.5121964 ], [ -0.0496366, 51.5121709 ], [ -0.0496294, 51.5121282 ] ] ] } },
{ "type": "Feature", "properties": { "id": "23086311", "name": "Cavendish House Allotments" }, "geometry": { "type": "Polygon", "coordinates": [ [ [ -0.328394, 51.4561818 ], [ -0.3282317, 51.4553134 ], [ -0.3278628, 51.4553311 ], [ -0.3278492, 51.4551326 ], [ -0.327716, 51.4551355 ], [ -0.3275982, 51.455138 ], [ -0.32732, 51.4551077 ], [ -0.3272414, 51.4551915 ], [ -0.3271684, 51.4554091 ], [ -0.3270037, 51.4563044 ], [ -0.328394, 51.4561818 ] ] ] } },
{ "type": "Feature", "properties": { "id": "23116421", "name": "Montrose Avenue Allotments" }, "geometry": { "type": "Polygon", "coordinates": [ [ [ -0.2553579, 51.5989557 ], [ -0.2553968, 51.5989289 ], [ -0.2549254, 51.5985416 ], [ -0.254621, 51.598187599999989 ], [ -0.2542809, 51.5977001 ], [ -0.2543874, 51.5976276 ], [ -0.2547728, 51.5973649 ], [ -0.2544596, 51.5970986 ], [ -0.2531757, 51.5977305 ], [ -0.2533604, 51.5978666 ], [ -0.2537549, 51.598108 ], [ -0.2541598, 51.5983432 ], [ -0.2543842, 51.5984705 ], [ -0.2549313, 51.5987526 ], [ -0.2550818, 51.598826 ], [ -0.2553579, 51.5989557 ] ] ] } },
{ "type": "Feature", "properties": { "id": "23124854", "name": "Culvers Avenue allotments" }, "geometry": { "type": "Polygon", "coordinates": [ [ [ -0.1605274, 51.3791826 ], [ -0.160034, 51.3795472 ], [ -0.1607669, 51.3799833 ], [ -0.160904, 51.3799266 ], [ -0.1610489, 51.3798629 ], [ -0.1610168, 51.3798418 ], [ -0.160971, 51.3797308 ], [ -0.1609842, 51.3795661 ], [ -0.1609913, 51.3794034 ], [ -0.1605274, 51.3791826 ] ] ] } },
{ "type": "Feature", "properties": { "id": "23124951", "name": "Hawkwood allotments" }, "geometry": { "type": "Polygon", "coordinates": [ [ [ -0.0105089, 51.6403273 ], [ -0.0105679, 51.6398595 ], [ -0.0106591, 51.639864499999987 ], [ -0.0107718, 51.6392869 ], [ -0.0091906, 51.639217 ], [ -0.0092013, 51.6392919 ], [ -0.0092925, 51.6394492 ], [ -0.0093985, 51.639693 ], [ -0.0093944, 51.6397605 ], [ -0.0094327, 51.639769199999989 ], [ -0.0094125, 51.6398749 ], [ -0.0093388, 51.6399165 ], [ -0.0092375, 51.640244 ], [ -0.0091101, 51.6404504 ], [ -0.009322, 51.6404521 ], [ -0.0105089, 51.6403273 ] ] ] } },
{ "type": "Feature", "properties": { "id": "23126526", "name": "Simmons Lane allotments" }, "geometry": { "type": "Polygon", "coordinates": [ [ [ 0.0032786, 51.625474 ], [ 0.0027167, 51.6242928 ], [ 0.0025454, 51.6239308 ], [ 0.0029182, 51.6238117 ], [ 0.0030178, 51.6241486 ], [ 0.0030257, 51.6241796 ], [ 0.0031379, 51.6241686 ], [ 0.00313, 51.6241376 ], [ 0.0034252, 51.6241123 ], [ 0.0040258, 51.6241402 ], [ 0.0044501, 51.6250956 ], [ 0.0044966, 51.6252003 ], [ 0.0037103, 51.625377 ], [ 0.0032786, 51.625474 ] ] ] } },
{ "type": "Feature", "properties": { "id": "23126538", "name": "Pimp Hall allotments" }, "geometry": { "type": "Polygon", "coordinates": [ [ [ 0.0057013, 51.627276 ], [ 0.0042072, 51.6264777 ], [ 0.0045657, 51.626197 ], [ 0.0047525, 51.6260505 ], [ 0.0054727, 51.6254854 ], [ 0.0057562, 51.6257088 ], [ 0.0068336, 51.6259574 ], [ 0.0067919, 51.6260321 ], [ 0.0065251, 51.6265097 ], [ 0.0070288, 51.6266753 ], [ 0.0068772, 51.6269083 ], [ 0.0058221, 51.6272382 ], [ 0.0057013, 51.627276 ] ] ] } },
{ "type": "Feature", "properties": { "id": "23126541", "name": "Kings Road allotments" }, "geometry": { "type": "Polygon", "coordinates": [ [ [ 0.0036337, 51.629553 ], [ 0.002924, 51.6293031 ], [ 0.0031851, 51.6290925 ], [ 0.004093, 51.6286888 ], [ 0.0043465, 51.6286405 ], [ 0.0045517, 51.6285855 ], [ 0.0048713, 51.6284557 ], [ 0.0052775, 51.62886 ], [ 0.0036337, 51.629553 ] ] ] } },
{ "type": "Feature", "properties": { "id": "23127343", "name": "Malden Manor Allotments" }, "geometry": { "type": "Polygon", "coordinates": [ [ [ -0.2681454, 51.3871855 ], [ -0.2670501, 51.3868464 ], [ -0.266436, 51.3871447 ], [ -0.2669867, 51.3877693 ], [ -0.2672422, 51.3882826 ], [ -0.2674759, 51.3886692 ], [ -0.2686432, 51.3881443 ], [ -0.2686037, 51.388065 ], [ -0.2685948, 51.388047 ], [ -0.2685458, 51.3879487 ], [ -0.2685045, 51.3878655 ], [ -0.2684081, 51.3876719 ], [ -0.2682073, 51.3872684 ], [ -0.2681454, 51.3871855 ] ] ] } },
{ "type": "Feature", "properties": { "id": "23133727", "name": "Moor Lane Allotments" }, "geometry": { "type": "Polygon", "coordinates": [ [ [ -0.2910012, 51.3621515 ], [ -0.2911955, 51.3618746 ], [ -0.291255, 51.3617911 ], [ -0.2914561, 51.3614904 ], [ -0.2919264, 51.3608053 ], [ -0.2913851, 51.360697599999988 ], [ -0.2912117, 51.3609047 ], [ -0.2909113, 51.360969 ], [ -0.2904993, 51.361521 ], [ -0.2902418, 51.3614942 ], [ -0.2897054, 51.3622639 ], [ -0.2904147, 51.3624517 ], [ -0.2904574, 51.3624403 ], [ -0.2907176, 51.3620671 ], [ -0.2907802, 51.3620866 ], [ -0.2910012, 51.3621515 ] ] ] } },
{ "type": "Feature", "properties": { "id": "23143069", "name": null }, "geometry": { "type": "Polygon", "coordinates": [ [ [ 0.1593024, 51.5428544 ], [ 0.1594616, 51.5426331 ], [ 0.1601263, 51.5420275 ], [ 0.1606706, 51.5421257 ], [ 0.1601169, 51.5429999 ], [ 0.1593024, 51.5428544 ] ] ] } },
{ "type": "Feature", "properties": { "id": "23167598", "name": "Bateman Road allotments" }, "geometry": { "type": "Polygon", "coordinates": [ [ [ -0.0236367, 51.6099231 ], [ -0.0236796, 51.6096992 ], [ -0.0235337, 51.6088037 ], [ -0.0218428, 51.6089103 ], [ -0.0216207, 51.6093836 ], [ -0.0215853, 51.6094593 ], [ -0.0217141, 51.6098911 ], [ -0.0227291, 51.6098476 ], [ -0.0227419, 51.6099038 ], [ -0.0228311, 51.6102967 ], [ -0.0230483, 51.6103252 ], [ -0.0230511, 51.6103124 ], [ -0.0231334, 51.6099384 ], [ -0.0231502, 51.6098619 ], [ -0.0236367, 51.6099231 ] ] ] } },
{ "type": "Feature", "properties": { "id": "23185047", "name": "Martin Way West Allotments" }, "geometry": { "type": "Polygon", "coordinates": [ [ [ -0.2218681, 51.4065873 ], [ -0.2217079, 51.405118 ], [ -0.2216187, 51.4048762 ], [ -0.2185266, 51.4060348 ], [ -0.2194279, 51.4069236 ], [ -0.2194362, 51.4069321 ], [ -0.2194489, 51.4069458 ], [ -0.2200457, 51.4068052 ], [ -0.2218681, 51.4065873 ] ] ] } },
{ "type": "Feature", "properties": { "id": "23185053", "name": "Martin Way East Allotments" }, "geometry": { "type": "Polygon", "coordinates": [ [ [ -0.2181666, 51.4073209 ], [ -0.2181465, 51.4072997 ], [ -0.2173438, 51.4064513 ], [ -0.2160218, 51.4069376 ], [ -0.2166112, 51.407807 ], [ -0.2172254, 51.4076196 ], [ -0.2181666, 51.4073209 ] ] ] } },
{ "type": "Feature", "properties": { "id": "23206472", "name": "Mount Avenue allotments" }, "geometry": { "type": "Polygon", "coordinates": [ [ [ -0.0117459, 51.6195035 ], [ -0.0117175, 51.6198201 ], [ -0.0121678, 51.6198043 ], [ -0.0133329, 51.6198101 ], [ -0.0132668, 51.619367 ], [ -0.012369, 51.6194529 ], [ -0.0117459, 51.6195035 ] ] ] } },
{ "type": "Feature", "properties": { "id": "23228665", "name": "Elliots Field allotments" }, "geometry": { "type": "Polygon", "coordinates": [ [ [ -0.0384377, 51.678114 ], [ -0.037751, 51.6778904 ], [ -0.0376308, 51.6779543 ], [ -0.0374935, 51.6783428 ], [ -0.0350473, 51.678231 ], [ -0.035013, 51.6787366 ], [ -0.0382832, 51.678742 ], [ -0.0384377, 51.6784226 ], [ -0.0384377, 51.678114 ] ] ] } },
{ "type": "Feature", "properties": { "id": "23238714", "name": null }, "geometry": { "type": "Polygon", "coordinates": [ [ [ -0.207155, 51.6028881 ], [ -0.20732, 51.6024983 ], [ -0.2074304, 51.6023079 ], [ -0.2074682, 51.602246799999989 ], [ -0.2075413, 51.6021551 ], [ -0.2072932, 51.602055 ], [ -0.2066602, 51.6023909 ], [ -0.206453, 51.6026047 ], [ -0.2063075, 51.602814 ], [ -0.206301, 51.6030543 ], [ -0.207155, 51.6028881 ] ] ] } },
{ "type": "Feature", "properties": { "id": "23252572", "name": "Rectory Farm Allotments" }, "geometry": { "type": "Polygon", "coordinates": [ [ [ -0.084732, 51.6084664 ], [ -0.0847229, 51.6082072 ], [ -0.0847605, 51.6080681 ], [ -0.0847819, 51.6079323 ], [ -0.0847189, 51.6077749 ], [ -0.0847122, 51.6076433 ], [ -0.0847444, 51.6074451 ], [ -0.0849, 51.6072685 ], [ -0.0850877, 51.6071103 ], [ -0.0852057, 51.6070053 ], [ -0.0852487, 51.6069304 ], [ -0.0849751, 51.6068254 ], [ -0.0847008, 51.6068031 ], [ -0.0834811, 51.6067388 ], [ -0.0831839, 51.6067889 ], [ -0.0827732, 51.6067868 ], [ -0.0829473, 51.6084829 ], [ -0.084732, 51.6084664 ] ] ] } },
{ "type": "Feature", "properties": { "id": "23254803", "name": "Western Road Allotments" }, "geometry": { "type": "Polygon", "coordinates": [ [ [ -0.1775804, 51.4107533 ], [ -0.1775783, 51.4107392 ], [ -0.1774203, 51.4096545 ], [ -0.1760704, 51.410009 ], [ -0.1754796, 51.4111143 ], [ -0.1763926, 51.4113271 ], [ -0.1764077, 51.4113306 ], [ -0.1765536, 51.4110507 ], [ -0.1765051, 51.4108276 ], [ -0.1775804, 51.4107533 ] ] ] } },
{ "type": "Feature", "properties": { "id": "23255321", "name": "Tamworth Farm Allotments" }, "geometry": { "type": "Polygon", "coordinates": [ [ [ -0.1650891, 51.414138 ], [ -0.1647907, 51.4137332 ], [ -0.1646335, 51.4135669 ], [ -0.1645389, 51.4134968 ], [ -0.1643205, 51.4131482 ], [ -0.1643141, 51.4131379 ], [ -0.1638618, 51.413183 ], [ -0.1638355, 51.4128911 ], [ -0.1638143, 51.4128323 ], [ -0.1636749, 51.4128589 ], [ -0.1625537, 51.4130672 ], [ -0.1625609, 51.4136817 ], [ -0.1626216, 51.4137575 ], [ -0.1627067, 51.4137645 ], [ -0.1627335, 51.4138958 ], [ -0.1628787, 51.4138898 ], [ -0.162954, 51.4144537 ], [ -0.1629998, 51.4147845 ], [ -0.1632667, 51.4147728 ], [ -0.1638556, 51.4147466 ], [ -0.1639878, 51.41472 ], [ -0.1640768, 51.4146919 ], [ -0.1641641, 51.4146584 ], [ -0.1642546, 51.4146085 ], [ -0.1643368, 51.4145503 ], [ -0.1643939, 51.4144705 ], [ -0.1644279, 51.4144006 ], [ -0.1644438, 51.4143383 ], [ -0.1644516, 51.4142849 ], [ -0.1648134, 51.4142007 ], [ -0.1650891, 51.414138 ] ] ] } },
{ "type": "Feature", "properties": { "id": "23255420", "name": "Park Hill Allotments" }, "geometry": { "type": "Polygon", "coordinates": [ [ [ -0.0807759, 51.3676756 ], [ -0.0802609, 51.3670433 ], [ -0.0797798, 51.3674348 ], [ -0.0790039, 51.3680662 ], [ -0.0788948, 51.368155 ], [ -0.0789143, 51.3682627 ], [ -0.078973, 51.3685864 ], [ -0.0790073, 51.3685849 ], [ -0.0791608, 51.3685784 ], [ -0.0796602, 51.3685599 ], [ -0.0798575, 51.368549 ], [ -0.0807759, 51.3676756 ] ] ] } },
{ "type": "Feature", "properties": { "id": "23256036", "name": "South Croydon Allotments" }, "geometry": { "type": "Polygon", "coordinates": [ [ [ -0.094895, 51.3515922 ], [ -0.0954806, 51.3504888 ], [ -0.0954362, 51.3504807 ], [ -0.0953392, 51.3504569 ], [ -0.0930014, 51.3500181 ], [ -0.0926703, 51.3515655 ], [ -0.0924119, 51.3533523 ], [ -0.0926902, 51.3533572 ], [ -0.0927835, 51.3533589 ], [ -0.0931406, 51.3531816 ], [ -0.0935213, 51.3524924 ], [ -0.0940922, 51.3520401 ], [ -0.0946212, 51.351728599999987 ], [ -0.094895, 51.3515922 ] ] ] } },
{ "type": "Feature", "properties": { "id": "23256171", "name": null }, "geometry": { "type": "Polygon", "coordinates": [ [ [ -0.1113288, 51.3503601 ], [ -0.1113373, 51.3499372 ], [ -0.111409, 51.3493985 ], [ -0.1113768, 51.3490404 ], [ -0.1113694, 51.3487918 ], [ -0.1113917, 51.3486876 ], [ -0.1092265, 51.3480854 ], [ -0.108908, 51.3482953 ], [ -0.108636, 51.3485438 ], [ -0.1080362, 51.349289 ], [ -0.1100799, 51.349672 ], [ -0.1098228, 51.3501541 ], [ -0.1113288, 51.3503601 ] ] ] } },
{ "type": "Feature", "properties": { "id": "23274986", "name": "Barrowfield allotments" }, "geometry": { "type": "Polygon", "coordinates": [ [ [ -0.0520832, 51.623644299999988 ], [ -0.0553611, 51.6237217 ], [ -0.0556958, 51.6224202 ], [ -0.0540893, 51.6222637 ], [ -0.0531981, 51.6222145 ], [ -0.0528872, 51.6222343 ], [ -0.0527614, 51.6230842 ], [ -0.0521851, 51.6230561 ], [ -0.0520832, 51.623644299999988 ] ] ] } },
{ "type": "Feature", "properties": { "id": "23296253", "name": "Empress Avenue Allotments" }, "geometry": { "type": "Polygon", "coordinates": [ [ [ 0.0450847, 51.5635513 ], [ 0.0452053, 51.5633266 ], [ 0.0453097, 51.5630642 ], [ 0.0453746, 51.5629595 ], [ 0.0453584, 51.5629514 ], [ 0.045339, 51.5629397 ], [ 0.0454534, 51.5628592 ], [ 0.0454665, 51.5628456 ], [ 0.0454839, 51.5628317 ], [ 0.0455221, 51.5628054 ], [ 0.0455543, 51.5627864 ], [ 0.0456197, 51.5627504 ], [ 0.045678, 51.5627258 ], [ 0.0457162, 51.5627199 ], [ 0.0459975, 51.5626983 ], [ 0.0463361, 51.5628013 ], [ 0.0477069, 51.56325 ], [ 0.0475013, 51.5635231 ], [ 0.0472288, 51.5638025 ], [ 0.0467101, 51.5643817 ], [ 0.0463772, 51.5642685 ], [ 0.0461429, 51.5641562 ], [ 0.0457085, 51.5638852 ], [ 0.0453661, 51.5637351 ], [ 0.0451929, 51.5636746 ], [ 0.0451078, 51.5636218 ], [ 0.0450847, 51.5635513 ] ] ] } },
{ "type": "Feature", "properties": { "id": "23298381", "name": null }, "geometry": { "type": "Polygon", "coordinates": [ [ [ -0.1968391, 51.3450758 ], [ -0.1957795, 51.3447934 ], [ -0.1958183, 51.3451278 ], [ -0.1955391, 51.3451525 ], [ -0.1947257, 51.3452018 ], [ -0.1947353, 51.3452591 ], [ -0.1950552, 51.3474043 ], [ -0.1952569, 51.3474375 ], [ -0.195505, 51.3471122 ], [ -0.1957311, 51.3468272 ], [ -0.1962663, 51.3461054 ], [ -0.1966686, 51.3455287 ], [ -0.1969839, 51.3451163 ], [ -0.1968391, 51.3450758 ] ] ] } },
{ "type": "Feature", "properties": { "id": "23302939", "name": "Hendon Grove Allotments" }, "geometry": { "type": "Polygon", "coordinates": [ [ [ -0.2328034, 51.589787 ], [ -0.2327578, 51.589592 ], [ -0.2326747, 51.5892171 ], [ -0.2326224, 51.5890232 ], [ -0.2324821, 51.5888738 ], [ -0.2325784, 51.5887094 ], [ -0.232345, 51.5886563 ], [ -0.2321099, 51.5886029 ], [ -0.23197, 51.5887631 ], [ -0.2317661, 51.5890031 ], [ -0.2314688, 51.5893596 ], [ -0.2312907, 51.589662 ], [ -0.2315616, 51.5896837 ], [ -0.2328034, 51.589787 ] ] ] } },
{ "type": "Feature", "properties": { "id": "23366029", "name": "Redbridge Lane North Allotments" }, "geometry": { "type": "Polygon", "coordinates": [ [ [ 0.0404161, 51.5764789 ], [ 0.0399015, 51.577008 ], [ 0.0398478, 51.5770178 ], [ 0.0397036, 51.5771657 ], [ 0.0396178, 51.577256399999989 ], [ 0.0394594, 51.5774197 ], [ 0.0393187, 51.5775808 ], [ 0.0388464, 51.578185 ], [ 0.0384159, 51.5787368 ], [ 0.037916, 51.5793785 ], [ 0.0375329, 51.5798666 ], [ 0.0373332, 51.5799161 ], [ 0.0372007, 51.5799315 ], [ 0.0369554, 51.5799183 ], [ 0.0364095, 51.5799087 ], [ 0.0364109, 51.5798938 ], [ 0.0364641, 51.5793836 ], [ 0.0365625, 51.5784272 ], [ 0.0366653, 51.5774782 ], [ 0.0368991, 51.5774454 ], [ 0.0371097, 51.5774096 ], [ 0.0372941, 51.5773696 ], [ 0.0375643, 51.5772912 ], [ 0.0378224, 51.5772066 ], [ 0.0379385, 51.5771654 ], [ 0.0381209, 51.5770929 ], [ 0.0383525, 51.5769777 ], [ 0.0384772, 51.5769073 ], [ 0.0386529, 51.5768127 ], [ 0.0389211, 51.5766864 ], [ 0.0390784, 51.5766216 ], [ 0.0391717, 51.5765861 ], [ 0.0393649, 51.5765299 ], [ 0.0396129, 51.5764707 ], [ 0.039753, 51.5764457 ], [ 0.0399331, 51.5764169 ], [ 0.0400722, 51.5763994 ], [ 0.0402492, 51.5763807 ], [ 0.0404073, 51.5763782 ], [ 0.0404108, 51.5764353 ], [ 0.0404161, 51.5764789 ] ] ] } },
{ "type": "Feature", "properties": { "id": "23404759", "name": null }, "geometry": { "type": "Polygon", "coordinates": [ [ [ -0.4069787, 51.4365444 ], [ -0.4072021, 51.4363124 ], [ -0.4064226, 51.4351453 ], [ -0.4060891, 51.4351093 ], [ -0.4059179, 51.4367315 ], [ -0.4058318, 51.4371632 ], [ -0.4062497, 51.437194299999987 ], [ -0.4064574, 51.4367482 ], [ -0.4068064, 51.436784 ], [ -0.4069787, 51.4365444 ] ] ] } },
{ "type": "Feature", "properties": { "id": "23452492", "name": "Snakey Lane Allotments" }, "geometry": { "type": "Polygon", "coordinates": [ [ [ -0.4114196, 51.4320644 ], [ -0.4106326, 51.4319024 ], [ -0.4107955, 51.4322079 ], [ -0.410911, 51.4323206 ], [ -0.4111786, 51.4328605 ], [ -0.4113223, 51.4331503 ], [ -0.411534, 51.4334453 ], [ -0.4115634, 51.4334862 ], [ -0.4118901, 51.4338717 ], [ -0.4116426, 51.4339507 ], [ -0.4114441, 51.4340352 ], [ -0.4115804, 51.4343635 ], [ -0.4130759, 51.4341417 ], [ -0.4136122, 51.4340622 ], [ -0.4134105, 51.4337908 ], [ -0.4126074, 51.4327183 ], [ -0.4117281, 51.432504 ], [ -0.4117114, 51.4324825 ], [ -0.4115271, 51.4322445 ], [ -0.4114196, 51.4320644 ] ] ] } },
{ "type": "Feature", "properties": { "id": "23481206", "name": "Green Wrythe Lane allotments" }, "geometry": { "type": "Polygon", "coordinates": [ [ [ -0.1696343, 51.3743615 ], [ -0.1696898, 51.3743954 ], [ -0.1697281, 51.374424 ], [ -0.1697608, 51.374455 ], [ -0.1697827, 51.3744831 ], [ -0.1698241, 51.3745743 ], [ -0.1698903, 51.3747219 ], [ -0.1699901, 51.3749586 ], [ -0.1701198, 51.375281 ], [ -0.1702198, 51.375532 ], [ -0.170513, 51.3754294 ], [ -0.1717924, 51.3749772 ], [ -0.1718004, 51.3749524 ], [ -0.1715362, 51.374669 ], [ -0.1714445, 51.374701 ], [ -0.1712383, 51.3744743 ], [ -0.171325, 51.3743314 ], [ -0.1719841, 51.3740906 ], [ -0.1720732, 51.3740942 ], [ -0.1719277, 51.3739 ], [ -0.1718762, 51.3738399 ], [ -0.1718085, 51.3737144 ], [ -0.1716972, 51.3735405 ], [ -0.1713992, 51.3736568 ], [ -0.1708791, 51.3738873 ], [ -0.1697931, 51.3743182 ], [ -0.1697009, 51.3743482 ], [ -0.1696343, 51.3743615 ] ] ] } },
{ "type": "Feature", "properties": { "id": "23507308", "name": "Bridge Road allotments" }, "geometry": { "type": "Polygon", "coordinates": [ [ [ -0.2549934, 51.5498513 ], [ -0.2550225, 51.5498668 ], [ -0.2554688, 51.549648 ], [ -0.2552199, 51.5493971 ], [ -0.2540412, 51.5479396 ], [ -0.2535316, 51.5485941 ], [ -0.2531883, 51.5489771 ], [ -0.2532446, 51.5490043 ], [ -0.2549934, 51.5498513 ] ] ] } },
{ "type": "Feature", "properties": { "id": "23517360", "name": null }, "geometry": { "type": "Polygon", "coordinates": [ [ [ -0.2830174, 51.5161945 ], [ -0.2840989, 51.5156016 ], [ -0.2840731, 51.5152758 ], [ -0.2830603, 51.5153613 ], [ -0.2830517, 51.5154414 ], [ -0.2829917, 51.515842 ], [ -0.2828887, 51.5161731 ], [ -0.2830174, 51.5161945 ] ] ] } },
{ "type": "Feature", "properties": { "id": "23517801", "name": "Great Western Allotments" }, "geometry": { "type": "Polygon", "coordinates": [ [ [ -0.2739667, 51.5176489 ], [ -0.2737516, 51.5172931 ], [ -0.2735547, 51.5169599 ], [ -0.2728509, 51.5169492 ], [ -0.2723177, 51.5170404 ], [ -0.2723445, 51.517916 ], [ -0.272705, 51.5178786 ], [ -0.2739667, 51.5176489 ] ] ] } },
{ "type": "Feature", "properties": { "id": "23576837", "name": "Wolsey Drive Allotments" }, "geometry": { "type": "Polygon", "coordinates": [ [ [ -0.3014873, 51.4269525 ], [ -0.3012183, 51.4265915 ], [ -0.3011322, 51.4265003 ], [ -0.3007491, 51.4262524 ], [ -0.3004482, 51.425863 ], [ -0.3004391, 51.4256959 ], [ -0.3004298, 51.4256425 ], [ -0.3003432, 51.4255101 ], [ -0.2998171, 51.4248249 ], [ -0.299762, 51.4247888 ], [ -0.2996796, 51.4247768 ], [ -0.2996007, 51.4247954 ], [ -0.2992038, 51.4250086 ], [ -0.2991883, 51.4250521 ], [ -0.2991759, 51.4250587 ], [ -0.299164, 51.425065 ], [ -0.2991048, 51.4250562 ], [ -0.2989058, 51.4251619 ], [ -0.2988606, 51.4252008 ], [ -0.2988627, 51.4252359 ], [ -0.2994353, 51.425816399999988 ], [ -0.2995045, 51.4258663 ], [ -0.2997654, 51.4260098 ], [ -0.3000926, 51.4261791 ], [ -0.3014413, 51.4269661 ], [ -0.3014873, 51.4269525 ] ] ] } },
{ "type": "Feature", "properties": { "id": "23583999", "name": null }, "geometry": { "type": "Polygon", "coordinates": [ [ [ -0.0404057, 51.4333581 ], [ -0.0400758, 51.4335112 ], [ -0.0396979, 51.4336729 ], [ -0.0396272, 51.4337045 ], [ -0.0399659, 51.4339917 ], [ -0.0407641, 51.4336278 ], [ -0.0406268, 51.4335208 ], [ -0.0410902, 51.4333335 ], [ -0.0406697, 51.4330124 ], [ -0.040498, 51.4330927 ], [ -0.0404122, 51.4332211 ], [ -0.0404057, 51.4333581 ] ] ] } },
{ "type": "Feature", "properties": { "id": "23609780", "name": "Shepherds Hill Allotments" }, "geometry": { "type": "Polygon", "coordinates": [ [ [ -0.1399062, 51.5793589 ], [ -0.1400345, 51.5792485 ], [ -0.1400386, 51.5792397 ], [ -0.1400603, 51.5792155 ], [ -0.1400979, 51.5791815 ], [ -0.140146, 51.5791517 ], [ -0.1401928, 51.5791289 ], [ -0.1402281, 51.579116 ], [ -0.1400989, 51.5788688 ], [ -0.1400719, 51.5788263 ], [ -0.1399962, 51.5786888 ], [ -0.1391473, 51.5788983 ], [ -0.1387748, 51.5789847 ], [ -0.1383066, 51.5790939 ], [ -0.1382535, 51.5791038 ], [ -0.137806, 51.579217 ], [ -0.1375799, 51.5792899 ], [ -0.1373562, 51.5793558 ], [ -0.1372358, 51.5793794 ], [ -0.1371259, 51.5791738 ], [ -0.1358031, 51.5796155 ], [ -0.1348189, 51.5799515 ], [ -0.1335008, 51.5803977 ], [ -0.1337557, 51.5807301 ], [ -0.133324, 51.5808795 ], [ -0.133058, 51.5809615 ], [ -0.1330809, 51.5809936 ], [ -0.1330957, 51.5810159 ], [ -0.1332235, 51.581055 ], [ -0.1333497, 51.5810971 ], [ -0.133479, 51.5811317 ], [ -0.1348421, 51.5806808 ], [ -0.1355154, 51.5804543 ], [ -0.1358413, 51.5803449 ], [ -0.1358695, 51.5803322 ], [ -0.1359601, 51.5803212 ], [ -0.1362083, 51.5802553 ], [ -0.1363514, 51.580226 ], [ -0.1364507, 51.5802255 ], [ -0.1365937, 51.5802123 ], [ -0.1366714, 51.580195 ], [ -0.1367572, 51.5801902 ], [ -0.1368046, 51.5801858 ], [ -0.1368806, 51.5801764 ], [ -0.1369231, 51.5801675 ], [ -0.1370261, 51.580139 ], [ -0.1370611, 51.5801166 ], [ -0.1371652, 51.5800574 ], [ -0.1371937, 51.5800445 ], [ -0.1372143, 51.5800383 ], [ -0.1372375, 51.580035 ], [ -0.1372828, 51.5800249 ], [ -0.1372815, 51.5800122 ], [ -0.1372817, 51.5799994 ], [ -0.137295, 51.5799935 ], [ -0.137309, 51.5799896 ], [ -0.1375408, 51.5799621 ], [ -0.1375664, 51.5799586 ], [ -0.1375968, 51.5799533 ], [ -0.1376068, 51.5799227 ], [ -0.1376561, 51.5798965 ], [ -0.1381694, 51.5798048 ], [ -0.1387634, 51.5797197 ], [ -0.1393544, 51.5796163 ], [ -0.1397103, 51.579466 ], [ -0.1399062, 51.5793589 ] ] ] } },
{ "type": "Feature", "properties": { "id": "23628476", "name": "The Fairway allotments" }, "geometry": { "type": "Polygon", "coordinates": [ [ [ -0.3909725, 51.5604772 ], [ -0.392373, 51.5618034 ], [ -0.3925934, 51.5615348 ], [ -0.3926771, 51.5614307 ], [ -0.3926463, 51.5613916 ], [ -0.3927345, 51.5612676 ], [ -0.3926215, 51.5611594 ], [ -0.3925632, 51.561103 ], [ -0.3923604, 51.5608479 ], [ -0.392155, 51.5606493 ], [ -0.391707, 51.5602355 ], [ -0.3916193, 51.5602416 ], [ -0.3909725, 51.5604772 ] ] ] } },
{ "type": "Feature", "properties": { "id": "23628488", "name": "Field End Road allotments" }, "geometry": { "type": "Polygon", "coordinates": [ [ [ -0.3912674, 51.5674276 ], [ -0.3908465, 51.5670696 ], [ -0.3886887, 51.5682463 ], [ -0.3890225, 51.5685743 ], [ -0.3912674, 51.5674276 ] ] ] } },
{ "type": "Feature", "properties": { "id": "23649685", "name": null }, "geometry": { "type": "Polygon", "coordinates": [ [ [ 0.2712081, 51.5554784 ], [ 0.2699236, 51.5563675 ], [ 0.2690085, 51.5562208 ], [ 0.2688031, 51.556615 ], [ 0.2680495, 51.5564817 ], [ 0.2685301, 51.5561829 ], [ 0.269337, 51.5556706 ], [ 0.2701352, 51.5554998 ], [ 0.2706244, 51.5554678 ], [ 0.2712081, 51.5554784 ] ] ] } },
{ "type": "Feature", "properties": { "id": "23649955", "name": "Gale Street Allotments" }, "geometry": { "type": "Polygon", "coordinates": [ [ [ 0.1317458, 51.5395128 ], [ 0.131575, 51.5404673 ], [ 0.1291588, 51.5402461 ], [ 0.129114, 51.5398344 ], [ 0.1287405, 51.5398212 ], [ 0.1287456, 51.5396888 ], [ 0.1283662, 51.5396744 ], [ 0.1283766, 51.5392501 ], [ 0.1288548, 51.5393239 ], [ 0.1317458, 51.5395128 ] ] ] } },
{ "type": "Feature", "properties": { "id": "23798763", "name": "Raeburn Avenue Allotments" }, "geometry": { "type": "Polygon", "coordinates": [ [ [ -0.2802343, 51.390924 ], [ -0.2801306, 51.3916701 ], [ -0.2802245, 51.3916994 ], [ -0.2802268, 51.3917285 ], [ -0.2804018, 51.3920872 ], [ -0.280584, 51.3920957 ], [ -0.2809369, 51.3922374 ], [ -0.2810307, 51.3917517 ], [ -0.2810365, 51.3916965 ], [ -0.2810709, 51.3909911 ], [ -0.280552, 51.3909495 ], [ -0.2802343, 51.390924 ] ] ] } },
{ "type": "Feature", "properties": { "id": "23884833", "name": "Kingshill Avenue Allotments" }, "geometry": { "type": "Polygon", "coordinates": [ [ [ -0.2408, 51.3892796 ], [ -0.2409888, 51.3888116 ], [ -0.2404824, 51.388732 ], [ -0.2402935, 51.3892 ], [ -0.2408, 51.3892796 ] ] ] } },
{ "type": "Feature", "properties": { "id": "23897878", "name": "Bells Hill Allotments" }, "geometry": { "type": "Polygon", "coordinates": [ [ [ -0.2122111, 51.6475938 ], [ -0.2125605, 51.6476548 ], [ -0.2132458, 51.6467077 ], [ -0.2115292, 51.6463215 ], [ -0.2105636, 51.647699599999989 ], [ -0.2118725, 51.6480058 ], [ -0.2122111, 51.6475938 ] ] ] } },
{ "type": "Feature", "properties": { "id": "24397694", "name": "Lamlash Street allotments" }, "geometry": { "type": "Polygon", "coordinates": [ [ [ -0.1044599, 51.4941125 ], [ -0.1045133, 51.4939656 ], [ -0.1045822, 51.4937956 ], [ -0.1045791, 51.4937887 ], [ -0.1044221, 51.4937637 ], [ -0.1040506, 51.4937594 ], [ -0.1039435, 51.4937735 ], [ -0.1039039, 51.4939077 ], [ -0.1038926, 51.4939653 ], [ -0.1038442, 51.4941405 ], [ -0.1039305, 51.4941473 ], [ -0.1039402, 51.4940953 ], [ -0.104156, 51.4941154 ], [ -0.1041684, 51.4940803 ], [ -0.1044599, 51.4941125 ] ] ] } },
{ "type": "Feature", "properties": { "id": "24420528", "name": "Rathbone Allotments" }, "geometry": { "type": "Polygon", "coordinates": [ [ [ -0.1552006, 51.6219268 ], [ -0.1550636, 51.621904699999988 ], [ -0.1548168, 51.6215983 ], [ -0.1546791, 51.6212298 ], [ -0.1546087, 51.6212596 ], [ -0.154343, 51.6213718 ], [ -0.1538818, 51.6211983 ], [ -0.1526413, 51.6223442 ], [ -0.1530615, 51.6225268 ], [ -0.1531606, 51.6224372 ], [ -0.1531775, 51.6224455 ], [ -0.1536662, 51.622686 ], [ -0.1538931, 51.6225042 ], [ -0.1543251, 51.6226942 ], [ -0.1551279, 51.6219905 ], [ -0.1552006, 51.6219268 ] ] ] } },
{ "type": "Feature", "properties": { "id": "24505274", "name": "Kingston Vale Allotments" }, "geometry": { "type": "Polygon", "coordinates": [ [ [ -0.2562596, 51.425464 ], [ -0.2566084, 51.4259863 ], [ -0.2568575, 51.4263784 ], [ -0.257171, 51.4268367 ], [ -0.2572202, 51.4268681 ], [ -0.2582029, 51.4266611 ], [ -0.2582113, 51.4266371 ], [ -0.2572492, 51.4252294 ], [ -0.2562596, 51.425464 ] ] ] } },
{ "type": "Feature", "properties": { "id": "24513371", "name": "Southbourne Gardens allotments" }, "geometry": { "type": "Polygon", "coordinates": [ [ [ -0.4061624, 51.5730825 ], [ -0.4060165, 51.5727251 ], [ -0.4026004, 51.573466599999989 ], [ -0.4026384, 51.5735204 ], [ -0.4028493, 51.5738187 ], [ -0.4061624, 51.5730825 ] ] ] } },
{ "type": "Feature", "properties": { "id": "24524662", "name": null }, "geometry": { "type": "Polygon", "coordinates": [ [ [ -0.2290911, 51.3836423 ], [ -0.2300462, 51.3832149 ], [ -0.2340402, 51.3820567 ], [ -0.2336003, 51.3815338 ], [ -0.2330417, 51.381918 ], [ -0.2297504, 51.3828867 ], [ -0.2288394, 51.3834244 ], [ -0.2288454, 51.3834374 ], [ -0.2290911, 51.3836423 ] ] ] } },
{ "type": "Feature", "properties": { "id": "24531825", "name": null }, "geometry": { "type": "Polygon", "coordinates": [ [ [ -0.2063296, 51.3723443 ], [ -0.2077115, 51.3713638 ], [ -0.2067319, 51.3699031 ], [ -0.2054027, 51.3703189 ], [ -0.2051881, 51.3701421 ], [ -0.2044316, 51.3705247 ], [ -0.20535, 51.3717088 ], [ -0.2063296, 51.3723443 ] ] ] } },
{ "type": "Feature", "properties": { "id": "24531886", "name": null }, "geometry": { "type": "Polygon", "coordinates": [ [ [ -0.2014791, 51.3695119 ], [ -0.2006362, 51.3689443 ], [ -0.2005504, 51.3688925 ], [ -0.2004266, 51.3691282 ], [ -0.200251, 51.369534699999988 ], [ -0.2001241, 51.3700727 ], [ -0.2001045, 51.3701571 ], [ -0.2011451, 51.369692 ], [ -0.2014791, 51.3695119 ] ] ] } },
{ "type": "Feature", "properties": { "id": "24540522", "name": null }, "geometry": { "type": "Polygon", "coordinates": [ [ [ -0.2121979, 51.379467 ], [ -0.2121727, 51.3792506 ], [ -0.2102057, 51.3793093 ], [ -0.2094723, 51.3792722 ], [ -0.2083327, 51.3795512 ], [ -0.2086235, 51.3798505 ], [ -0.2087351, 51.3799308 ], [ -0.2099453, 51.3796683 ], [ -0.2110611, 51.3795237 ], [ -0.2121979, 51.379467 ] ] ] } },
{ "type": "Feature", "properties": { "id": "24540526", "name": null }, "geometry": { "type": "Polygon", "coordinates": [ [ [ -0.2136588, 51.38055 ], [ -0.2132195, 51.3804806 ], [ -0.2130821, 51.3804224 ], [ -0.2126495, 51.3803755 ], [ -0.2118342, 51.3803551 ], [ -0.2114621, 51.3803614 ], [ -0.211454, 51.3804044 ], [ -0.2119582, 51.3807627 ], [ -0.2120326, 51.380781899999988 ], [ -0.2120689, 51.3808037 ], [ -0.2121004, 51.3808669 ], [ -0.2127032, 51.3812997 ], [ -0.2127422, 51.3813076 ], [ -0.2127823, 51.3813022 ], [ -0.2132685, 51.3809221 ], [ -0.2132772, 51.3808836 ], [ -0.2133295, 51.380846 ], [ -0.2133939, 51.3808297 ], [ -0.2136829, 51.3806062 ], [ -0.2136588, 51.38055 ] ] ] } },
{ "type": "Feature", "properties": { "id": "24549703", "name": null }, "geometry": { "type": "Polygon", "coordinates": [ [ [ -0.2203057, 51.360548799999989 ], [ -0.219509, 51.3598982 ], [ -0.2191638, 51.3600391 ], [ -0.2197841, 51.3605739 ], [ -0.2199428, 51.360697 ], [ -0.2203057, 51.360548799999989 ] ] ] } },
{ "type": "Feature", "properties": { "id": "24549706", "name": null }, "geometry": { "type": "Polygon", "coordinates": [ [ [ -0.2228954, 51.3602237 ], [ -0.2228043, 51.3601317 ], [ -0.2223171, 51.3596393 ], [ -0.2213333, 51.3600039 ], [ -0.2216985, 51.3603749 ], [ -0.2219083, 51.3605881 ], [ -0.2228954, 51.3602237 ] ] ] } },
{ "type": "Feature", "properties": { "id": "24576190", "name": "George Hill East Allotments" }, "geometry": { "type": "Polygon", "coordinates": [ [ [ -0.2026994, 51.3878078 ], [ -0.200915, 51.3868752 ], [ -0.2002577, 51.387453199999989 ], [ -0.201513, 51.3880139 ], [ -0.2021081, 51.3882738 ], [ -0.2026994, 51.3878078 ] ] ] } },
{ "type": "Feature", "properties": { "id": "24576191", "name": "George Hill West Allotments" }, "geometry": { "type": "Polygon", "coordinates": [ [ [ -0.2052073, 51.3895568 ], [ -0.2057073, 51.3892283 ], [ -0.202735, 51.387822 ], [ -0.2021642, 51.3882956 ], [ -0.2025216, 51.3884406 ], [ -0.2032582, 51.3887111 ], [ -0.204304, 51.3890939 ], [ -0.2052073, 51.3895568 ] ] ] } },
{ "type": "Feature", "properties": { "id": "24654918", "name": "Whitton Drive Allotments" }, "geometry": { "type": "Polygon", "coordinates": [ [ [ -0.3260221, 51.5519787 ], [ -0.3252904, 51.5507982 ], [ -0.3238588, 51.5512095 ], [ -0.323972, 51.5512554 ], [ -0.3236622, 51.5516053 ], [ -0.323733, 51.5516331 ], [ -0.324043, 51.5512804 ], [ -0.3260221, 51.5519787 ] ] ] } },
{ "type": "Feature", "properties": { "id": "24654925", "name": "Horsenden Allotments" }, "geometry": { "type": "Polygon", "coordinates": [ [ [ -0.3313869, 51.5522895 ], [ -0.3306869, 51.5525072 ], [ -0.3302998, 51.5526099 ], [ -0.3298012, 51.5527223 ], [ -0.3297923, 51.5532113 ], [ -0.3298179, 51.5532113 ], [ -0.3298433, 51.5532099 ], [ -0.3298567, 51.5528499 ], [ -0.3314804, 51.5528801 ], [ -0.3313869, 51.5522895 ] ] ] } },
{ "type": "Feature", "properties": { "id": "24773080", "name": "The Warren Allotments" }, "geometry": { "type": "Polygon", "coordinates": [ [ [ -0.1790086, 51.3613025 ], [ -0.1788838, 51.3610211 ], [ -0.1787729, 51.3610435 ], [ -0.1783687, 51.3611127 ], [ -0.1783606, 51.3610887 ], [ -0.1780442, 51.3611327 ], [ -0.1780653, 51.3611919 ], [ -0.1781797, 51.3615121 ], [ -0.1790086, 51.3613025 ] ] ] } },
{ "type": "Feature", "properties": { "id": "24817857", "name": "Thames Road Allotments" }, "geometry": { "type": "Polygon", "coordinates": [ [ [ -0.2786327, 51.4853247 ], [ -0.2784299, 51.4850996 ], [ -0.2782064, 51.485289 ], [ -0.2779942, 51.4855697 ], [ -0.2778071, 51.4858131 ], [ -0.2776136, 51.4861125 ], [ -0.2774452, 51.4864245 ], [ -0.2780077, 51.4866778 ], [ -0.278105, 51.4863301 ], [ -0.2782957, 51.485797 ], [ -0.2784856, 51.485516 ], [ -0.2786327, 51.4853247 ] ] ] } },
{ "type": "Feature", "properties": { "id": "25321157", "name": "Maberley Road Allotments" }, "geometry": { "type": "Polygon", "coordinates": [ [ [ -0.0741114, 51.4124109 ], [ -0.0739239, 51.412562699999988 ], [ -0.0738433, 51.4126444 ], [ -0.0737237, 51.4129436 ], [ -0.0739277, 51.4129987 ], [ -0.0749973, 51.4134612 ], [ -0.0748517, 51.4135752 ], [ -0.0755099, 51.4138817 ], [ -0.0760751, 51.4134683 ], [ -0.0745963, 51.4128325 ], [ -0.0747605, 51.4126739 ], [ -0.0741114, 51.4124109 ] ] ] } },
{ "type": "Feature", "properties": { "id": "25338110", "name": "The Crescent Allotments" }, "geometry": { "type": "Polygon", "coordinates": [ [ [ -0.2569942, 51.5173258 ], [ -0.2574203, 51.5167616 ], [ -0.2571903, 51.5167717 ], [ -0.2569732, 51.5168402 ], [ -0.2568368, 51.5169745 ], [ -0.256806, 51.5171194 ], [ -0.2568612, 51.5172443 ], [ -0.2569942, 51.5173258 ] ] ] } },
{ "type": "Feature", "properties": { "id": "25408662", "name": "Brook Farm South Allotments" }, "geometry": { "type": "Polygon", "coordinates": [ [ [ -0.1780287, 51.6357036 ], [ -0.1783371, 51.6356902 ], [ -0.1786473, 51.6357025 ], [ -0.1795661, 51.6357295 ], [ -0.1804756, 51.635764 ], [ -0.1806913, 51.6357084 ], [ -0.1798845, 51.6346183 ], [ -0.1795482, 51.634002699999989 ], [ -0.1791265, 51.6340189 ], [ -0.1772339, 51.6340994 ], [ -0.1773934, 51.6345676 ], [ -0.1771407, 51.6346064 ], [ -0.177074, 51.6344951 ], [ -0.1766008, 51.6345638 ], [ -0.1766934, 51.6346865 ], [ -0.1767308, 51.634708 ], [ -0.1768487, 51.6347755 ], [ -0.1772679, 51.6349989 ], [ -0.1773724, 51.635083 ], [ -0.1777816, 51.6356867 ], [ -0.1780287, 51.6357036 ] ] ] } },
{ "type": "Feature", "properties": { "id": "25461760", "name": "Lordship Lane Allotments" }, "geometry": { "type": "Polygon", "coordinates": [ [ [ -0.0664172, 51.4395192 ], [ -0.0663698, 51.4396148 ], [ -0.0663174, 51.4396903 ], [ -0.0662039, 51.4398158 ], [ -0.0660051, 51.4400309 ], [ -0.0658658, 51.4401854 ], [ -0.0657412, 51.4403222 ], [ -0.0655955, 51.4404847 ], [ -0.0657318, 51.440582 ], [ -0.0659438, 51.4407796 ], [ -0.0661321, 51.4409851 ], [ -0.066148, 51.4410022 ], [ -0.0661792, 51.4409876 ], [ -0.0663393, 51.4411418 ], [ -0.0665895, 51.4413773 ], [ -0.0669662, 51.4411956 ], [ -0.0668949, 51.4409327 ], [ -0.0668474, 51.4407576 ], [ -0.0666589, 51.4401848 ], [ -0.0666597, 51.440169 ], [ -0.066636, 51.4400973 ], [ -0.0665065, 51.439731 ], [ -0.0664365, 51.4395319 ], [ -0.0664172, 51.4395192 ] ] ] } },
{ "type": "Feature", "properties": { "id": "25461777", "name": "Grove Allotments" }, "geometry": { "type": "Polygon", "coordinates": [ [ [ -0.0694674, 51.44272 ], [ -0.0692278, 51.4430683 ], [ -0.0693965, 51.4430918 ], [ -0.0695897, 51.4431177 ], [ -0.0697508, 51.4426348 ], [ -0.071229, 51.4428362 ], [ -0.0714076, 51.442613 ], [ -0.0714039, 51.4426015 ], [ -0.0713685, 51.4425717 ], [ -0.0711257, 51.4423813 ], [ -0.0709234, 51.4422204 ], [ -0.0705404, 51.4419261 ], [ -0.0704767, 51.4418833 ], [ -0.070413, 51.4418991 ], [ -0.070345, 51.4419184 ], [ -0.0702064, 51.4419616 ], [ -0.0701623, 51.4419735 ], [ -0.0700997, 51.4419766 ], [ -0.0700526, 51.4419764 ], [ -0.0700406, 51.4419717 ], [ -0.0700267, 51.4419573 ], [ -0.0694674, 51.44272 ] ] ] } },
{ "type": "Feature", "properties": { "id": "25502211", "name": "Glebe Avenue allotments" }, "geometry": { "type": "Polygon", "coordinates": [ [ [ -0.4361444, 51.5603746 ], [ -0.4360194, 51.5601188 ], [ -0.4353758, 51.5602674 ], [ -0.4357243, 51.5609027 ], [ -0.4375682, 51.560459 ], [ -0.4373666, 51.5601112 ], [ -0.4361444, 51.5603746 ] ] ] } },
{ "type": "Feature", "properties": { "id": "25631030", "name": null }, "geometry": { "type": "Polygon", "coordinates": [ [ [ -0.2179386, 51.3553817 ], [ -0.2178582, 51.3552529 ], [ -0.2173743, 51.3553382 ], [ -0.2175444, 51.3555732 ], [ -0.2179386, 51.3553817 ] ] ] } },
{ "type": "Feature", "properties": { "id": "25646016", "name": "Glebelands Allotments (North Finchley Allotment League)" }, "geometry": { "type": "Polygon", "coordinates": [ [ [ -0.1666579, 51.6072204 ], [ -0.1673316, 51.6072068 ], [ -0.1684196, 51.6070856 ], [ -0.1686239, 51.6070806 ], [ -0.1689858, 51.6070717 ], [ -0.1693258, 51.6070634 ], [ -0.1693199, 51.6063584 ], [ -0.1691834, 51.6063574 ], [ -0.1691673, 51.6062014 ], [ -0.1689137, 51.6062089 ], [ -0.1688495, 51.6060772 ], [ -0.1672515, 51.6062667 ], [ -0.1667747, 51.6063456 ], [ -0.1666056, 51.6063597 ], [ -0.1664974, 51.6069693 ], [ -0.1666579, 51.6072204 ] ] ] } },
{ "type": "Feature", "properties": { "id": "25696378", "name": "Heathfield Rise allotments" }, "geometry": { "type": "Polygon", "coordinates": [ [ [ -0.439931, 51.575585 ], [ -0.4400085, 51.575512 ], [ -0.4404861, 51.5750616 ], [ -0.4398299, 51.5748391 ], [ -0.4396502, 51.5747782 ], [ -0.4391643, 51.5746135 ], [ -0.4385978, 51.5745495 ], [ -0.4382573, 51.5749342 ], [ -0.4384547, 51.5750195 ], [ -0.438841, 51.5750889 ], [ -0.439313, 51.5751476 ], [ -0.4395791, 51.5752542 ], [ -0.4397593, 51.5753929 ], [ -0.439931, 51.575585 ] ] ] } },
{ "type": "Feature", "properties": { "id": "25725248", "name": "Queens Road allotment" }, "geometry": { "type": "Polygon", "coordinates": [ [ [ -0.2864811, 51.4594211 ], [ -0.2868911, 51.458355499999989 ], [ -0.2869001, 51.4583277 ], [ -0.2853628, 51.4582617 ], [ -0.2851036, 51.4586239 ], [ -0.2849953, 51.4590685 ], [ -0.2848702, 51.4594036 ], [ -0.2864811, 51.4594211 ] ] ] } },
{ "type": "Feature", "properties": { "id": "25914666", "name": "Allotments (LAHA @ Roding Farm)" }, "geometry": { "type": "Polygon", "coordinates": [ [ [ 0.0375271, 51.5808576 ], [ 0.037581, 51.5808547 ], [ 0.0375923, 51.5809608 ], [ 0.038174, 51.5813576 ], [ 0.0383313, 51.5814607 ], [ 0.0386958, 51.5816707 ], [ 0.0389152, 51.5817987 ], [ 0.0390153, 51.5818752 ], [ 0.0391401, 51.5819968 ], [ 0.0392541, 51.5820906 ], [ 0.0394751, 51.5821987 ], [ 0.0395637, 51.5822562 ], [ 0.0395875, 51.5822916 ], [ 0.039536, 51.5823615 ], [ 0.0394035, 51.5828315 ], [ 0.0392854, 51.5833227 ], [ 0.0373346, 51.5836181 ], [ 0.0373046, 51.583622899999988 ], [ 0.0371669, 51.5833397 ], [ 0.0371001, 51.5832189 ], [ 0.0371355, 51.5832147 ], [ 0.0370898, 51.5830933 ], [ 0.0370635, 51.5830954 ], [ 0.0370165, 51.582873 ], [ 0.0370129, 51.5827498 ], [ 0.0370324, 51.582642 ], [ 0.0370625, 51.582603 ], [ 0.0371049, 51.5825898 ], [ 0.0371058, 51.5824595 ], [ 0.0371155, 51.5823963 ], [ 0.0371769, 51.5822545 ], [ 0.0371801, 51.582123 ], [ 0.0371557, 51.5819137 ], [ 0.0370881, 51.5817701 ], [ 0.0370572, 51.5817695 ], [ 0.0369642, 51.5816705 ], [ 0.0368023, 51.5814924 ], [ 0.0367714, 51.581449 ], [ 0.0367209, 51.5814099 ], [ 0.0366077, 51.5812884 ], [ 0.036605, 51.5812532 ], [ 0.0365982, 51.5810108 ], [ 0.0365945, 51.5808925 ], [ 0.0375271, 51.5808576 ] ] ] } },
{ "type": "Feature", "properties": { "id": "25952689", "name": "Windlass Place Allotments" }, "geometry": { "type": "Polygon", "coordinates": [ [ [ -0.0364542, 51.4903887 ], [ -0.0363056, 51.4902013 ], [ -0.0361958, 51.4900983 ], [ -0.0357835, 51.490239 ], [ -0.035583, 51.4902598 ], [ -0.0355844, 51.4903803 ], [ -0.0351289, 51.4904046 ], [ -0.0351858, 51.4906689 ], [ -0.0356628, 51.4906376 ], [ -0.0364542, 51.4903887 ] ] ] } },
{ "type": "Feature", "properties": { "id": "26272278", "name": null }, "geometry": { "type": "Polygon", "coordinates": [ [ [ -0.2715455, 51.4987734 ], [ -0.2711617, 51.4990132 ], [ -0.2707439, 51.4992663 ], [ -0.270703, 51.4993041 ], [ -0.2705869, 51.4993867 ], [ -0.2706434, 51.4995191 ], [ -0.2712972, 51.4994124 ], [ -0.2712604, 51.4993143 ], [ -0.2715003, 51.4992746 ], [ -0.271503, 51.4992773 ], [ -0.2715661, 51.4992673 ], [ -0.2717389, 51.49924 ], [ -0.271611, 51.4989698 ], [ -0.2715455, 51.4987734 ] ] ] } },
{ "type": "Feature", "properties": { "id": "26578838", "name": "One Tree Hill allotments" }, "geometry": { "type": "Polygon", "coordinates": [ [ [ -0.0480379, 51.4501507 ], [ -0.0479073, 51.450818 ], [ -0.0478293, 51.4510569 ], [ -0.0477787, 51.4512116 ], [ -0.0484157, 51.4512116 ], [ -0.0493485, 51.451278 ], [ -0.0501802, 51.451284 ], [ -0.050454, 51.451279 ], [ -0.0504573, 51.4512445 ], [ -0.0505355, 51.4511419 ], [ -0.0508199, 51.450989 ], [ -0.0508506, 51.4509817 ], [ -0.0511324, 51.450856 ], [ -0.0506608, 51.4506342 ], [ -0.0502706, 51.4504534 ], [ -0.0501941, 51.4504119 ], [ -0.0494469, 51.4500733 ], [ -0.049428, 51.450072 ], [ -0.0494084, 51.450081 ], [ -0.0492771, 51.4502048 ], [ -0.0492284, 51.4502272 ], [ -0.0491648, 51.4502336 ], [ -0.0487797, 51.450207 ], [ -0.0480379, 51.4501507 ] ] ] } },
{ "type": "Feature", "properties": { "id": "26756758", "name": "Sherwood Park allotments" }, "geometry": { "type": "Polygon", "coordinates": [ [ [ 0.1106747, 51.4460385 ], [ 0.1109634, 51.4452764 ], [ 0.1141794, 51.4457955 ], [ 0.1139786, 51.4462878 ], [ 0.1139002, 51.446275 ], [ 0.1138008, 51.4465107 ], [ 0.1123141, 51.4462747 ], [ 0.1106747, 51.4460385 ] ] ] } },
{ "type": "Feature", "properties": { "id": "26946870", "name": "Park Road Allotments" }, "geometry": { "type": "Polygon", "coordinates": [ [ [ -0.2930508, 51.4289482 ], [ -0.2929297, 51.428621 ], [ -0.2927512, 51.4286238 ], [ -0.2919641, 51.4286359 ], [ -0.2919415, 51.4285775 ], [ -0.2918718, 51.4284426 ], [ -0.2918238, 51.4284477 ], [ -0.2917638, 51.4284409 ], [ -0.2914056, 51.4284504 ], [ -0.2904558, 51.4284718 ], [ -0.2906639, 51.4289857 ], [ -0.2926716, 51.4289684 ], [ -0.2928617, 51.4289668 ], [ -0.2930508, 51.4289482 ] ] ] } },
{ "type": "Feature", "properties": { "id": "26946883", "name": "Parkfields Allotments" }, "geometry": { "type": "Polygon", "coordinates": [ [ [ -0.2934242, 51.4268587 ], [ -0.2934168, 51.4265041 ], [ -0.2933768, 51.4265062 ], [ -0.2934192, 51.4261312 ], [ -0.2934678, 51.4260466 ], [ -0.2935232, 51.426035899999988 ], [ -0.2935306, 51.4260195 ], [ -0.2935805, 51.4259095 ], [ -0.2931949, 51.4257916 ], [ -0.2931266, 51.4260296 ], [ -0.2920719, 51.4261634 ], [ -0.2920852, 51.4262061 ], [ -0.2921431, 51.4263922 ], [ -0.2920723, 51.4264018 ], [ -0.2919483, 51.4264192 ], [ -0.2920579, 51.4267301 ], [ -0.292148, 51.4267204 ], [ -0.2921621, 51.4267419 ], [ -0.2921739, 51.426792899999988 ], [ -0.2930858, 51.426668 ], [ -0.2931726, 51.4269012 ], [ -0.2934242, 51.4268587 ] ] ] } },
{ "type": "Feature", "properties": { "id": "26948712", "name": "Aden Terrace Allotments" }, "geometry": { "type": "Polygon", "coordinates": [ [ [ -0.0896114, 51.5563184 ], [ -0.0894774, 51.5562771 ], [ -0.0893248, 51.5565011 ], [ -0.0892579, 51.5566007 ], [ -0.0891371, 51.5567853 ], [ -0.0891093, 51.556835 ], [ -0.0890832, 51.5568854 ], [ -0.0890592, 51.5569419 ], [ -0.0890466, 51.5569864 ], [ -0.0890384, 51.557026 ], [ -0.0890346, 51.5570564 ], [ -0.0890316, 51.5570938 ], [ -0.08903, 51.557149 ], [ -0.0890312, 51.557208 ], [ -0.0890387, 51.5572619 ], [ -0.0890504, 51.5573276 ], [ -0.089128, 51.5576256 ], [ -0.0891329, 51.5576551 ], [ -0.0891311, 51.5577183 ], [ -0.0891103, 51.557803899999989 ], [ -0.0891463, 51.5578379 ], [ -0.089218, 51.5579038 ], [ -0.0892646, 51.5577944 ], [ -0.0892857, 51.5577895 ], [ -0.089278, 51.5577714 ], [ -0.0892867, 51.5577269 ], [ -0.0892801, 51.5576446 ], [ -0.089289, 51.5576356 ], [ -0.0892179, 51.5573172 ], [ -0.0892029, 51.5572007 ], [ -0.0892179, 51.5570298 ], [ -0.0892159, 51.5570158 ], [ -0.0892146, 51.5569706 ], [ -0.0892185, 51.5568897 ], [ -0.0894323, 51.5566232 ], [ -0.0896114, 51.5563184 ] ] ] } },
{ "type": "Feature", "properties": { "id": "26999578", "name": "Marsh Farm Allotments" }, "geometry": { "type": "Polygon", "coordinates": [ [ [ -0.337894, 51.4485646 ], [ -0.3381282, 51.4490015 ], [ -0.3382421, 51.4490009 ], [ -0.3391714, 51.4488014 ], [ -0.3388686, 51.4483673 ], [ -0.337894, 51.4485646 ] ] ] } },
{ "type": "Feature", "properties": { "id": "27026327", "name": null }, "geometry": { "type": "Polygon", "coordinates": [ [ [ 0.1243055, 51.452831 ], [ 0.124335, 51.4527036 ], [ 0.1245607, 51.4526694 ], [ 0.1245955, 51.4527659 ], [ 0.1250938, 51.4527028 ], [ 0.1251118, 51.4527376 ], [ 0.1251944, 51.452726 ], [ 0.1252236, 51.452720899999989 ], [ 0.1252598, 51.4527151 ], [ 0.1262422, 51.4525692 ], [ 0.1265407, 51.4532852 ], [ 0.1266958, 51.4536551 ], [ 0.1269574, 51.4542399 ], [ 0.125966, 51.4543734 ], [ 0.1247504, 51.4545357 ], [ 0.1243204, 51.4545836 ], [ 0.1241064, 51.4540054 ], [ 0.1241025, 51.4538455 ], [ 0.1241337, 51.4536477 ], [ 0.1242048, 51.4533842 ], [ 0.1242502, 51.4531797 ], [ 0.1243055, 51.452831 ] ] ] } },
{ "type": "Feature", "properties": { "id": "27619777", "name": "Lyon Park Avenue Allotments" }, "geometry": { "type": "Polygon", "coordinates": [ [ [ -0.2910053, 51.5472335 ], [ -0.2906001, 51.5470247 ], [ -0.2901575, 51.5467498 ], [ -0.289931, 51.5465906 ], [ -0.2896421, 51.5463515 ], [ -0.289095, 51.5466358 ], [ -0.2893118, 51.546843 ], [ -0.2894891, 51.5469454 ], [ -0.2897191, 51.5470414 ], [ -0.2898697, 51.5471023 ], [ -0.2901289, 51.5472185 ], [ -0.290742, 51.5473168 ], [ -0.2908252, 51.5473342 ], [ -0.2910053, 51.5472335 ] ] ] } },
{ "type": "Feature", "properties": { "id": "27693943", "name": "Gibbons Road allotments" }, "geometry": { "type": "Polygon", "coordinates": [ [ [ -0.2566955, 51.5466189 ], [ -0.2566789, 51.5466797 ], [ -0.2566522, 51.5467776 ], [ -0.2566, 51.5470191 ], [ -0.257199, 51.5472074 ], [ -0.25743, 51.5472845 ], [ -0.2579038, 51.5470553 ], [ -0.2580715, 51.5469804 ], [ -0.2584851, 51.5467843 ], [ -0.2566955, 51.5466189 ] ] ] } },
{ "type": "Feature", "properties": { "id": "27793396", "name": "Longstone Avenue (North End) allotments" }, "geometry": { "type": "Polygon", "coordinates": [ [ [ -0.2457639, 51.5434016 ], [ -0.2457231, 51.5428819 ], [ -0.243529, 51.5429396 ], [ -0.2435731, 51.543154 ], [ -0.243704, 51.543475 ], [ -0.2441546, 51.5434417 ], [ -0.2446374, 51.5434617 ], [ -0.2449765, 51.5434436 ], [ -0.2457639, 51.5434016 ] ] ] } },
{ "type": "Feature", "properties": { "id": "27804532", "name": "Clifford Road Allotments" }, "geometry": { "type": "Polygon", "coordinates": [ [ [ -0.306359, 51.5422588 ], [ -0.3073707, 51.5422293 ], [ -0.3063661, 51.5412442 ], [ -0.3063099, 51.5412661 ], [ -0.3063597, 51.5414872 ], [ -0.3063619, 51.541617 ], [ -0.306359, 51.5422588 ] ] ] } },
{ "type": "Feature", "properties": { "id": "27826262", "name": "Grosvenor Avenue allotments" }, "geometry": { "type": "Polygon", "coordinates": [ [ [ -0.4218555, 51.5381434 ], [ -0.4202024, 51.5365013 ], [ -0.42013, 51.5364344 ], [ -0.4190357, 51.5369305 ], [ -0.4201896, 51.5381007 ], [ -0.4204684, 51.5383677 ], [ -0.4207294, 51.5386176 ], [ -0.4218555, 51.5381434 ] ] ] } },
{ "type": "Feature", "properties": { "id": "27870750", "name": null }, "geometry": { "type": "Polygon", "coordinates": [ [ [ -0.2164871, 51.6092112 ], [ -0.2152639, 51.6091969 ], [ -0.2151991, 51.609125 ], [ -0.215048, 51.6091416 ], [ -0.2150587, 51.6092052 ], [ -0.2143372, 51.6093794 ], [ -0.2139928, 51.6096123 ], [ -0.2162858, 51.6103809 ], [ -0.2165847, 51.6097113 ], [ -0.2164871, 51.6092112 ] ] ] } },
{ "type": "Feature", "properties": { "id": "28036821", "name": "Knollmead Allotments" }, "geometry": { "type": "Polygon", "coordinates": [ [ [ -0.2727399, 51.379674 ], [ -0.2725505, 51.3794976 ], [ -0.2727116, 51.3794788 ], [ -0.2726979, 51.3793187 ], [ -0.2726954, 51.3791662 ], [ -0.2724791, 51.3790979 ], [ -0.2728921, 51.3787677 ], [ -0.273053, 51.3787749 ], [ -0.2732524, 51.3782153 ], [ -0.2735295, 51.377835 ], [ -0.2730018, 51.3776495 ], [ -0.2724696, 51.3782506 ], [ -0.2712133, 51.3792909 ], [ -0.2703684, 51.3801763 ], [ -0.2707837, 51.3805674 ], [ -0.2727399, 51.379674 ] ] ] } },
{ "type": "Feature", "properties": { "id": "28235897", "name": "Gunsite Allotments" }, "geometry": { "type": "Polygon", "coordinates": [ [ [ -0.0729028, 51.4364015 ], [ -0.0720871, 51.4361715 ], [ -0.0714848, 51.436144299999988 ], [ -0.0710315, 51.4361378 ], [ -0.0706619, 51.4361481 ], [ -0.0694614, 51.4355483 ], [ -0.0688497, 51.4361751 ], [ -0.0687536, 51.4364127 ], [ -0.0694929, 51.4368022 ], [ -0.0695667, 51.4368384 ], [ -0.0696973, 51.4369137 ], [ -0.0700097, 51.4370942 ], [ -0.070083, 51.4371352 ], [ -0.0702236, 51.4372186 ], [ -0.0705248, 51.43739 ], [ -0.0706983, 51.4374892 ], [ -0.0707807, 51.4374155 ], [ -0.0708534, 51.4373524 ], [ -0.0709919, 51.4372065 ], [ -0.0710707, 51.4371257 ], [ -0.0711552, 51.4370391 ], [ -0.0712921, 51.4368986 ], [ -0.0713475, 51.4368366 ], [ -0.0723239, 51.4372017 ], [ -0.0724625, 51.4370587 ], [ -0.0726635, 51.4367465 ], [ -0.0727133, 51.4366608 ], [ -0.072882, 51.4364226 ], [ -0.0729028, 51.4364015 ] ] ] } },
{ "type": "Feature", "properties": { "id": "28237059", "name": "Grange Lane Allotments" }, "geometry": { "type": "Polygon", "coordinates": [ [ [ -0.0785943, 51.4363504 ], [ -0.0783997, 51.4362178 ], [ -0.0783378, 51.4361795 ], [ -0.0779704, 51.4359958 ], [ -0.0778992, 51.4359477 ], [ -0.0778064, 51.4358861 ], [ -0.077279, 51.435536299999988 ], [ -0.0770157, 51.4353597 ], [ -0.0764074, 51.43497 ], [ -0.0762732, 51.4348832 ], [ -0.0756618, 51.435479 ], [ -0.0744247, 51.4367058 ], [ -0.074421, 51.4367055 ], [ -0.0744048, 51.4367203 ], [ -0.0743625, 51.436759 ], [ -0.074545, 51.4368066 ], [ -0.0747351, 51.436853 ], [ -0.0751552, 51.4369709 ], [ -0.0758089, 51.4372068 ], [ -0.0758422, 51.4372182 ], [ -0.075892, 51.43723 ], [ -0.0762097, 51.4373051 ], [ -0.0762647, 51.4373074 ], [ -0.0764762, 51.437337 ], [ -0.0768382, 51.437383 ], [ -0.0782485, 51.4365592 ], [ -0.0785701, 51.4363703 ], [ -0.0785943, 51.4363504 ] ] ] } },
{ "type": "Feature", "properties": { "id": "28296992", "name": "Wise Lane" }, "geometry": { "type": "Polygon", "coordinates": [ [ [ -0.2278853, 51.6091816 ], [ -0.2277361, 51.609958 ], [ -0.2280983, 51.6100406 ], [ -0.2288135, 51.6100406 ], [ -0.2287478, 51.6091301 ], [ -0.2283185, 51.6091074 ], [ -0.2278853, 51.6091816 ] ] ] } },
{ "type": "Feature", "properties": { "id": "28476880", "name": "Holy Trinity Allotments" }, "geometry": { "type": "Polygon", "coordinates": [ [ [ 0.041681, 51.3807325 ], [ 0.0420546, 51.3801381 ], [ 0.042852, 51.3803769 ], [ 0.0428214, 51.3804222 ], [ 0.0424506, 51.3809724 ], [ 0.041681, 51.3807325 ] ] ] } },
{ "type": "Feature", "properties": { "id": "28476963", "name": null }, "geometry": { "type": "Polygon", "coordinates": [ [ [ 0.0325318, 51.389643 ], [ 0.032579, 51.3896214 ], [ 0.0329965, 51.389425 ], [ 0.0330308, 51.3894111 ], [ 0.0338624, 51.3897905 ], [ 0.0338384, 51.3898103 ], [ 0.033299, 51.3902701 ], [ 0.0331497, 51.390188 ], [ 0.0325318, 51.389643 ] ] ] } },
{ "type": "Feature", "properties": { "id": "28477076", "name": "Bourne Vale Allotment Association" }, "geometry": { "type": "Polygon", "coordinates": [ [ [ 0.011936, 51.384701 ], [ 0.012863, 51.3843528 ], [ 0.0128862, 51.3843752 ], [ 0.0139557, 51.3854545 ], [ 0.0129746, 51.3857884 ], [ 0.011936, 51.384701 ] ] ] } },
{ "type": "Feature", "properties": { "id": "28477078", "name": "Bourne Vale Allotments" }, "geometry": { "type": "Polygon", "coordinates": [ [ [ 0.0076596, 51.3804249 ], [ 0.0084526, 51.3800286 ], [ 0.0089119, 51.3805933 ], [ 0.0085308, 51.3808079 ], [ 0.0082378, 51.3810718 ], [ 0.0076228, 51.3805074 ], [ 0.0076596, 51.3804249 ] ] ] } },
{ "type": "Feature", "properties": { "id": "28497875", "name": null }, "geometry": { "type": "Polygon", "coordinates": [ [ [ 0.0816319, 51.3831513 ], [ 0.0826806, 51.3821071 ], [ 0.0829953, 51.382601799999989 ], [ 0.0831446, 51.3828366 ], [ 0.0816319, 51.3831513 ] ] ] } },
{ "type": "Feature", "properties": { "id": "28497879", "name": null }, "geometry": { "type": "Polygon", "coordinates": [ [ [ 0.0701096, 51.3833656 ], [ 0.0697749, 51.382937 ], [ 0.0713713, 51.382551299999989 ], [ 0.0717661, 51.3828888 ], [ 0.0701096, 51.3833656 ] ] ] } },
{ "type": "Feature", "properties": { "id": "28584933", "name": "St Mary's Road" }, "geometry": { "type": "Polygon", "coordinates": [ [ [ 0.0307617, 51.5332288 ], [ 0.0302529, 51.5331862 ], [ 0.029699, 51.5331507 ], [ 0.0298815, 51.5325943 ], [ 0.0299076, 51.5325148 ], [ 0.029954, 51.5323732 ], [ 0.0300029, 51.5322242 ], [ 0.0300193, 51.532174 ], [ 0.0300736, 51.5320085 ], [ 0.030087, 51.5319618 ], [ 0.030093, 51.5319407 ], [ 0.0301615, 51.5317016 ], [ 0.0300071, 51.5316718 ], [ 0.0301034, 51.5314721 ], [ 0.0302717, 51.5311232 ], [ 0.0309187, 51.5311779 ], [ 0.0314217, 51.5312145 ], [ 0.0314512, 51.5312334 ], [ 0.0314332, 51.5312856 ], [ 0.0307617, 51.5332288 ] ] ] } },
{ "type": "Feature", "properties": { "id": "28658955", "name": null }, "geometry": { "type": "Polygon", "coordinates": [ [ [ 0.1928071, 51.4542603 ], [ 0.1931137, 51.4532974 ], [ 0.1943301, 51.45366 ], [ 0.1941386, 51.4539408 ], [ 0.1945838, 51.4540541 ], [ 0.1942134, 51.454494 ], [ 0.1935053, 51.4543378 ], [ 0.1928071, 51.4542603 ] ] ] } },
{ "type": "Feature", "properties": { "id": "28806702", "name": "Adams Road Allotments" }, "geometry": { "type": "Polygon", "coordinates": [ [ [ -0.0425366, 51.3938964 ], [ -0.0437546, 51.3939207 ], [ -0.0437553, 51.3936752 ], [ -0.0421946, 51.3936152 ], [ -0.04238, 51.3938449 ], [ -0.0425366, 51.3938964 ] ] ] } },
{ "type": "Feature", "properties": { "id": "28836413", "name": "Browning Road Allotments" }, "geometry": { "type": "Polygon", "coordinates": [ [ [ 0.0149038, 51.5693862 ], [ 0.0149986, 51.5691763 ], [ 0.0151376, 51.5689435 ], [ 0.0152599, 51.5686064 ], [ 0.0152465, 51.5683511 ], [ 0.0153987, 51.5684451 ], [ 0.0156732, 51.5685389 ], [ 0.0162211, 51.5687019 ], [ 0.0158658, 51.5692698 ], [ 0.0158432, 51.569264 ], [ 0.0158214, 51.569259 ], [ 0.01584, 51.569223 ], [ 0.0158184, 51.5691926 ], [ 0.0156296, 51.5691446 ], [ 0.0155298, 51.5691192 ], [ 0.0154192, 51.5692761 ], [ 0.0153995, 51.5692703 ], [ 0.0152505, 51.5694782 ], [ 0.0150206, 51.5694195 ], [ 0.0149038, 51.5693862 ] ] ] } },
{ "type": "Feature", "properties": { "id": "28836702", "name": "King's Passage Allotments" }, "geometry": { "type": "Polygon", "coordinates": [ [ [ 0.0067479, 51.5710282 ], [ 0.0076186, 51.5706221 ], [ 0.0077366, 51.5707563 ], [ 0.0079544, 51.5710038 ], [ 0.0067479, 51.5710282 ] ] ] } },
{ "type": "Feature", "properties": { "id": "28968676", "name": null }, "geometry": { "type": "Polygon", "coordinates": [ [ [ -0.4858328, 51.5912127 ], [ -0.4856074, 51.5912885 ], [ -0.484993, 51.591555 ], [ -0.4850205, 51.5916237 ], [ -0.4850735, 51.5916108 ], [ -0.485622, 51.5913767 ], [ -0.4857813, 51.5916525 ], [ -0.4858201, 51.5917196 ], [ -0.4859727, 51.5919837 ], [ -0.4853323, 51.5921053 ], [ -0.4853196, 51.5922532 ], [ -0.4852089, 51.5922961 ], [ -0.4852619, 51.5924298 ], [ -0.4854758, 51.5923994 ], [ -0.4857346, 51.5930035 ], [ -0.4868527, 51.5927802 ], [ -0.4860962, 51.5914217 ], [ -0.4858328, 51.5912127 ] ] ] } },
{ "type": "Feature", "properties": { "id": "28982901", "name": "Moor Lane Allotment Site" }, "geometry": { "type": "Polygon", "coordinates": [ [ [ -0.4843153, 51.489206 ], [ -0.4834012, 51.4898263 ], [ -0.4844019, 51.490311 ], [ -0.485334, 51.489697 ], [ -0.4843153, 51.489206 ] ] ] } },
{ "type": "Feature", "properties": { "id": "28992861", "name": null }, "geometry": { "type": "Polygon", "coordinates": [ [ [ -0.4862937, 51.6010887 ], [ -0.4860968, 51.6008184 ], [ -0.486026, 51.6007557 ], [ -0.485776, 51.6006781 ], [ -0.4854889, 51.6006052 ], [ -0.4854026, 51.6007411 ], [ -0.4851539, 51.6012238 ], [ -0.4846461, 51.6019382 ], [ -0.4852161, 51.6021506 ], [ -0.4854337, 51.6018996 ], [ -0.4860243, 51.6016679 ], [ -0.4862555, 51.6014856 ], [ -0.4864618, 51.6012589 ], [ -0.4864674, 51.6012313 ], [ -0.4863842, 51.6012048 ], [ -0.4862937, 51.6010887 ] ] ] } },
{ "type": "Feature", "properties": { "id": "28992878", "name": null }, "geometry": { "type": "Polygon", "coordinates": [ [ [ -0.4781285, 51.6068294 ], [ -0.4779674, 51.6067713 ], [ -0.4778072, 51.6067135 ], [ -0.4771648, 51.607267 ], [ -0.4762944, 51.606913 ], [ -0.475986, 51.6071762 ], [ -0.4771352, 51.607673 ], [ -0.4772171, 51.6077037 ], [ -0.4781285, 51.6068294 ] ] ] } },
{ "type": "Feature", "properties": { "id": "29160111", "name": "Reynolds Allotments" }, "geometry": { "type": "Polygon", "coordinates": [ [ [ 0.0672095, 51.5471053 ], [ 0.0673388, 51.5461766 ], [ 0.0680793, 51.5461165 ], [ 0.0680959, 51.546175 ], [ 0.0680419, 51.5462371 ], [ 0.0680595, 51.5464154 ], [ 0.0679638, 51.5471117 ], [ 0.0679606, 51.5471391 ], [ 0.0672095, 51.5471053 ] ] ] } },
{ "type": "Feature", "properties": { "id": "29429795", "name": "Newton Park East" }, "geometry": { "type": "Polygon", "coordinates": [ [ [ -0.3680114, 51.5695665 ], [ -0.3690977, 51.5695711 ], [ -0.3682346, 51.5684738 ], [ -0.367033, 51.5688089 ], [ -0.3665437, 51.5688516 ], [ -0.3659356, 51.5690112 ], [ -0.365222, 51.5691984 ], [ -0.3652008, 51.5694496 ], [ -0.3659968, 51.5694501 ], [ -0.3670244, 51.5694598 ], [ -0.367505, 51.5694598 ], [ -0.3680114, 51.5695665 ] ] ] } },
{ "type": "Feature", "properties": { "id": "29931764", "name": "Chadwell Lane Allotments" }, "geometry": { "type": "Polygon", "coordinates": [ [ [ 0.1294873, 51.5720649 ], [ 0.1296888, 51.5719488 ], [ 0.1298526, 51.5717641 ], [ 0.1299397, 51.5715454 ], [ 0.1315585, 51.5718289 ], [ 0.1312448, 51.5725255 ], [ 0.1310943, 51.5725105 ], [ 0.1296206, 51.572266 ], [ 0.1294873, 51.5720649 ] ] ] } },
{ "type": "Feature", "properties": { "id": "30124487", "name": null }, "geometry": { "type": "Polygon", "coordinates": [ [ [ 0.1334059, 51.5721435 ], [ 0.1340038, 51.5722407 ], [ 0.133529, 51.5732302 ], [ 0.1329439, 51.5731236 ], [ 0.1332346, 51.5725069 ], [ 0.1334059, 51.5721435 ] ] ] } },
{ "type": "Feature", "properties": { "id": "30141198", "name": "Caspian Street Allotments" }, "geometry": { "type": "Polygon", "coordinates": [ [ [ -0.0917988, 51.4794613 ], [ -0.0911556, 51.4788733 ], [ -0.0909646, 51.4789496 ], [ -0.0916959, 51.4795012 ], [ -0.0917988, 51.4794613 ] ] ] } },
{ "type": "Feature", "properties": { "id": "30246579", "name": null }, "geometry": { "type": "Polygon", "coordinates": [ [ [ 0.1385293, 51.5859677 ], [ 0.1379139, 51.585841 ], [ 0.1382427, 51.5855856 ], [ 0.1384248, 51.5849128 ], [ 0.1386937, 51.5849227 ], [ 0.1389831, 51.5845486 ], [ 0.1394333, 51.5846291 ], [ 0.1394846, 51.584651 ], [ 0.1393609, 51.5848092 ], [ 0.1385293, 51.5859677 ] ] ] } },
{ "type": "Feature", "properties": { "id": "31719873", "name": "Lennard Road Allotments" }, "geometry": { "type": "Polygon", "coordinates": [ [ [ -0.0401613, 51.4183051 ], [ -0.0414393, 51.418709 ], [ -0.0417079, 51.4182929 ], [ -0.0419949, 51.4183559 ], [ -0.0421524, 51.4181427 ], [ -0.0426662, 51.4182768 ], [ -0.0428007, 51.41805 ], [ -0.0429783, 51.4178192 ], [ -0.0419154, 51.4175635 ], [ -0.042274, 51.4170332 ], [ -0.0421239, 51.4169973 ], [ -0.0420973, 51.416991 ], [ -0.0417202, 51.4175166 ], [ -0.0407624, 51.4172862 ], [ -0.0403599, 51.4179927 ], [ -0.0401613, 51.4183051 ] ] ] } },
{ "type": "Feature", "properties": { "id": "32055218", "name": "Arvon Road allotments" }, "geometry": { "type": "Polygon", "coordinates": [ [ [ -0.1054711, 51.5521559 ], [ -0.1052314, 51.5516851 ], [ -0.1049413, 51.5510387 ], [ -0.1045941, 51.551079 ], [ -0.1051918, 51.5523125 ], [ -0.10521, 51.5523469 ], [ -0.1054711, 51.5521559 ] ] ] } },
{ "type": "Feature", "properties": { "id": "32134963", "name": null }, "geometry": { "type": "Polygon", "coordinates": [ [ [ -0.0235703, 51.3919745 ], [ -0.0244372, 51.3919423 ], [ -0.0252425, 51.3920902 ], [ -0.0253835, 51.3918067 ], [ -0.0254242, 51.3917067 ], [ -0.0235566, 51.3913061 ], [ -0.0235703, 51.3919745 ] ] ] } },
{ "type": "Feature", "properties": { "id": "32137072", "name": "Culpeper Community Garden" }, "geometry": { "type": "Polygon", "coordinates": [ [ [ -0.1101023, 51.5346536 ], [ -0.1100104, 51.5346715 ], [ -0.1092106, 51.5347763 ], [ -0.109355, 51.5350405 ], [ -0.1095629, 51.5350118 ], [ -0.1096592, 51.5350525 ], [ -0.1096985, 51.5350683 ], [ -0.1101252, 51.5347263 ], [ -0.1101023, 51.5346536 ] ] ] } },
{ "type": "Feature", "properties": { "id": "32998175", "name": null }, "geometry": { "type": "Polygon", "coordinates": [ [ [ -0.1998326, 51.3694452 ], [ -0.1986992, 51.3698478 ], [ -0.1988357, 51.3700484 ], [ -0.1990977, 51.370544 ], [ -0.1991269, 51.370801 ], [ -0.1995167, 51.370791399999987 ], [ -0.1998326, 51.3694452 ] ] ] } },
{ "type": "Feature", "properties": { "id": "33489734", "name": null }, "geometry": { "type": "Polygon", "coordinates": [ [ [ -0.0235345, 51.4046636 ], [ -0.0232558, 51.404592 ], [ -0.0231268, 51.4043961 ], [ -0.0230477, 51.4042339 ], [ -0.0229033, 51.404097 ], [ -0.0227384, 51.40394 ], [ -0.0225427, 51.403858 ], [ -0.0224002, 51.4037787 ], [ -0.0222405, 51.4037624 ], [ -0.0220771, 51.4038191 ], [ -0.0205871, 51.4040635 ], [ -0.0208851, 51.4048436 ], [ -0.0225513, 51.4045995 ], [ -0.0226498, 51.4049877 ], [ -0.0236886, 51.4048798 ], [ -0.0235345, 51.4046636 ] ] ] } },
{ "type": "Feature", "properties": { "id": "33569319", "name": "Chestnut Avenue allotments" }, "geometry": { "type": "Polygon", "coordinates": [ [ [ -0.4165199, 51.6021993 ], [ -0.4175094, 51.6025802 ], [ -0.4176989, 51.6026486 ], [ -0.4177281, 51.6026078 ], [ -0.4179607, 51.6026838 ], [ -0.4179236, 51.602732 ], [ -0.4181863, 51.6028201 ], [ -0.4186227, 51.6022098 ], [ -0.4184766, 51.6021561 ], [ -0.4166675, 51.6014922 ], [ -0.4164595, 51.6014159 ], [ -0.4161644, 51.6017341 ], [ -0.4167416, 51.601944499999988 ], [ -0.4167173, 51.6019744 ], [ -0.4166951, 51.6019989 ], [ -0.4165199, 51.6021993 ] ] ] } },
{ "type": "Feature", "properties": { "id": "33795612", "name": "Thurleston Allotments" }, "geometry": { "type": "Polygon", "coordinates": [ [ [ -0.2197748, 51.3968397 ], [ -0.2196012, 51.3964462 ], [ -0.2191477, 51.3965903 ], [ -0.2187652, 51.396377 ], [ -0.2187314, 51.3963581 ], [ -0.218293, 51.3966846 ], [ -0.2181032, 51.396826 ], [ -0.2188355, 51.3971662 ], [ -0.2197748, 51.3968397 ] ] ] } },
{ "type": "Feature", "properties": { "id": "33795741", "name": "Cannizaro Park Allotments" }, "geometry": { "type": "Polygon", "coordinates": [ [ [ -0.2334546, 51.4252082 ], [ -0.2334914, 51.4247078 ], [ -0.2327082, 51.4245673 ], [ -0.2326419, 51.4256708 ], [ -0.2326399, 51.4257576 ], [ -0.2334809, 51.4258205 ], [ -0.2334289, 51.4257074 ], [ -0.2334546, 51.4252082 ] ] ] } },
{ "type": "Feature", "properties": { "id": "33795887", "name": "Durnsford Allotments" }, "geometry": { "type": "Polygon", "coordinates": [ [ [ -0.1923661, 51.4281606 ], [ -0.1916634, 51.4280778 ], [ -0.1913456, 51.4280305 ], [ -0.1912963, 51.4280232 ], [ -0.1909862, 51.4279753 ], [ -0.1909887, 51.4280162 ], [ -0.1909907, 51.4280501 ], [ -0.1912849, 51.4280903 ], [ -0.1916386, 51.4281386 ], [ -0.1916366, 51.4281586 ], [ -0.1915335, 51.4291667 ], [ -0.1916709, 51.4293754 ], [ -0.1917734, 51.4295006 ], [ -0.1919128, 51.429606 ], [ -0.1920458, 51.4295422 ], [ -0.1919826, 51.4294605 ], [ -0.1919758, 51.4293834 ], [ -0.1919369, 51.4290329 ], [ -0.1925378, 51.4289794 ], [ -0.1924433, 51.428444199999987 ], [ -0.1923661, 51.4281606 ] ] ] } },
{ "type": "Feature", "properties": { "id": "33795924", "name": "Havelock Allotments" }, "geometry": { "type": "Polygon", "coordinates": [ [ [ -0.1881062, 51.4280045 ], [ -0.1879317, 51.4277785 ], [ -0.1878539, 51.4276112 ], [ -0.1877439, 51.4273988 ], [ -0.1876845, 51.4272488 ], [ -0.187473, 51.4268537 ], [ -0.1872989, 51.4264447 ], [ -0.1871243, 51.4262432 ], [ -0.186958, 51.4260158 ], [ -0.187076, 51.4259873 ], [ -0.1868883, 51.4259422 ], [ -0.1867259, 51.4259256 ], [ -0.1865315, 51.4258586 ], [ -0.1864009, 51.4257256 ], [ -0.1861857, 51.4254978 ], [ -0.186267, 51.4252431 ], [ -0.1858581, 51.4251961 ], [ -0.1850812, 51.4251018 ], [ -0.1853669, 51.4253624 ], [ -0.1857287, 51.4256763 ], [ -0.185956, 51.4259435 ], [ -0.1861038, 51.4261853 ], [ -0.1862861, 51.4264644 ], [ -0.1863691, 51.4265997 ], [ -0.1864296, 51.4267015 ], [ -0.1865154, 51.4268053 ], [ -0.1866528, 51.4269624 ], [ -0.1869875, 51.4272868 ], [ -0.1870983, 51.4274133 ], [ -0.187146, 51.4275 ], [ -0.1872525, 51.428043699999989 ], [ -0.1872745, 51.4281012 ], [ -0.1873336, 51.4281523 ], [ -0.187456, 51.4282728 ], [ -0.1874764, 51.4283213 ], [ -0.1876709, 51.4285162 ], [ -0.1878516, 51.4284487 ], [ -0.1879083, 51.4284235 ], [ -0.1876556, 51.4281805 ], [ -0.1881062, 51.4280045 ] ] ] } },
{ "type": "Feature", "properties": { "id": "33796454", "name": "Effra Allotments" }, "geometry": { "type": "Polygon", "coordinates": [ [ [ -0.1931836, 51.4232494 ], [ -0.1931382, 51.4230984 ], [ -0.1929264, 51.4231259 ], [ -0.1928839, 51.422965 ], [ -0.1924411, 51.4230147 ], [ -0.192518, 51.4233111 ], [ -0.1931836, 51.4232494 ] ] ] } },
{ "type": "Feature", "properties": { "id": "33796565", "name": "Eveline Allotments" }, "geometry": { "type": "Polygon", "coordinates": [ [ [ -0.1658289, 51.4110779 ], [ -0.1656815, 51.4108464 ], [ -0.1655075, 51.4108831 ], [ -0.1654392, 51.410774 ], [ -0.1651821, 51.4108123 ], [ -0.1638245, 51.411000199999989 ], [ -0.1633482, 51.4110584 ], [ -0.1632454, 51.4110684 ], [ -0.1635678, 51.4111446 ], [ -0.1639145, 51.4112127 ], [ -0.1640916, 51.4112344 ], [ -0.1643417, 51.4112554 ], [ -0.1645236, 51.4112526 ], [ -0.1648181, 51.4112287 ], [ -0.165716, 51.4111436 ], [ -0.1657592, 51.4111397 ], [ -0.1658039, 51.4111243 ], [ -0.1658445, 51.4111004 ], [ -0.1658289, 51.4110779 ] ] ] } },
{ "type": "Feature", "properties": { "id": "33796658", "name": "New Barns Allotments" }, "geometry": { "type": "Polygon", "coordinates": [ [ [ -0.1368198, 51.3986499 ], [ -0.1372646, 51.3982085 ], [ -0.1378613, 51.3977192 ], [ -0.1387569, 51.3970033 ], [ -0.1381896, 51.3967532 ], [ -0.137898, 51.3970548 ], [ -0.1376589, 51.3972731 ], [ -0.1375305, 51.3973887 ], [ -0.1363213, 51.3984293 ], [ -0.1368198, 51.3986499 ] ] ] } },
{ "type": "Feature", "properties": { "id": "33797261", "name": "Phipps Bridge Allotments" }, "geometry": { "type": "Polygon", "coordinates": [ [ [ -0.1827778, 51.4059174 ], [ -0.1828011, 51.406106 ], [ -0.1827971, 51.4062535 ], [ -0.1828035, 51.406461 ], [ -0.1828544, 51.406629599999988 ], [ -0.1829617, 51.4068574 ], [ -0.1829695, 51.4068739 ], [ -0.1836204, 51.4067091 ], [ -0.1839361, 51.4066502 ], [ -0.1842304, 51.4066825 ], [ -0.1843056, 51.4067954 ], [ -0.1849062, 51.4068926 ], [ -0.1854403, 51.4065987 ], [ -0.1854906, 51.4065539 ], [ -0.1853308, 51.4063856 ], [ -0.1854008, 51.4061108 ], [ -0.1844134, 51.4059606 ], [ -0.1840709, 51.4059187 ], [ -0.183756, 51.4058968 ], [ -0.1837356, 51.4058967 ], [ -0.1833729, 51.4058964 ], [ -0.1827778, 51.4059174 ] ] ] } },
{ "type": "Feature", "properties": { "id": "33818507", "name": "Wilverley Crescent Allotments" }, "geometry": { "type": "Polygon", "coordinates": [ [ [ -0.2561081, 51.3901619 ], [ -0.2561081, 51.3899477 ], [ -0.2556103, 51.3899423 ], [ -0.2555845, 51.3901298 ], [ -0.2561081, 51.3901619 ] ] ] } },
{ "type": "Feature", "properties": { "id": "33818894", "name": "Hook Leisure Gardens Allotments" }, "geometry": { "type": "Polygon", "coordinates": [ [ [ -0.3088568, 51.3722471 ], [ -0.3088037, 51.3724995 ], [ -0.308801, 51.3725122 ], [ -0.30878, 51.372612 ], [ -0.3087513, 51.372748 ], [ -0.3087436, 51.3727848 ], [ -0.3087408, 51.372798 ], [ -0.3083229, 51.3735327 ], [ -0.3082932, 51.3735849 ], [ -0.3081641, 51.3738118 ], [ -0.3080832, 51.3739539 ], [ -0.3079767, 51.3741411 ], [ -0.3078472, 51.3743688 ], [ -0.3077696, 51.374502 ], [ -0.3075772, 51.3748324 ], [ -0.3072919, 51.3753224 ], [ -0.3072015, 51.3754776 ], [ -0.3074245, 51.3754939 ], [ -0.3075151, 51.3754873 ], [ -0.3075551, 51.3754938 ], [ -0.3075761, 51.3755068 ], [ -0.3080186, 51.3755223 ], [ -0.3082802, 51.3755233 ], [ -0.3085417, 51.3755164 ], [ -0.3089866, 51.375438699999989 ], [ -0.3098616, 51.374037 ], [ -0.3102213, 51.3735849 ], [ -0.3108263, 51.3728568 ], [ -0.3098134, 51.3725493 ], [ -0.3088568, 51.3722471 ] ] ] } },
{ "type": "Feature", "properties": { "id": "33818984", "name": "Churchfields Allotments" }, "geometry": { "type": "Polygon", "coordinates": [ [ [ -0.3000536, 51.3596659 ], [ -0.3007805, 51.3595727 ], [ -0.3006346, 51.3594896 ], [ -0.3009023, 51.3591052 ], [ -0.3000022, 51.3586268 ], [ -0.2998047, 51.3587976 ], [ -0.2992812, 51.3591245 ], [ -0.2994099, 51.3592264 ], [ -0.2996245, 51.3593443 ], [ -0.2996931, 51.3594997 ], [ -0.3000536, 51.3596659 ] ] ] } },
{ "type": "Feature", "properties": { "id": "34187712", "name": "Pollard Close Allotment Gardens" }, "geometry": { "type": "Polygon", "coordinates": [ [ [ -0.1149995, 51.5532575 ], [ -0.1158617, 51.5527975 ], [ -0.1158164, 51.5527615 ], [ -0.1157618, 51.5527196 ], [ -0.1148949, 51.5531739 ], [ -0.1149747, 51.5532373 ], [ -0.1149995, 51.5532575 ] ] ] } },
{ "type": "Feature", "properties": { "id": "34239147", "name": null }, "geometry": { "type": "Polygon", "coordinates": [ [ [ -0.0677115, 51.4538141 ], [ -0.0675742, 51.4539784 ], [ -0.0680473, 51.454124099999987 ], [ -0.0681623, 51.4540328 ], [ -0.0677115, 51.4538141 ] ] ] } },
{ "type": "Feature", "properties": { "id": "34752578", "name": null }, "geometry": { "type": "Polygon", "coordinates": [ [ [ -0.1061714, 51.4175884 ], [ -0.1064412, 51.4174348 ], [ -0.1065369, 51.4174113 ], [ -0.1067453, 51.4173111 ], [ -0.1069021, 51.417311 ], [ -0.1070595, 51.4172486 ], [ -0.1059293, 51.4160302 ], [ -0.1051965, 51.4162284 ], [ -0.1048605, 51.4163511 ], [ -0.1044358, 51.4165035 ], [ -0.1045434, 51.4166497 ], [ -0.1047064, 51.4167996 ], [ -0.1048352, 51.416928 ], [ -0.1048867, 51.4170672 ], [ -0.104921, 51.417185 ], [ -0.105001, 51.417303399999987 ], [ -0.1049824, 51.4174223 ], [ -0.1054782, 51.417386199999989 ], [ -0.1055428, 51.4174118 ], [ -0.105964, 51.4173678 ], [ -0.1061714, 51.4175884 ] ] ] } },
{ "type": "Feature", "properties": { "id": "35481194", "name": "New Eltham Allotment Society" }, "geometry": { "type": "Polygon", "coordinates": [ [ [ 0.0656342, 51.4370231 ], [ 0.0661063, 51.4360383 ], [ 0.0675851, 51.4363809 ], [ 0.0671054, 51.4372959 ], [ 0.0656342, 51.4370231 ] ] ] } },
{ "type": "Feature", "properties": { "id": "35559062", "name": null }, "geometry": { "type": "Polygon", "coordinates": [ [ [ -0.1029967, 51.3934742 ], [ -0.1029735, 51.393444 ], [ -0.1026485, 51.3931509 ], [ -0.1007328, 51.3940112 ], [ -0.1007278, 51.394008 ], [ -0.1004126, 51.3941463 ], [ -0.0993613, 51.3946243 ], [ -0.0997363, 51.3949256 ], [ -0.1029967, 51.3934742 ] ] ] } },
{ "type": "Feature", "properties": { "id": "35735293", "name": "Meadow Close Allotments" }, "geometry": { "type": "Polygon", "coordinates": [ [ [ -0.0269303, 51.4240463 ], [ -0.0259853, 51.4236141 ], [ -0.0246508, 51.423326 ], [ -0.0244906, 51.4241732 ], [ -0.0245027, 51.4242293 ], [ -0.0257522, 51.4239949 ], [ -0.025772, 51.4242915 ], [ -0.025881, 51.4245759 ], [ -0.0269303, 51.4240463 ] ] ] } },
{ "type": "Feature", "properties": { "id": "35735503", "name": null }, "geometry": { "type": "Polygon", "coordinates": [ [ [ -0.0228071, 51.4390935 ], [ -0.0227304, 51.4390914 ], [ -0.0225761, 51.439058 ], [ -0.022485, 51.4390195 ], [ -0.0224018, 51.438966900000011 ], [ -0.0223508, 51.438897399999988 ], [ -0.0223222, 51.4388273 ], [ -0.0214116, 51.4390913 ], [ -0.0222476, 51.4393238 ], [ -0.022312, 51.439341 ], [ -0.0225255, 51.439463 ], [ -0.0228071, 51.4390935 ] ] ] } },
{ "type": "Feature", "properties": { "id": "35737005", "name": null }, "geometry": { "type": "Polygon", "coordinates": [ [ [ 0.0028808, 51.4383502 ], [ 0.0029419, 51.4372119 ], [ 0.0039108, 51.4373542 ], [ 0.003852, 51.4383749 ], [ 0.0028808, 51.4383502 ] ] ] } },
{ "type": "Feature", "properties": { "id": "35737029", "name": null }, "geometry": { "type": "Polygon", "coordinates": [ [ [ 0.001149, 51.4365092 ], [ 0.0014392, 51.4359494 ], [ 0.0048295, 51.436752 ], [ 0.0059625, 51.4369607 ], [ 0.0057822, 51.4372336 ], [ 0.0030185, 51.4365969 ], [ 0.0025571, 51.4367605 ], [ 0.001149, 51.4365092 ] ] ] } },
{ "type": "Feature", "properties": { "id": "35738515", "name": "Chinbrook Meadows Allotments" }, "geometry": { "type": "Polygon", "coordinates": [ [ [ 0.0317348, 51.4253758 ], [ 0.0318922, 51.425264 ], [ 0.0319017, 51.4252572 ], [ 0.0320265, 51.425169 ], [ 0.0323665, 51.4249842 ], [ 0.0331121, 51.4246039 ], [ 0.0337327, 51.4242571 ], [ 0.03404, 51.4243675 ], [ 0.0342883, 51.4244758 ], [ 0.0344243, 51.4245459 ], [ 0.0343634, 51.4247855 ], [ 0.0343302, 51.424865 ], [ 0.0342239, 51.424978 ], [ 0.0340318, 51.4250257 ], [ 0.0337251, 51.425163 ], [ 0.0336143, 51.4251142 ], [ 0.0335651, 51.4251355 ], [ 0.0335426, 51.4251759 ], [ 0.0333951, 51.4252176 ], [ 0.0331254, 51.4252813 ], [ 0.0325909, 51.4253922 ], [ 0.0322961, 51.4254462 ], [ 0.0320688, 51.425461399999989 ], [ 0.0319719, 51.4254649 ], [ 0.0318366, 51.4254425 ], [ 0.0317348, 51.4253758 ] ] ] } },
{ "type": "Feature", "properties": { "id": "35738575", "name": "Lee & District Land Club Allotments" }, "geometry": { "type": "Polygon", "coordinates": [ [ [ 0.0182653, 51.4353748 ], [ 0.0182932, 51.4353239 ], [ 0.0184833, 51.434977 ], [ 0.0184992, 51.43496 ], [ 0.0186124, 51.434839 ], [ 0.0186453, 51.4348038 ], [ 0.0187326, 51.4347104 ], [ 0.0187629, 51.434678 ], [ 0.0188222, 51.4346123 ], [ 0.0190246, 51.4343709 ], [ 0.0192031, 51.4341581 ], [ 0.0194209, 51.4339364 ], [ 0.0196168, 51.4337369 ], [ 0.0196209, 51.4337327 ], [ 0.0197047, 51.4335659 ], [ 0.0197337, 51.4335081 ], [ 0.019824, 51.433526 ], [ 0.0201917, 51.4335873 ], [ 0.0202427, 51.4335957 ], [ 0.0202199, 51.4336563 ], [ 0.0201868, 51.4337441 ], [ 0.0201595, 51.4338167 ], [ 0.0201587, 51.4338185 ], [ 0.0201387, 51.4338612 ], [ 0.0201274, 51.4338928 ], [ 0.0202096, 51.4339069 ], [ 0.0201771, 51.4340036 ], [ 0.0201762, 51.4340066 ], [ 0.0201391, 51.4340754 ], [ 0.0200828, 51.4340684 ], [ 0.0199199, 51.4340289 ], [ 0.0198279, 51.4340113 ], [ 0.0198145, 51.4340122 ], [ 0.0198024, 51.4340165 ], [ 0.0197836, 51.4340266 ], [ 0.0197701, 51.4340426 ], [ 0.0197057, 51.4341256 ], [ 0.0197412, 51.4341688 ], [ 0.0198934, 51.4341997 ], [ 0.0199839, 51.4342297 ], [ 0.019862, 51.434395099999989 ], [ 0.0198049, 51.4344726 ], [ 0.0197558, 51.4345393 ], [ 0.0197153, 51.4345942 ], [ 0.0196886, 51.4346252 ], [ 0.0196276, 51.434696 ], [ 0.0196237, 51.4347005 ], [ 0.0195662, 51.4347672 ], [ 0.019506, 51.434837 ], [ 0.0194445, 51.4349085 ], [ 0.0193801, 51.4349831 ], [ 0.0193198, 51.4350531 ], [ 0.0192642, 51.4351177 ], [ 0.0192066, 51.4351896 ], [ 0.0191688, 51.4352316 ], [ 0.0191417, 51.4352618 ], [ 0.0191373, 51.435267 ], [ 0.0191155, 51.4352931 ], [ 0.0190745, 51.4353421 ], [ 0.0190695, 51.435347 ], [ 0.0190085, 51.4354076 ], [ 0.0189986, 51.4354178 ], [ 0.0189832, 51.4354335 ], [ 0.0189448, 51.4354728 ], [ 0.0189394, 51.4354783 ], [ 0.0189245, 51.4354936 ], [ 0.0189165, 51.4355018 ], [ 0.018877, 51.4355422 ], [ 0.0188454, 51.4355745 ], [ 0.0188166, 51.4356041 ], [ 0.01845, 51.4354539 ], [ 0.0182937, 51.4353863 ], [ 0.0182653, 51.4353748 ] ] ] } },
{ "type": "Feature", "properties": { "id": "35738702", "name": "Exford Road Allotments" }, "geometry": { "type": "Polygon", "coordinates": [ [ [ 0.0241194, 51.4383016 ], [ 0.0240973, 51.4382393 ], [ 0.0240877, 51.4382222 ], [ 0.0240055, 51.4380758 ], [ 0.0239613, 51.4379971 ], [ 0.0239251, 51.4379325 ], [ 0.0238832, 51.437858 ], [ 0.0238437, 51.4377876 ], [ 0.0238036, 51.4377163 ], [ 0.023761, 51.4376404 ], [ 0.0237208, 51.4375687 ], [ 0.0236785, 51.4374934 ], [ 0.0236328, 51.4374119 ], [ 0.0235942, 51.4373431 ], [ 0.0235779, 51.437314099999988 ], [ 0.023575, 51.4372668 ], [ 0.0235706, 51.4371951 ], [ 0.0235681, 51.4371538 ], [ 0.0237653, 51.4369002 ], [ 0.0239073, 51.4366592 ], [ 0.024487, 51.4367275 ], [ 0.0249919, 51.4367871 ], [ 0.0249987, 51.4369061 ], [ 0.0248893, 51.4372115 ], [ 0.0248483, 51.4375518 ], [ 0.0247595, 51.4379226 ], [ 0.0247231, 51.4382067 ], [ 0.0241194, 51.4383016 ] ] ] } },
{ "type": "Feature", "properties": { "id": "35776797", "name": null }, "geometry": { "type": "Polygon", "coordinates": [ [ [ 0.1679372, 51.458999 ], [ 0.1682108, 51.458905800000011 ], [ 0.1690597, 51.4586393 ], [ 0.1706223, 51.4597396 ], [ 0.1701855, 51.4599507 ], [ 0.1698619, 51.460107 ], [ 0.1695256, 51.4598627 ], [ 0.169291, 51.4599885 ], [ 0.1691931, 51.4599287 ], [ 0.16912, 51.4599613 ], [ 0.1690545, 51.459923499999988 ], [ 0.1687416, 51.4599988 ], [ 0.1685158, 51.459996 ], [ 0.1684434, 51.4598648 ], [ 0.1681021, 51.4596292 ], [ 0.1679372, 51.458999 ] ] ] } },
{ "type": "Feature", "properties": { "id": "35781263", "name": "The Pleasance Allotments" }, "geometry": { "type": "Polygon", "coordinates": [ [ [ -0.2362825, 51.4625556 ], [ -0.2363068, 51.4625546 ], [ -0.236748, 51.4625147 ], [ -0.236743, 51.4624887 ], [ -0.2373158, 51.4624407 ], [ -0.237322, 51.4624666 ], [ -0.2376839, 51.4624434 ], [ -0.2378427, 51.4623199 ], [ -0.2377249, 51.461422 ], [ -0.2374331, 51.4614352 ], [ -0.2374079, 51.4614355 ], [ -0.237329, 51.4615494 ], [ -0.2372221, 51.4616611 ], [ -0.2369805, 51.461809 ], [ -0.2370952, 51.4618556 ], [ -0.2369888, 51.461997 ], [ -0.2366898, 51.4621505 ], [ -0.2361631, 51.4621795 ], [ -0.2362825, 51.4625556 ] ] ] } },
{ "type": "Feature", "properties": { "id": "35781419", "name": "Dover House Road Allotments" }, "geometry": { "type": "Polygon", "coordinates": [ [ [ -0.2399132, 51.4591357 ], [ -0.2399116, 51.4591241 ], [ -0.2398439, 51.4586225 ], [ -0.2395811, 51.4584166 ], [ -0.2390118, 51.4579706 ], [ -0.2390009, 51.4579714 ], [ -0.2379775, 51.4580421 ], [ -0.238093, 51.458761499999987 ], [ -0.238402, 51.4589541 ], [ -0.2384421, 51.4592075 ], [ -0.2399132, 51.4591357 ] ] ] } },
{ "type": "Feature", "properties": { "id": "35801294", "name": "Beck Lane Allotments" }, "geometry": { "type": "Polygon", "coordinates": [ [ [ -0.0534913, 51.4030286 ], [ -0.0530192, 51.4026805 ], [ -0.0527839, 51.4028145 ], [ -0.0526388, 51.4027223 ], [ -0.0488243, 51.4047888 ], [ -0.049586, 51.4052372 ], [ -0.0511846, 51.4044675 ], [ -0.0519678, 51.404066 ], [ -0.0518071, 51.4039111 ], [ -0.0520537, 51.4037782 ], [ -0.0519893, 51.4037246 ], [ -0.0534913, 51.4030286 ] ] ] } },
{ "type": "Feature", "properties": { "id": "35801302", "name": "Dorset Road Allotments" }, "geometry": { "type": "Polygon", "coordinates": [ [ [ -0.0523844, 51.4019774 ], [ -0.0517745, 51.4014307 ], [ -0.051669, 51.4015189 ], [ -0.0516037, 51.4016065 ], [ -0.0515102, 51.401679 ], [ -0.0514441, 51.4017288 ], [ -0.0512602, 51.4018336 ], [ -0.0510769, 51.4019232 ], [ -0.050948, 51.40198 ], [ -0.0507756, 51.4020334 ], [ -0.0504909, 51.402133799999987 ], [ -0.0499339, 51.401786 ], [ -0.0495823, 51.4020663 ], [ -0.0487703, 51.4016673 ], [ -0.0482958, 51.4020421 ], [ -0.0487824, 51.4022911 ], [ -0.0481201, 51.4028135 ], [ -0.0482941, 51.4029239 ], [ -0.0483491, 51.4029588 ], [ -0.0487851, 51.403226 ], [ -0.0489093, 51.403149 ], [ -0.0490446, 51.4032318 ], [ -0.0490885, 51.4032051 ], [ -0.0492608, 51.4033133 ], [ -0.0492353, 51.4033331 ], [ -0.0494606, 51.4034816 ], [ -0.0495885, 51.4034214 ], [ -0.0496108, 51.4033184 ], [ -0.0505356, 51.4028426 ], [ -0.0506194, 51.4028346 ], [ -0.0507056, 51.4028644 ], [ -0.0523844, 51.4019774 ] ] ] } },
{ "type": "Feature", "properties": { "id": "35822744", "name": "Firhill South Allotments" }, "geometry": { "type": "Polygon", "coordinates": [ [ [ -0.0288177, 51.4289774 ], [ -0.0275331, 51.4285403 ], [ -0.0274015, 51.4286027 ], [ -0.0278339, 51.4289136 ], [ -0.0278796, 51.4289471 ], [ -0.0279856, 51.4290234 ], [ -0.0280147, 51.4290447 ], [ -0.028152, 51.4291443 ], [ -0.0282182, 51.4291923 ], [ -0.028249, 51.429214 ], [ -0.028277, 51.4292337 ], [ -0.0284402, 51.4292484 ], [ -0.0285122, 51.4292157 ], [ -0.0285541, 51.4291989 ], [ -0.0286467, 51.4291615 ], [ -0.0289035, 51.4293137 ], [ -0.0289363, 51.4292999 ], [ -0.0286647, 51.4291467 ], [ -0.0286982, 51.4291054 ], [ -0.0287462, 51.4290522 ], [ -0.0288177, 51.4289774 ] ] ] } },
{ "type": "Feature", "properties": { "id": "35920274", "name": "Middle Park Allotments" }, "geometry": { "type": "Polygon", "coordinates": [ [ [ 0.0434579, 51.4421735 ], [ 0.0445255, 51.4419349 ], [ 0.046478, 51.4414986 ], [ 0.0465274, 51.4415784 ], [ 0.0469016, 51.4421826 ], [ 0.0455815, 51.4425057 ], [ 0.0455489, 51.4425137 ], [ 0.0439191, 51.4429126 ], [ 0.0434579, 51.4421735 ] ] ] } },
{ "type": "Feature", "properties": { "id": "35926447", "name": "Halls Farm Allotment Association" }, "geometry": { "type": "Polygon", "coordinates": [ [ [ 0.0244743, 51.4217254 ], [ 0.0239416, 51.4217987 ], [ 0.0237211, 51.42138 ], [ 0.0233741, 51.4205608 ], [ 0.0228385, 51.4198605 ], [ 0.022874, 51.4198384 ], [ 0.0232117, 51.4196074 ], [ 0.0235747, 51.4190758 ], [ 0.0237091, 51.4189871 ], [ 0.0240412, 51.4196146 ], [ 0.0242974, 51.4201256 ], [ 0.0246009, 51.4207171 ], [ 0.0245847, 51.4207992 ], [ 0.0245312, 51.42107 ], [ 0.0244571, 51.4211902 ], [ 0.0243284, 51.4213508 ], [ 0.0243541, 51.4214685 ], [ 0.0245859, 51.4215756 ], [ 0.0245147, 51.4216391 ], [ 0.0244743, 51.4217254 ] ] ] } },
{ "type": "Feature", "properties": { "id": "35958762", "name": "Southlands Road Allotments" }, "geometry": { "type": "Polygon", "coordinates": [ [ [ 0.0364585, 51.3968098 ], [ 0.0365334, 51.3967505 ], [ 0.0373938, 51.3960693 ], [ 0.0374437, 51.3960953 ], [ 0.0377589, 51.3962392 ], [ 0.0378014, 51.3961956 ], [ 0.0381621, 51.3962469 ], [ 0.0387764, 51.3963244 ], [ 0.0375766, 51.397329 ], [ 0.0364585, 51.3968098 ] ] ] } },
{ "type": "Feature", "properties": { "id": "35958764", "name": "Southlands Road Allotments" }, "geometry": { "type": "Polygon", "coordinates": [ [ [ 0.0373977, 51.397939199999989 ], [ 0.0374641, 51.397641 ], [ 0.0379645, 51.3972129 ], [ 0.038502, 51.3974564 ], [ 0.0387085, 51.3975499 ], [ 0.0393181, 51.3969763 ], [ 0.0393647, 51.3968884 ], [ 0.0394695, 51.396566 ], [ 0.0388039, 51.3964852 ], [ 0.0389655, 51.396347 ], [ 0.0390057, 51.3963521 ], [ 0.0407643, 51.3965753 ], [ 0.0403024, 51.3979391 ], [ 0.0402467, 51.3979456 ], [ 0.0401481, 51.3979414 ], [ 0.0397783, 51.397926 ], [ 0.0397289, 51.398031 ], [ 0.0397103, 51.3980303 ], [ 0.0396734, 51.3981474 ], [ 0.0373977, 51.397939199999989 ] ] ] } },
{ "type": "Feature", "properties": { "id": "36008975", "name": "Foxbury Allotments" }, "geometry": { "type": "Polygon", "coordinates": [ [ [ 0.018234, 51.4188946 ], [ 0.0181881, 51.4188929 ], [ 0.0179366, 51.4184084 ], [ 0.0178588, 51.4180775 ], [ 0.0176918, 51.4173628 ], [ 0.01772, 51.41736370000001 ], [ 0.0183931, 51.417385 ], [ 0.0183904, 51.4174144 ], [ 0.0183129, 51.4182404 ], [ 0.0182916, 51.4182378 ], [ 0.018234, 51.4188946 ] ] ] } },
{ "type": "Feature", "properties": { "id": "36121057", "name": "Roslin Way Allotments" }, "geometry": { "type": "Polygon", "coordinates": [ [ [ 0.0195569, 51.4222597 ], [ 0.0192616, 51.4221841 ], [ 0.0191369, 51.422159 ], [ 0.0190202, 51.422122599999987 ], [ 0.0188828, 51.4220867 ], [ 0.0187772, 51.4220737 ], [ 0.0187325, 51.4220553 ], [ 0.018518, 51.4219198 ], [ 0.0184469, 51.421827 ], [ 0.0184281, 51.421745 ], [ 0.0184148, 51.421580299999988 ], [ 0.0184389, 51.4214147 ], [ 0.0185346, 51.4210879 ], [ 0.0185506, 51.421081 ], [ 0.0185677, 51.4210736 ], [ 0.0191148, 51.4211931 ], [ 0.0193508, 51.4212341 ], [ 0.0196874, 51.4212725 ], [ 0.0197529, 51.421291 ], [ 0.0202884, 51.421413 ], [ 0.0203297, 51.4214227 ], [ 0.020593, 51.4214842 ], [ 0.0205445, 51.4215692 ], [ 0.0200655, 51.4224087 ], [ 0.0195569, 51.4222597 ] ] ] } },
{ "type": "Feature", "properties": { "id": "36121380", "name": null }, "geometry": { "type": "Polygon", "coordinates": [ [ [ 0.0181576, 51.3945149 ], [ 0.0183837, 51.3940261 ], [ 0.0181656, 51.3939681 ], [ 0.0182393, 51.3936283 ], [ 0.0184616, 51.3936362 ], [ 0.0185656, 51.3936634 ], [ 0.018658, 51.3936875 ], [ 0.0190217, 51.3937824 ], [ 0.0191346, 51.3938119 ], [ 0.0191664, 51.3938202 ], [ 0.0194088, 51.3946956 ], [ 0.0193782, 51.3946912 ], [ 0.0181949, 51.3945206 ], [ 0.018178, 51.3945182 ], [ 0.0181576, 51.3945149 ] ] ] } },
{ "type": "Feature", "properties": { "id": "36855371", "name": null }, "geometry": { "type": "Polygon", "coordinates": [ [ [ -0.1636769, 51.5853563 ], [ -0.1641506, 51.5852184 ], [ -0.1649473, 51.5848983 ], [ -0.1636741, 51.5842993 ], [ -0.162574, 51.5845594 ], [ -0.1631427, 51.5849505 ], [ -0.1636769, 51.5853563 ] ] ] } },
{ "type": "Feature", "properties": { "id": "36882881", "name": "Streamside" }, "geometry": { "type": "Polygon", "coordinates": [ [ [ -0.3749124, 51.5835367 ], [ -0.375013, 51.5836025 ], [ -0.3752437, 51.5836567 ], [ -0.3751069, 51.5839325 ], [ -0.3750425, 51.5840083 ], [ -0.3753199, 51.5840317 ], [ -0.3754352, 51.583875 ], [ -0.3770519, 51.5834521 ], [ -0.3774209, 51.5829455 ], [ -0.3777986, 51.5826521 ], [ -0.3771089, 51.5823 ], [ -0.3769126, 51.5824083 ], [ -0.3761594, 51.582835 ], [ -0.3749958, 51.5834898 ], [ -0.3749124, 51.5835367 ] ] ] } },
{ "type": "Feature", "properties": { "id": "36882938", "name": "Yeading Avenue allotments" }, "geometry": { "type": "Polygon", "coordinates": [ [ [ -0.38408, 51.5714335 ], [ -0.3834455, 51.5719918 ], [ -0.3836928, 51.5725828 ], [ -0.3840552, 51.5722964 ], [ -0.3860298, 51.5707358 ], [ -0.3854513, 51.5702672 ], [ -0.3849466, 51.5707395 ], [ -0.38408, 51.5714335 ] ] ] } },
{ "type": "Feature", "properties": { "id": "36972123", "name": "Barn Elms Allotments" }, "geometry": { "type": "Polygon", "coordinates": [ [ [ -0.2352578, 51.4822397 ], [ -0.2343068, 51.4820924 ], [ -0.2338976, 51.4821589 ], [ -0.2337497, 51.4823344 ], [ -0.2337234, 51.4825634 ], [ -0.233703, 51.4827415 ], [ -0.2332204, 51.4831745 ], [ -0.232709, 51.4833059 ], [ -0.2325787, 51.4833639 ], [ -0.232519, 51.4834675 ], [ -0.2324965, 51.4839402 ], [ -0.2324303, 51.4843633 ], [ -0.2328129, 51.4844909 ], [ -0.2330395, 51.4845805 ], [ -0.2332412, 51.484398 ], [ -0.2342558, 51.4834127 ], [ -0.2340915, 51.4833441 ], [ -0.2350319, 51.4824656 ], [ -0.2351489, 51.4824917 ], [ -0.2352578, 51.4822397 ] ] ] } },
{ "type": "Feature", "properties": { "id": "37878462", "name": "Wood End Green" }, "geometry": { "type": "Polygon", "coordinates": [ [ [ -0.4291303, 51.5210016 ], [ -0.428787, 51.5213279 ], [ -0.4286458, 51.521564 ], [ -0.4283641, 51.5214871 ], [ -0.4281252, 51.5219137 ], [ -0.4276732, 51.5227509 ], [ -0.4280081, 51.5228684 ], [ -0.4284692, 51.5229372 ], [ -0.4295761, 51.5230597 ], [ -0.4293801, 51.5233777 ], [ -0.4302335, 51.523536799999988 ], [ -0.4307132, 51.5236263 ], [ -0.4310583, 51.5237299 ], [ -0.4310939, 51.5235211 ], [ -0.4312065, 51.5233318 ], [ -0.430404, 51.5231951 ], [ -0.4309802, 51.5219724 ], [ -0.4291303, 51.5210016 ] ] ] } },
{ "type": "Feature", "properties": { "id": "37878493", "name": "Hayes End allotments" }, "geometry": { "type": "Polygon", "coordinates": [ [ [ -0.4307008, 51.5260773 ], [ -0.4295077, 51.5258887 ], [ -0.4289244, 51.5257766 ], [ -0.4282798, 51.5269367 ], [ -0.4283321, 51.5269695 ], [ -0.4285195, 51.526909 ], [ -0.4291776, 51.5270083 ], [ -0.4299949, 51.527216 ], [ -0.43011, 51.5269081 ], [ -0.4304323, 51.5269081 ], [ -0.4307008, 51.5260773 ] ] ] } },
{ "type": "Feature", "properties": { "id": "37880697", "name": null }, "geometry": { "type": "Polygon", "coordinates": [ [ [ -0.0317248, 51.4768981 ], [ -0.031692, 51.4765878 ], [ -0.0316846, 51.4765265 ], [ -0.0315956, 51.4765313 ], [ -0.0315778, 51.476417 ], [ -0.0313604, 51.4763838 ], [ -0.0313803, 51.4769126 ], [ -0.0317248, 51.4768981 ] ] ] } },
{ "type": "Feature", "properties": { "id": "37888822", "name": "Windmill Lane allotments" }, "geometry": { "type": "Polygon", "coordinates": [ [ [ -0.3571942, 51.5238156 ], [ -0.3574478, 51.5234787 ], [ -0.3575828, 51.523121599999989 ], [ -0.3563223, 51.5228975 ], [ -0.3560634, 51.5239129 ], [ -0.3557933, 51.5243261 ], [ -0.3556357, 51.5246412 ], [ -0.355685, 51.5253976 ], [ -0.3568036, 51.5254012 ], [ -0.356809, 51.525864 ], [ -0.357325, 51.5254443 ], [ -0.3567192, 51.5249203 ], [ -0.3565755, 51.5247909 ], [ -0.356532, 51.5247028 ], [ -0.3564817, 51.5245856 ], [ -0.3564022, 51.5245511 ], [ -0.3571026, 51.5238521 ], [ -0.3571942, 51.5238156 ] ] ] } },
{ "type": "Feature", "properties": { "id": "37977051", "name": "Hayes Bridge allotments" }, "geometry": { "type": "Polygon", "coordinates": [ [ [ -0.3909309, 51.5094651 ], [ -0.3905594, 51.5103314 ], [ -0.3914499, 51.5104829 ], [ -0.391844, 51.509594 ], [ -0.3909649, 51.5094699 ], [ -0.3909309, 51.5094651 ] ] ] } },
{ "type": "Feature", "properties": { "id": "38258790", "name": "Pield Heath allotments" }, "geometry": { "type": "Polygon", "coordinates": [ [ [ -0.456022, 51.5253394 ], [ -0.4559762, 51.5256187 ], [ -0.457161, 51.525695299999988 ], [ -0.4572918, 51.5249044 ], [ -0.456022, 51.5253394 ] ] ] } },
{ "type": "Feature", "properties": { "id": "38453307", "name": "Hackney Tree Nursery" }, "geometry": { "type": "Polygon", "coordinates": [ [ [ -0.0250304, 51.5527322 ], [ -0.0249249, 51.5519297 ], [ -0.0238809, 51.5519919 ], [ -0.0239741, 51.5525764 ], [ -0.0239987, 51.5526479 ], [ -0.0245348, 51.5527427 ], [ -0.0246727, 51.5527588 ], [ -0.024705, 51.5527401 ], [ -0.0247387, 51.5527206 ], [ -0.0248343, 51.5527591 ], [ -0.0250304, 51.5527322 ] ] ] } },
{ "type": "Feature", "properties": { "id": "39171605", "name": "Tenterden Close Allotments" }, "geometry": { "type": "Polygon", "coordinates": [ [ [ -0.2985839, 51.5739306 ], [ -0.2984969, 51.5736157 ], [ -0.2984239, 51.5733474 ], [ -0.2971546, 51.5733386 ], [ -0.2973047, 51.5740514 ], [ -0.2985839, 51.5739306 ] ] ] } },
{ "type": "Feature", "properties": { "id": "39471383", "name": null }, "geometry": { "type": "Polygon", "coordinates": [ [ [ 0.140569, 51.4889545 ], [ 0.1398977, 51.488339499999988 ], [ 0.1395834, 51.4879954 ], [ 0.139241, 51.487543 ], [ 0.139863, 51.4873324 ], [ 0.1399784, 51.4874735 ], [ 0.1404554, 51.487277399999989 ], [ 0.1407257, 51.4875228 ], [ 0.1412056, 51.4873114 ], [ 0.1417175, 51.4879017 ], [ 0.1413149, 51.4880668 ], [ 0.1418776, 51.4887206 ], [ 0.1412425, 51.4888447 ], [ 0.140569, 51.4889545 ] ] ] } },
{ "type": "Feature", "properties": { "id": "39658246", "name": "Pinn Way allotments" }, "geometry": { "type": "Polygon", "coordinates": [ [ [ -0.4313781, 51.5791712 ], [ -0.4313433, 51.5791829 ], [ -0.4309865, 51.5793196 ], [ -0.4308229, 51.5793729 ], [ -0.4306347, 51.579476 ], [ -0.4304555, 51.5795996 ], [ -0.4301854, 51.579723 ], [ -0.4297956, 51.579829599999989 ], [ -0.4295086, 51.5799313 ], [ -0.4293182, 51.5800013 ], [ -0.429227, 51.5800296 ], [ -0.4294199, 51.5800284 ], [ -0.4315337, 51.5793752 ], [ -0.4313781, 51.5791712 ] ] ] } },
{ "type": "Feature", "properties": { "id": "40224555", "name": "Prospect Walk Allotments" }, "geometry": { "type": "Polygon", "coordinates": [ [ [ -0.0450544, 51.5286819 ], [ -0.0452421, 51.5286361 ], [ -0.0456512, 51.5285358 ], [ -0.0458075, 51.5284968 ], [ -0.0460775, 51.5284314 ], [ -0.0461024, 51.5284253 ], [ -0.0462208, 51.5283972 ], [ -0.0460851, 51.5280773 ], [ -0.0448934, 51.5282583 ], [ -0.0450114, 51.5286117 ], [ -0.0450544, 51.5286819 ] ] ] } },
{ "type": "Feature", "properties": { "id": "40253027", "name": "Augustus And Redhill Allotments" }, "geometry": { "type": "Polygon", "coordinates": [ [ [ -0.1429259, 51.5302041 ], [ -0.142531, 51.5302023 ], [ -0.1425763, 51.5309995 ], [ -0.1426352, 51.5313723 ], [ -0.1427009, 51.5316148 ], [ -0.1431781, 51.5315824 ], [ -0.1430681, 51.5312638 ], [ -0.1430159, 51.530994799999988 ], [ -0.1429477, 51.530536 ], [ -0.1429259, 51.5302041 ] ] ] } },
{ "type": "Feature", "properties": { "id": "40313996", "name": null }, "geometry": { "type": "Polygon", "coordinates": [ [ [ 0.145995, 51.4463774 ], [ 0.1458964, 51.447071 ], [ 0.1457457, 51.4470758 ], [ 0.1456226, 51.4470902 ], [ 0.1442866, 51.447247 ], [ 0.1437029, 51.4472363 ], [ 0.1433768, 51.4471614 ], [ 0.1425356, 51.4469902 ], [ 0.1420893, 51.4468618 ], [ 0.1420367, 51.4468122 ], [ 0.141716, 51.446745799999988 ], [ 0.1414921, 51.4466995 ], [ 0.1411707, 51.4466583 ], [ 0.1406169, 51.4465874 ], [ 0.1407257, 51.4464112 ], [ 0.1407526, 51.4463883 ], [ 0.1409406, 51.4464086 ], [ 0.1413928, 51.4464764 ], [ 0.1418564, 51.4465204 ], [ 0.142221, 51.4465328 ], [ 0.1423512, 51.4465178 ], [ 0.1425336, 51.4464325 ], [ 0.1427187, 51.4462838 ], [ 0.1428045, 51.4462637 ], [ 0.1429172, 51.4462503 ], [ 0.1435046, 51.4463306 ], [ 0.1453505, 51.446193 ], [ 0.145995, 51.4463774 ] ] ] } },
{ "type": "Feature", "properties": { "id": "40743370", "name": "Stable Meadows Allotments" }, "geometry": { "type": "Polygon", "coordinates": [ [ [ 0.1350473, 51.4302462 ], [ 0.1348792, 51.4298884 ], [ 0.1346803, 51.4294652 ], [ 0.1362386, 51.4287492 ], [ 0.136529, 51.4285752 ], [ 0.1365599, 51.4285863 ], [ 0.1365931, 51.4285983 ], [ 0.1362856, 51.4288118 ], [ 0.136721, 51.4293364 ], [ 0.1350473, 51.4302462 ] ] ] } },
{ "type": "Feature", "properties": { "id": "41383724", "name": null }, "geometry": { "type": "Polygon", "coordinates": [ [ [ 0.1304892, 51.3570139 ], [ 0.1299785, 51.3570978 ], [ 0.1296989, 51.3565899 ], [ 0.1302026, 51.3562671 ], [ 0.1307273, 51.3562118 ], [ 0.1307746, 51.3562456 ], [ 0.1312492, 51.3562376 ], [ 0.1313006, 51.3565584 ], [ 0.1312652, 51.3567526 ], [ 0.1314431, 51.3571153 ], [ 0.1305851, 51.3572347 ], [ 0.1304892, 51.3570139 ] ] ] } },
{ "type": "Feature", "properties": { "id": "41389554", "name": null }, "geometry": { "type": "Polygon", "coordinates": [ [ [ 0.1097, 51.4202118 ], [ 0.1092193, 51.4204259 ], [ 0.1091077, 51.4205222 ], [ 0.1090133, 51.4205918 ], [ 0.1084211, 51.4208434 ], [ 0.108258, 51.4208969 ], [ 0.1078031, 51.421036 ], [ 0.1076949, 51.4208894 ], [ 0.107539, 51.4206782 ], [ 0.1073053, 51.4203616 ], [ 0.1093137, 51.4197889 ], [ 0.1097, 51.4202118 ] ] ] } },
{ "type": "Feature", "properties": { "id": "41956895", "name": "White Hart Lane Allotments" }, "geometry": { "type": "Polygon", "coordinates": [ [ [ -0.0947651, 51.6048 ], [ -0.0945115, 51.6049717 ], [ -0.0937124, 51.6045622 ], [ -0.0930064, 51.6043942 ], [ -0.0927932, 51.6043665 ], [ -0.0923714, 51.6043682 ], [ -0.0917221, 51.6043832 ], [ -0.0916991, 51.6050873 ], [ -0.0937101, 51.6051068 ], [ -0.0937233, 51.6059534 ], [ -0.0937236, 51.6059681 ], [ -0.0941898, 51.6056662 ], [ -0.0943084, 51.6055939 ], [ -0.0948702, 51.6052534 ], [ -0.0949665, 51.6051919 ], [ -0.094998, 51.6051602 ], [ -0.0950236, 51.6051023 ], [ -0.0950371, 51.6050445 ], [ -0.0950386, 51.6049988 ], [ -0.0950236, 51.6049698 ], [ -0.094983, 51.6049288 ], [ -0.0949319, 51.6048896 ], [ -0.0948598, 51.6048466 ], [ -0.0947651, 51.6048 ] ] ] } },
{ "type": "Feature", "properties": { "id": "42122266", "name": null }, "geometry": { "type": "Polygon", "coordinates": [ [ [ -0.2544806, 51.5087529 ], [ -0.2544987, 51.5083433 ], [ -0.2571364, 51.508114 ], [ -0.2571057, 51.5079918 ], [ -0.25448, 51.508228 ], [ -0.2532623, 51.5083384 ], [ -0.2533287, 51.5088129 ], [ -0.2543776, 51.5087583 ], [ -0.2544806, 51.5087529 ] ] ] } },
{ "type": "Feature", "properties": { "id": "43312854", "name": "Stafford Road allotments" }, "geometry": { "type": "Polygon", "coordinates": [ [ [ -0.4233341, 51.5591459 ], [ -0.4232409, 51.5586107 ], [ -0.4227451, 51.5585639 ], [ -0.4217213, 51.5585539 ], [ -0.4204008, 51.5585884 ], [ -0.4205529, 51.5588054 ], [ -0.4207562, 51.5591463 ], [ -0.4233341, 51.5591459 ] ] ] } },
{ "type": "Feature", "properties": { "id": "43633026", "name": "Old Palace Lane Allotment" }, "geometry": { "type": "Polygon", "coordinates": [ [ [ -0.312333, 51.4608639 ], [ -0.3120343, 51.4607295 ], [ -0.3117057, 51.4609466 ], [ -0.3116266, 51.4609935 ], [ -0.3115255, 51.4610471 ], [ -0.3113078, 51.4611513 ], [ -0.3114342, 51.4612191 ], [ -0.3115249, 51.4612703 ], [ -0.3113669, 51.4613731 ], [ -0.30982, 51.4623798 ], [ -0.3098379, 51.4624159 ], [ -0.3102199, 51.4622519 ], [ -0.3106784, 51.4620195 ], [ -0.3111217, 51.4617474 ], [ -0.3116152, 51.4613932 ], [ -0.312333, 51.4608639 ] ] ] } },
{ "type": "Feature", "properties": { "id": "44532337", "name": "Manor Road Allotments" }, "geometry": { "type": "Polygon", "coordinates": [ [ [ -0.2880402, 51.4650433 ], [ -0.2879639, 51.4646209 ], [ -0.2879082, 51.464348 ], [ -0.2864517, 51.4644449 ], [ -0.2862923, 51.4635731 ], [ -0.2853391, 51.463813 ], [ -0.2854914, 51.4640557 ], [ -0.2836071, 51.4643421 ], [ -0.2838604, 51.465689 ], [ -0.2859551, 51.4653519 ], [ -0.2880402, 51.4650433 ] ] ] } },
{ "type": "Feature", "properties": { "id": "44533025", "name": null }, "geometry": { "type": "Polygon", "coordinates": [ [ [ -0.2652266, 51.460591 ], [ -0.2643167, 51.4606565 ], [ -0.2638813, 51.4613667 ], [ -0.2639622, 51.461387 ], [ -0.2649764, 51.4607935 ], [ -0.2650424, 51.4607848 ], [ -0.2652266, 51.460591 ] ] ] } },
{ "type": "Feature", "properties": { "id": "44533029", "name": null }, "geometry": { "type": "Polygon", "coordinates": [ [ [ -0.2564439, 51.462742 ], [ -0.2544578, 51.4643668 ], [ -0.253285, 51.4651347 ], [ -0.2541453, 51.4651113 ], [ -0.2541457, 51.4647952 ], [ -0.2543145, 51.4647857 ], [ -0.2548753, 51.4642746 ], [ -0.2550746, 51.4643741 ], [ -0.2556799, 51.464356 ], [ -0.2571259, 51.4629438 ], [ -0.2571242, 51.4628997 ], [ -0.2571147, 51.4626564 ], [ -0.2580174, 51.4615777 ], [ -0.2581916, 51.4614577 ], [ -0.2582257, 51.4614342 ], [ -0.2583461, 51.4613836 ], [ -0.2583069, 51.4613635 ], [ -0.2583695, 51.461172 ], [ -0.2584714, 51.460997 ], [ -0.2585683, 51.4609164 ], [ -0.2591552, 51.460723 ], [ -0.2592313, 51.4606816 ], [ -0.2584544, 51.460402 ], [ -0.2582093, 51.4603138 ], [ -0.2581104, 51.4604159 ], [ -0.2579811, 51.4605615 ], [ -0.2564439, 51.462742 ] ] ] } },
{ "type": "Feature", "properties": { "id": "44600965", "name": null }, "geometry": { "type": "Polygon", "coordinates": [ [ [ -0.3515095, 51.4687503 ], [ -0.3513555, 51.4681207 ], [ -0.3502864, 51.468213299999988 ], [ -0.350212, 51.4681132 ], [ -0.3498873, 51.4681996 ], [ -0.350082, 51.4689202 ], [ -0.3515095, 51.4687503 ] ] ] } },
{ "type": "Feature", "properties": { "id": "44618687", "name": null }, "geometry": { "type": "Polygon", "coordinates": [ [ [ -0.3465533, 51.4649024 ], [ -0.3469739, 51.463341 ], [ -0.3454804, 51.4631859 ], [ -0.3453088, 51.4639506 ], [ -0.3461843, 51.4649345 ], [ -0.3465533, 51.4649024 ] ] ] } },
{ "type": "Feature", "properties": { "id": "44653171", "name": "South Close Allotments" }, "geometry": { "type": "Polygon", "coordinates": [ [ [ -0.3708323, 51.438373 ], [ -0.3712869, 51.4380364 ], [ -0.3712761, 51.4379217 ], [ -0.3705024, 51.4380795 ], [ -0.3705602, 51.4381296 ], [ -0.3708323, 51.438373 ] ] ] } },
{ "type": "Feature", "properties": { "id": "44733817", "name": "Stanhope Park allotments" }, "geometry": { "type": "Polygon", "coordinates": [ [ [ -0.353896, 51.5297429 ], [ -0.3532102, 51.5297055 ], [ -0.352451, 51.5307813 ], [ -0.3527448, 51.530866599999989 ], [ -0.3535064, 51.5301925 ], [ -0.3537089, 51.5299864 ], [ -0.353896, 51.5297429 ] ] ] } },
{ "type": "Feature", "properties": { "id": "44733826", "name": "Ravenor Park allotments" }, "geometry": { "type": "Polygon", "coordinates": [ [ [ -0.358111, 51.5331292 ], [ -0.3581087, 51.5326356 ], [ -0.3580469, 51.5326276 ], [ -0.3575673, 51.5325761 ], [ -0.3568893, 51.5325087 ], [ -0.3565413, 51.5324803 ], [ -0.3565304, 51.5324779 ], [ -0.3565195, 51.5324748 ], [ -0.3565051, 51.532469 ], [ -0.3564914, 51.5324619 ], [ -0.3564495, 51.5324604 ], [ -0.3564179, 51.5324589 ], [ -0.3559151, 51.5324149 ], [ -0.3558783, 51.5324687 ], [ -0.3563783, 51.5326056 ], [ -0.356439, 51.5326229 ], [ -0.3570747, 51.5328112 ], [ -0.3572704, 51.5328746 ], [ -0.3575735, 51.5329637 ], [ -0.3576669, 51.5329933 ], [ -0.3577582, 51.5330235 ], [ -0.358111, 51.5331292 ] ] ] } },
{ "type": "Feature", "properties": { "id": "44733961", "name": "Braund Avenue allotments" }, "geometry": { "type": "Polygon", "coordinates": [ [ [ -0.3636625, 51.5292467 ], [ -0.3637204, 51.529297899999989 ], [ -0.3633625, 51.5294922 ], [ -0.3635278, 51.5295926 ], [ -0.3636941, 51.5297632 ], [ -0.3637708, 51.5297693 ], [ -0.3640389, 51.5301035 ], [ -0.3640695, 51.5300946 ], [ -0.3641889, 51.5300535 ], [ -0.3643855, 51.5299994 ], [ -0.3644608, 51.5300775 ], [ -0.3647273, 51.5299829 ], [ -0.36484, 51.529767299999989 ], [ -0.3640863, 51.5296557 ], [ -0.3640152, 51.5295726 ], [ -0.3641143, 51.5293165 ], [ -0.3640997, 51.529249 ], [ -0.3637075, 51.5291947 ], [ -0.3636625, 51.5292467 ] ] ] } },
{ "type": "Feature", "properties": { "id": "44745440", "name": "West Drayton Cemetery allotments" }, "geometry": { "type": "Polygon", "coordinates": [ [ [ -0.4691834, 51.5011219 ], [ -0.4693677, 51.5002831 ], [ -0.4680066, 51.5001977 ], [ -0.4678762, 51.5002625 ], [ -0.4676976, 51.5008865 ], [ -0.4688209, 51.5009287 ], [ -0.468729, 51.5013538 ], [ -0.4688364, 51.5013569 ], [ -0.4691263, 51.5013651 ], [ -0.4691834, 51.5011219 ] ] ] } },
{ "type": "Feature", "properties": { "id": "44745450", "name": "West Drayton Depot allotments" }, "geometry": { "type": "Polygon", "coordinates": [ [ [ -0.4633584, 51.5040464 ], [ -0.4632256, 51.5028953 ], [ -0.4626231, 51.5028262 ], [ -0.4620605, 51.5036108 ], [ -0.461911, 51.5038742 ], [ -0.4618469, 51.5040787 ], [ -0.4618576, 51.5043384 ], [ -0.4618873, 51.5043388 ], [ -0.461916, 51.504339 ], [ -0.4619126, 51.504076299999987 ], [ -0.4633584, 51.5040464 ] ] ] } },
{ "type": "Feature", "properties": { "id": "44772214", "name": "Peachey Lane allotments" }, "geometry": { "type": "Polygon", "coordinates": [ [ [ -0.4761349, 51.5255563 ], [ -0.475819, 51.5255445 ], [ -0.4758608, 51.5250943 ], [ -0.4744629, 51.5250175 ], [ -0.4744443, 51.5251293 ], [ -0.4745067, 51.5251649 ], [ -0.4746506, 51.5251698 ], [ -0.4746472, 51.525192 ], [ -0.4746431, 51.5252188 ], [ -0.4747168, 51.5252232 ], [ -0.474688, 51.5254004 ], [ -0.4750806, 51.5255224 ], [ -0.4749095, 51.5256765 ], [ -0.4758206, 51.5259988 ], [ -0.4760817, 51.5257859 ], [ -0.4761349, 51.5255563 ] ] ] } },
{ "type": "Feature", "properties": { "id": "44824097", "name": "Hill End Allotments" }, "geometry": { "type": "Polygon", "coordinates": [ [ [ -0.4872271, 51.6121418 ], [ -0.486177, 51.6121554 ], [ -0.4843901, 51.6121786 ], [ -0.4844284, 51.6127413 ], [ -0.4849406, 51.612778 ], [ -0.4864794, 51.6127466 ], [ -0.487278, 51.6127306 ], [ -0.4872639, 51.6125676 ], [ -0.4872271, 51.6121418 ] ] ] } },
{ "type": "Feature", "properties": { "id": "44916827", "name": "Brighton Drive allotments" }, "geometry": { "type": "Polygon", "coordinates": [ [ [ -0.3678302, 51.5495158 ], [ -0.3675324, 51.5495141 ], [ -0.3674547, 51.5501149 ], [ -0.3678758, 51.5500843 ], [ -0.3678302, 51.5495158 ] ] ] } },
{ "type": "Feature", "properties": { "id": "45167847", "name": null }, "geometry": { "type": "Polygon", "coordinates": [ [ [ -0.2887167, 51.5046513 ], [ -0.2883316, 51.5041636 ], [ -0.2879815, 51.5037096 ], [ -0.2879635, 51.5037166 ], [ -0.2875485, 51.5038779 ], [ -0.288053, 51.5045202 ], [ -0.2881471, 51.5047991 ], [ -0.2887167, 51.5046513 ] ] ] } },
{ "type": "Feature", "properties": { "id": "45199321", "name": "Bovingdon Avenue Allotments" }, "geometry": { "type": "Polygon", "coordinates": [ [ [ -0.2784944, 51.5470234 ], [ -0.2788315, 51.5467607 ], [ -0.2788958, 51.5467106 ], [ -0.2778845, 51.5460979 ], [ -0.277762, 51.5462356 ], [ -0.2773658, 51.5460314 ], [ -0.2769384, 51.5463977 ], [ -0.2775665, 51.5466781 ], [ -0.2784944, 51.5470234 ] ] ] } },
{ "type": "Feature", "properties": { "id": "45349223", "name": "Townsend Lane allotments" }, "geometry": { "type": "Polygon", "coordinates": [ [ [ -0.2575658, 51.5779345 ], [ -0.2566484, 51.5779795 ], [ -0.2563158, 51.5793279 ], [ -0.2563882, 51.5793296 ], [ -0.2571608, 51.5791579 ], [ -0.2575658, 51.5779345 ] ] ] } },
{ "type": "Feature", "properties": { "id": "45349256", "name": "Dors Close allotments" }, "geometry": { "type": "Polygon", "coordinates": [ [ [ -0.2602158, 51.5732837 ], [ -0.2602038, 51.5729413 ], [ -0.2602157, 51.5725286 ], [ -0.2604438, 51.5714716 ], [ -0.2606181, 51.5707897 ], [ -0.2599341, 51.5707214 ], [ -0.259737, 51.5725802 ], [ -0.2593173, 51.5732137 ], [ -0.2596847, 51.5732395 ], [ -0.2602158, 51.5732837 ] ] ] } },
{ "type": "Feature", "properties": { "id": "45349261", "name": "Birchen Grove allotments" }, "geometry": { "type": "Polygon", "coordinates": [ [ [ -0.2593414, 51.569817799999988 ], [ -0.259513, 51.5693777 ], [ -0.2594701, 51.5687908 ], [ -0.2583624, 51.5687025 ], [ -0.2581612, 51.5693577 ], [ -0.2583799, 51.5694512 ], [ -0.2584187, 51.5695911 ], [ -0.2584818, 51.569778 ], [ -0.2584401, 51.5699779 ], [ -0.2583973, 51.5702597 ], [ -0.2588144, 51.5703331 ], [ -0.2592743, 51.570308 ], [ -0.2593414, 51.569817799999988 ] ] ] } },
{ "type": "Feature", "properties": { "id": "45441314", "name": "Kinch Grove Allotments" }, "geometry": { "type": "Polygon", "coordinates": [ [ [ -0.2896499, 51.5772263 ], [ -0.2898859, 51.5768063 ], [ -0.2897035, 51.5764462 ], [ -0.2890383, 51.5763862 ], [ -0.2893173, 51.5771263 ], [ -0.2896499, 51.5772263 ] ] ] } },
{ "type": "Feature", "properties": { "id": "45670713", "name": "Whitton Place Allotments" }, "geometry": { "type": "Polygon", "coordinates": [ [ [ -0.3341536, 51.5534536 ], [ -0.3347088, 51.5526948 ], [ -0.3343748, 51.5526486 ], [ -0.3329232, 51.5527061 ], [ -0.3329195, 51.5529511 ], [ -0.3340316, 51.5530567 ], [ -0.3340182, 51.5534369 ], [ -0.3341536, 51.5534536 ] ] ] } },
{ "type": "Feature", "properties": { "id": "45673720", "name": "Upper Chesham Allotments" }, "geometry": { "type": "Polygon", "coordinates": [ [ [ -0.0558302, 51.4092794 ], [ -0.0563297, 51.408975299999987 ], [ -0.0565084, 51.4088665 ], [ -0.0567314, 51.4087307 ], [ -0.0566993, 51.4087108 ], [ -0.0566125, 51.4086376 ], [ -0.0564801, 51.4085258 ], [ -0.0564544, 51.4085056 ], [ -0.0563657, 51.4084305 ], [ -0.0561815, 51.4082936 ], [ -0.0559268, 51.4080949 ], [ -0.0558624, 51.4081418 ], [ -0.0558409, 51.4082355 ], [ -0.0558489, 51.4083091 ], [ -0.0558946, 51.4084362 ], [ -0.0559187, 51.4085048 ], [ -0.0559455, 51.4085885 ], [ -0.0559724, 51.4086939 ], [ -0.055967, 51.4087202 ], [ -0.0559509, 51.4087993 ], [ -0.0558973, 51.4089097 ], [ -0.0558544, 51.409010099999989 ], [ -0.0557873, 51.4090937 ], [ -0.0557095, 51.4091641 ], [ -0.0556434, 51.4092271 ], [ -0.0556335, 51.4092684 ], [ -0.0556532, 51.4093114 ], [ -0.0556997, 51.4093544 ], [ -0.0558302, 51.4092794 ] ] ] } },
{ "type": "Feature", "properties": { "id": "45674029", "name": "Lower Chesham Allotments" }, "geometry": { "type": "Polygon", "coordinates": [ [ [ -0.0524077, 51.4088545 ], [ -0.0527564, 51.4086404 ], [ -0.0527703, 51.4086306 ], [ -0.0536871, 51.407987899999988 ], [ -0.054209, 51.4077016 ], [ -0.0544738, 51.407577 ], [ -0.054291, 51.4074692 ], [ -0.0536795, 51.4078585 ], [ -0.0534905, 51.4079765 ], [ -0.0530568, 51.4079377 ], [ -0.0528342, 51.4080096 ], [ -0.0526625, 51.408108299999988 ], [ -0.0525338, 51.4081385 ], [ -0.0524211, 51.408228799999989 ], [ -0.0522783, 51.4083116 ], [ -0.0521683, 51.408398 ], [ -0.0520535, 51.4084896 ], [ -0.0519678, 51.4085567 ], [ -0.0518208, 51.4086671 ], [ -0.0519427, 51.4087474 ], [ -0.0520382, 51.4086972 ], [ -0.0521102, 51.4087493 ], [ -0.0523205, 51.4089013 ], [ -0.0524077, 51.4088545 ] ] ] } },
{ "type": "Feature", "properties": { "id": "45674033", "name": "Forster Road Allotments" }, "geometry": { "type": "Polygon", "coordinates": [ [ [ -0.0470724, 51.4004569 ], [ -0.0483649, 51.3991198 ], [ -0.0473599, 51.3987675 ], [ -0.0468318, 51.3986107 ], [ -0.0463941, 51.3987654 ], [ -0.0464753, 51.3988838 ], [ -0.0466855, 51.3990807 ], [ -0.0471506, 51.3994142 ], [ -0.0471398, 51.3994725 ], [ -0.0471298, 51.3995267 ], [ -0.047041, 51.399601 ], [ -0.0470037, 51.399579599999988 ], [ -0.0469175, 51.3995303 ], [ -0.0466492, 51.3996728 ], [ -0.0466129, 51.3997383 ], [ -0.0466708, 51.399797199999988 ], [ -0.0466991, 51.399826 ], [ -0.0465867, 51.3998695 ], [ -0.0463781, 51.3999363 ], [ -0.0462818, 51.3999621 ], [ -0.0461271, 51.4000825 ], [ -0.0470724, 51.4004569 ] ] ] } },
{ "type": "Feature", "properties": { "id": "45683734", "name": "Enmore Road" }, "geometry": { "type": "Polygon", "coordinates": [ [ [ -0.0695306, 51.3934966 ], [ -0.0697773, 51.3939987 ], [ -0.0705498, 51.3938514 ], [ -0.0710326, 51.3936573 ], [ -0.0708931, 51.3933025 ], [ -0.0695306, 51.3934966 ] ] ] } },
{ "type": "Feature", "properties": { "id": "45875368", "name": "Abbots Road Allotments" }, "geometry": { "type": "Polygon", "coordinates": [ [ [ -0.2612938, 51.6098718 ], [ -0.2619017, 51.6097575 ], [ -0.2617511, 51.6093135 ], [ -0.26245, 51.6089146 ], [ -0.2623575, 51.6086316 ], [ -0.2623244, 51.6085303 ], [ -0.2622515, 51.6085432 ], [ -0.2610064, 51.6087636 ], [ -0.2612938, 51.6098718 ] ] ] } },
{ "type": "Feature", "properties": { "id": "45877723", "name": "Western Avenue allotments" }, "geometry": { "type": "Polygon", "coordinates": [ [ [ -0.4406174, 51.5498363 ], [ -0.4410977, 51.5499172 ], [ -0.4420835, 51.5501723 ], [ -0.4430242, 51.5504119 ], [ -0.4437798, 51.5506079 ], [ -0.4447255, 51.5508475 ], [ -0.4456912, 51.551105799999988 ], [ -0.4459714, 51.5511742 ], [ -0.4459968, 51.5511243 ], [ -0.4462007, 51.5508774 ], [ -0.4448381, 51.5504838 ], [ -0.4421774, 51.5498167 ], [ -0.4408759, 51.5495241 ], [ -0.4407826, 51.5495031 ], [ -0.4406174, 51.5498363 ] ] ] } },
{ "type": "Feature", "properties": { "id": "46098285", "name": "Southgate Chase Allotments" }, "geometry": { "type": "Polygon", "coordinates": [ [ [ -0.1308832, 51.6361628 ], [ -0.1319132, 51.6350108 ], [ -0.1303897, 51.6343915 ], [ -0.1302717, 51.6345313 ], [ -0.128834, 51.6342916 ], [ -0.1285494, 51.6347407 ], [ -0.1292524, 51.6348909 ], [ -0.1288769, 51.6357632 ], [ -0.1308832, 51.6361628 ] ] ] } },
{ "type": "Feature", "properties": { "id": "46099445", "name": "Barfield Avenue Allotments" }, "geometry": { "type": "Polygon", "coordinates": [ [ [ -0.1574697, 51.6268018 ], [ -0.1574796, 51.626647 ], [ -0.1583264, 51.6266368 ], [ -0.1584073, 51.6261412 ], [ -0.158496, 51.625843 ], [ -0.1581738, 51.6257206 ], [ -0.157324, 51.6260871 ], [ -0.1567818, 51.6263931 ], [ -0.1569643, 51.6265178 ], [ -0.1571631, 51.626803099999989 ], [ -0.1574697, 51.6268018 ] ] ] } },
{ "type": "Feature", "properties": { "id": "46114155", "name": "Barnsfield Place Allotment Site" }, "geometry": { "type": "Polygon", "coordinates": [ [ [ -0.4854682, 51.5457762 ], [ -0.4855854, 51.5459696 ], [ -0.4856122, 51.5461193 ], [ -0.4859463, 51.5461442 ], [ -0.4860273, 51.5459138 ], [ -0.4864075, 51.5458657 ], [ -0.4864476, 51.5453212 ], [ -0.4852379, 51.5453961 ], [ -0.4854682, 51.5457762 ] ] ] } },
{ "type": "Feature", "properties": { "id": "47847929", "name": "Barrowell Green Allotments" }, "geometry": { "type": "Polygon", "coordinates": [ [ [ -0.0969984, 51.6252655 ], [ -0.0971646, 51.6239434 ], [ -0.098349, 51.6240067 ], [ -0.0986495, 51.623707 ], [ -0.0979811, 51.6236252 ], [ -0.0974382, 51.6235471 ], [ -0.0950134, 51.6234905 ], [ -0.0944073, 51.6248377 ], [ -0.0955767, 51.6249909 ], [ -0.096139, 51.6250974 ], [ -0.0960423, 51.6254721 ], [ -0.0957902, 51.6256618 ], [ -0.0960745, 51.6257151 ], [ -0.0967773, 51.625848399999988 ], [ -0.0969511, 51.6255834 ], [ -0.0969984, 51.6252655 ] ] ] } },
{ "type": "Feature", "properties": { "id": "47847958", "name": "Church Street allotments" }, "geometry": { "type": "Polygon", "coordinates": [ [ [ -0.0788719, 51.6321154 ], [ -0.0791514, 51.6319233 ], [ -0.0791187, 51.6318157 ], [ -0.0787968, 51.6317091 ], [ -0.0789363, 51.6315093 ], [ -0.0774879, 51.6310032 ], [ -0.0772626, 51.6311297 ], [ -0.0768013, 51.6310032 ], [ -0.0764043, 51.6312496 ], [ -0.0749452, 51.6317158 ], [ -0.0766725, 51.6321087 ], [ -0.0769086, 51.6317491 ], [ -0.078711, 51.6323351 ], [ -0.0788719, 51.6321154 ] ] ] } },
{ "type": "Feature", "properties": { "id": "47975447", "name": "Brookfield allotments" }, "geometry": { "type": "Polygon", "coordinates": [ [ [ 0.0073075, 51.6075047 ], [ 0.0075744, 51.6077448 ], [ 0.0089365, 51.6083055 ], [ 0.0087473, 51.6085695 ], [ 0.0076791, 51.6082112 ], [ 0.0072071, 51.6080679 ], [ 0.0072014, 51.6080587 ], [ 0.0069241, 51.6076109 ], [ 0.0073075, 51.6075047 ] ] ] } },
{ "type": "Feature", "properties": { "id": "48040125", "name": "Horn Lane Allotments" }, "geometry": { "type": "Polygon", "coordinates": [ [ [ 0.0319535, 51.6035842 ], [ 0.0312803, 51.6037575 ], [ 0.0310215, 51.6033352 ], [ 0.0313423, 51.6032742 ], [ 0.0314764, 51.6032622 ], [ 0.0317684, 51.6032625 ], [ 0.0319535, 51.6035842 ] ] ] } },
{ "type": "Feature", "properties": { "id": "48040146", "name": "Lincoln Road Allotments" }, "geometry": { "type": "Polygon", "coordinates": [ [ [ 0.0194183, 51.5970674 ], [ 0.0195192, 51.5968079 ], [ 0.0195779, 51.5963723 ], [ 0.0196261, 51.5962728 ], [ 0.0198672, 51.5962635 ], [ 0.0199364, 51.5962609 ], [ 0.0199346, 51.596245 ], [ 0.020094, 51.5962396 ], [ 0.0207244, 51.5962351 ], [ 0.0208558, 51.5962539 ], [ 0.0208389, 51.5964902 ], [ 0.0207741, 51.5965302 ], [ 0.0207191, 51.5967885 ], [ 0.0204884, 51.5967685 ], [ 0.0204088, 51.5971283 ], [ 0.0194183, 51.5970674 ] ] ] } },
{ "type": "Feature", "properties": { "id": "48188800", "name": "Bowes Road allotments" }, "geometry": { "type": "Polygon", "coordinates": [ [ [ -0.1178002, 51.6109573 ], [ -0.1174568, 51.6108438 ], [ -0.1160136, 51.6123835 ], [ -0.1163204, 51.6123659 ], [ -0.1165523, 51.612151 ], [ -0.1170076, 51.6121518 ], [ -0.1178002, 51.6109573 ] ] ] } },
{ "type": "Feature", "properties": { "id": "48188806", "name": null }, "geometry": { "type": "Polygon", "coordinates": [ [ [ -0.1163218, 51.6061246 ], [ -0.1163345, 51.6060541 ], [ -0.1166198, 51.6044774 ], [ -0.116076, 51.6044395 ], [ -0.1157785, 51.6060867 ], [ -0.1163218, 51.6061246 ] ] ] } },
{ "type": "Feature", "properties": { "id": "48232388", "name": "Marsh Lane Allotments" }, "geometry": { "type": "Polygon", "coordinates": [ [ [ -0.0519854, 51.6016873 ], [ -0.0519418, 51.6014024 ], [ -0.051944, 51.601196 ], [ -0.0513042, 51.6010194 ], [ -0.0514847, 51.6006747 ], [ -0.0498641, 51.6002056 ], [ -0.0497711, 51.6004319 ], [ -0.0497112, 51.6007582 ], [ -0.0497808, 51.6011556 ], [ -0.049974, 51.6016687 ], [ -0.0503495, 51.601682 ], [ -0.0514942, 51.6017315 ], [ -0.0519854, 51.6016873 ] ] ] } },
{ "type": "Feature", "properties": { "id": "48244897", "name": "East Hale Allotments" }, "geometry": { "type": "Polygon", "coordinates": [ [ [ -0.0547778, 51.5938465 ], [ -0.0558329, 51.5914502 ], [ -0.0558516, 51.5911597 ], [ -0.0558585, 51.5910527 ], [ -0.0558646, 51.5909568 ], [ -0.0550121, 51.590831 ], [ -0.0545573, 51.5914085 ], [ -0.0544981, 51.5914946 ], [ -0.0544393, 51.5915717 ], [ -0.0543573, 51.5916934 ], [ -0.0542989, 51.5917691 ], [ -0.0541259, 51.5920301 ], [ -0.0534407, 51.5930939 ], [ -0.0533967, 51.5932759 ], [ -0.0533403, 51.593593 ], [ -0.0547778, 51.5938465 ] ] ] } },
{ "type": "Feature", "properties": { "id": "48253990", "name": "Fairbrook Allotments" }, "geometry": { "type": "Polygon", "coordinates": [ [ [ -0.1011901, 51.6130976 ], [ -0.1011945, 51.612572 ], [ -0.0964545, 51.613904 ], [ -0.0964415, 51.613892 ], [ -0.096278, 51.6139438 ], [ -0.0960824, 51.6136788 ], [ -0.0953662, 51.6138861 ], [ -0.0954759, 51.6139595 ], [ -0.0955591, 51.6140686 ], [ -0.0958742, 51.6140969 ], [ -0.0960727, 51.6141444 ], [ -0.0962146, 51.6141918 ], [ -0.0963181, 51.6142418 ], [ -0.0964187, 51.6143226 ], [ -0.0964938, 51.614365 ], [ -0.0965783, 51.614385 ], [ -0.0966816, 51.6143875 ], [ -0.0967996, 51.6143709 ], [ -0.0968821, 51.6143395 ], [ -0.0976128, 51.6140515 ], [ -0.097891, 51.6137965 ], [ -0.0984787, 51.613547 ], [ -0.0987572, 51.6134677 ], [ -0.0988771, 51.6134401 ], [ -0.0989938, 51.6134347 ], [ -0.0992898, 51.6134701 ], [ -0.0993503, 51.6134717 ], [ -0.0994109, 51.6134612 ], [ -0.1003286, 51.613237 ], [ -0.1008014, 51.6131659 ], [ -0.1011901, 51.6130976 ] ] ] } },
{ "type": "Feature", "properties": { "id": "48286103", "name": "Gospatrick Road Allotments" }, "geometry": { "type": "Polygon", "coordinates": [ [ [ -0.0947422, 51.6031204 ], [ -0.0948845, 51.603253 ], [ -0.0949408, 51.603253 ], [ -0.0949448, 51.6030514 ], [ -0.0951903, 51.6030314 ], [ -0.0951621, 51.6028415 ], [ -0.0954101, 51.6027331 ], [ -0.0951688, 51.6026191 ], [ -0.0949971, 51.6025741 ], [ -0.0947302, 51.6025515 ], [ -0.0939765, 51.6025365 ], [ -0.0938933, 51.602661399999988 ], [ -0.0943614, 51.6028172 ], [ -0.0944973, 51.6029042 ], [ -0.0945093, 51.6029121 ], [ -0.0945218, 51.6029209 ], [ -0.0947422, 51.6031204 ] ] ] } },
{ "type": "Feature", "properties": { "id": "48286115", "name": "Courtman Road Allotments" }, "geometry": { "type": "Polygon", "coordinates": [ [ [ -0.0914995, 51.6030846 ], [ -0.0914954, 51.6026097 ], [ -0.0909764, 51.6022666 ], [ -0.0904723, 51.6025408 ], [ -0.0895065, 51.6028764 ], [ -0.089618, 51.6029814 ], [ -0.089618, 51.6030273 ], [ -0.0896341, 51.6030281 ], [ -0.0896558, 51.603029199999987 ], [ -0.0897717, 51.6030284 ], [ -0.0897726, 51.6030812 ], [ -0.0914995, 51.6030846 ] ] ] } },
{ "type": "Feature", "properties": { "id": "48286116", "name": "Stockton Road Allotments" }, "geometry": { "type": "Polygon", "coordinates": [ [ [ -0.0939255, 51.6038459 ], [ -0.0939081, 51.6036501 ], [ -0.0937915, 51.603480399999988 ], [ -0.0934802, 51.6032787 ], [ -0.0935306, 51.6032088 ], [ -0.093431, 51.6031804 ], [ -0.0933661, 51.6032577 ], [ -0.0932951, 51.6032373 ], [ -0.0933644, 51.6031582 ], [ -0.0931944, 51.6030942 ], [ -0.0931488, 51.6030699 ], [ -0.0930787, 51.6031201 ], [ -0.0930653, 51.6031684 ], [ -0.0930269, 51.6031995 ], [ -0.0926233, 51.6034636 ], [ -0.09263, 51.6035707 ], [ -0.0923018, 51.603617199999988 ], [ -0.092302, 51.6036362 ], [ -0.092302, 51.6036512 ], [ -0.0926743, 51.6036364 ], [ -0.0927441, 51.6036364 ], [ -0.0927441, 51.6036705 ], [ -0.0929479, 51.6036661 ], [ -0.0934307, 51.6037153 ], [ -0.0939255, 51.6038459 ] ] ] } },
{ "type": "Feature", "properties": { "id": "48288060", "name": "Fielding Street Allotments" }, "geometry": { "type": "Polygon", "coordinates": [ [ [ -0.0973713, 51.4851424 ], [ -0.0973418, 51.485121899999989 ], [ -0.0972663, 51.4850851 ], [ -0.0971288, 51.4850521 ], [ -0.0969309, 51.4850275 ], [ -0.0967924, 51.4850338 ], [ -0.0966679, 51.4850471 ], [ -0.0963479, 51.4850957 ], [ -0.0959773, 51.4851566 ], [ -0.0960164, 51.4853336 ], [ -0.0965501, 51.4852574 ], [ -0.0973713, 51.4851424 ] ] ] } },
{ "type": "Feature", "properties": { "id": "48371975", "name": "Sinnott Road Allotments" }, "geometry": { "type": "Polygon", "coordinates": [ [ [ -0.042442, 51.5981342 ], [ -0.0424849, 51.59802 ], [ -0.0417701, 51.5978693 ], [ -0.0416627, 51.59813 ], [ -0.0414671, 51.5985019 ], [ -0.0413478, 51.598673 ], [ -0.0412327, 51.5987595 ], [ -0.0410619, 51.598893 ], [ -0.0409716, 51.5989448 ], [ -0.0407444, 51.5990419 ], [ -0.0406324, 51.5990811 ], [ -0.0409165, 51.5992716 ], [ -0.0414179, 51.5996078 ], [ -0.0414018, 51.5995845 ], [ -0.0422947, 51.5988255 ], [ -0.0423429, 51.5987263 ], [ -0.0423374, 51.5984957 ], [ -0.042442, 51.5981342 ] ] ] } },
{ "type": "Feature", "properties": { "id": "48551862", "name": "Redbridge Lane South Allotments" }, "geometry": { "type": "Polygon", "coordinates": [ [ [ 0.0367928, 51.576088 ], [ 0.0368634, 51.5760491 ], [ 0.0370801, 51.5759152 ], [ 0.0371736, 51.5758676 ], [ 0.0373815, 51.5757835 ], [ 0.0376638, 51.575702 ], [ 0.0382395, 51.5755952 ], [ 0.0384741, 51.5755594 ], [ 0.0385984, 51.5755549 ], [ 0.0386918, 51.5755607 ], [ 0.038806, 51.5755742 ], [ 0.0385026, 51.5763814 ], [ 0.0382845, 51.5764773 ], [ 0.0380288, 51.5766071 ], [ 0.0374841, 51.5764156 ], [ 0.0373285, 51.5763563 ], [ 0.037318, 51.5763342 ], [ 0.0369318, 51.5761834 ], [ 0.0368371, 51.5761445 ], [ 0.0368063, 51.5761272 ], [ 0.0367943, 51.5761077 ], [ 0.0367928, 51.576088 ] ] ] } },
{ "type": "Feature", "properties": { "id": "48700375", "name": "Folkestone Road" }, "geometry": { "type": "Polygon", "coordinates": [ [ [ 0.067544, 51.5275697 ], [ 0.0673558, 51.527581 ], [ 0.0671788, 51.527543 ], [ 0.0669397, 51.527415 ], [ 0.0672547, 51.5271553 ], [ 0.0673354, 51.5270614 ], [ 0.0673455, 51.5270654 ], [ 0.0675487, 51.5268922 ], [ 0.0682546, 51.5272309 ], [ 0.0691013, 51.5262628 ], [ 0.0720302, 51.5258623 ], [ 0.072277, 51.5265632 ], [ 0.072232, 51.526924 ], [ 0.0713972, 51.5269236 ], [ 0.0705067, 51.5274643 ], [ 0.0700454, 51.5272774 ], [ 0.0696592, 51.5275177 ], [ 0.0694927, 51.5280857 ], [ 0.0689718, 51.528013 ], [ 0.0689428, 51.5280282 ], [ 0.067544, 51.5275697 ] ] ] } },
{ "type": "Feature", "properties": { "id": "48700376", "name": "Folkestone Road" }, "geometry": { "type": "Polygon", "coordinates": [ [ [ 0.0694338, 51.5259825 ], [ 0.0693666, 51.5256884 ], [ 0.0693351, 51.5256348 ], [ 0.0692606, 51.5253423 ], [ 0.069162, 51.5251393 ], [ 0.0691175, 51.5250208 ], [ 0.0691026, 51.5249999 ], [ 0.0685897, 51.5249245 ], [ 0.0686045, 51.5249012 ], [ 0.0686153, 51.5248701 ], [ 0.0686115, 51.524845 ], [ 0.0686089, 51.5248198 ], [ 0.0685817, 51.5245294 ], [ 0.0685797, 51.524394 ], [ 0.0686624, 51.5239963 ], [ 0.0696012, 51.5243133 ], [ 0.0699488, 51.5244205 ], [ 0.0713972, 51.5252415 ], [ 0.0717191, 51.5256821 ], [ 0.0694338, 51.5259825 ] ] ] } },
{ "type": "Feature", "properties": { "id": "48734549", "name": "Pennyroyal Avenue" }, "geometry": { "type": "Polygon", "coordinates": [ [ [ 0.0657975, 51.5118232 ], [ 0.0657118, 51.5110623 ], [ 0.06571, 51.511008 ], [ 0.0666021, 51.5109892 ], [ 0.0675932, 51.510936 ], [ 0.0676396, 51.5114751 ], [ 0.0670137, 51.5116955 ], [ 0.0664911, 51.5117898 ], [ 0.0657975, 51.5118232 ] ] ] } },
{ "type": "Feature", "properties": { "id": "48865097", "name": "Gladstone Park Gardens Allotments" }, "geometry": { "type": "Polygon", "coordinates": [ [ [ -0.2286686, 51.5600529 ], [ -0.2287281, 51.5600022 ], [ -0.2276747, 51.559162 ], [ -0.2265661, 51.5597444 ], [ -0.2259495, 51.5601107 ], [ -0.2253487, 51.5604943 ], [ -0.2243052, 51.5612625 ], [ -0.2248496, 51.5617226 ], [ -0.2250964, 51.5612557 ], [ -0.2253701, 51.561266 ], [ -0.225413, 51.5609878 ], [ -0.2254991, 51.56096 ], [ -0.2255257, 51.5608411 ], [ -0.2261478, 51.5608488 ], [ -0.2261692, 51.5606917 ], [ -0.2264456, 51.5606864 ], [ -0.226516, 51.5604026 ], [ -0.2265976, 51.5604036 ], [ -0.2266283, 51.5601544 ], [ -0.2272793, 51.5601622 ], [ -0.2272835, 51.5601191 ], [ -0.2273614, 51.5601188 ], [ -0.2273825, 51.5599978 ], [ -0.2286686, 51.5600529 ] ] ] } },
{ "type": "Feature", "properties": { "id": "48922675", "name": "Finchley Manor Allotments" }, "geometry": { "type": "Polygon", "coordinates": [ [ [ -0.1867667, 51.5903623 ], [ -0.1868365, 51.590186 ], [ -0.1872998, 51.5893395 ], [ -0.1859023, 51.5891221 ], [ -0.1856576, 51.5901436 ], [ -0.1867667, 51.5903623 ] ] ] } },
{ "type": "Feature", "properties": { "id": "48968160", "name": "Vale Farm Allotments" }, "geometry": { "type": "Polygon", "coordinates": [ [ [ -0.1760578, 51.5993077 ], [ -0.1760641, 51.5991576 ], [ -0.1760707, 51.5989986 ], [ -0.175064, 51.5992028 ], [ -0.1752036, 51.5996079 ], [ -0.1752955, 51.599635799999987 ], [ -0.1753728, 51.5997823 ], [ -0.1757375, 51.5996187 ], [ -0.1757811, 51.599677 ], [ -0.1760703, 51.599492 ], [ -0.176015, 51.5993455 ], [ -0.1760578, 51.5993077 ] ] ] } },
{ "type": "Feature", "properties": { "id": "49011905", "name": "Fortis Green Allotments" }, "geometry": { "type": "Polygon", "coordinates": [ [ [ -0.1533139, 51.5879514 ], [ -0.1532041, 51.5872761 ], [ -0.1525454, 51.5872855 ], [ -0.1521501, 51.5872948 ], [ -0.1523592, 51.5879381 ], [ -0.1523672, 51.5879607 ], [ -0.1524723, 51.5879993 ], [ -0.1525568, 51.5880043 ], [ -0.1526708, 51.5879968 ], [ -0.1527687, 51.587981 ], [ -0.1528022, 51.5879518 ], [ -0.1531388, 51.587956 ], [ -0.1532528, 51.5879902 ], [ -0.1533139, 51.5879514 ] ] ] } },
{ "type": "Feature", "properties": { "id": "49136185", "name": null }, "geometry": { "type": "Polygon", "coordinates": [ [ [ -0.0384995, 51.4629126 ], [ -0.038637, 51.4625658 ], [ -0.0387871, 51.4621074 ], [ -0.0388724, 51.461919 ], [ -0.0392533, 51.46111 ], [ -0.0394279, 51.4606703 ], [ -0.039657, 51.4602114 ], [ -0.0402097, 51.4591454 ], [ -0.0397193, 51.4588587 ], [ -0.0388813, 51.4607872 ], [ -0.038575, 51.4615719 ], [ -0.0381854, 51.4627587 ], [ -0.0382675, 51.462767 ], [ -0.0382467, 51.462877 ], [ -0.0384995, 51.4629126 ] ] ] } },
{ "type": "Feature", "properties": { "id": "49522650", "name": "Nutfield Road allotments" }, "geometry": { "type": "Polygon", "coordinates": [ [ [ -0.2402616, 51.562934 ], [ -0.2401001, 51.562505 ], [ -0.239482, 51.5625757 ], [ -0.2386362, 51.562672 ], [ -0.238659, 51.5626975 ], [ -0.2389033, 51.5629723 ], [ -0.2402616, 51.562934 ] ] ] } },
{ "type": "Feature", "properties": { "id": "49677622", "name": "Tower Road allotments" }, "geometry": { "type": "Polygon", "coordinates": [ [ [ -0.2382452, 51.5452346 ], [ -0.2376908, 51.5447567 ], [ -0.2373282, 51.5449193 ], [ -0.2378827, 51.5453972 ], [ -0.2382452, 51.5452346 ] ] ] } },
{ "type": "Feature", "properties": { "id": "49696017", "name": "Leigh Gardens Allotments" }, "geometry": { "type": "Polygon", "coordinates": [ [ [ -0.2282205, 51.5371305 ], [ -0.2286422, 51.5366376 ], [ -0.2284397, 51.5365767 ], [ -0.2282493, 51.536533399999989 ], [ -0.2280548, 51.5365054 ], [ -0.228134, 51.537114 ], [ -0.2282205, 51.5371305 ] ] ] } },
{ "type": "Feature", "properties": { "id": "50030004", "name": "Leaside Road Allotments" }, "geometry": { "type": "Polygon", "coordinates": [ [ [ -0.0528113, 51.5661174 ], [ -0.0526992, 51.5658694 ], [ -0.0525809, 51.5660027 ], [ -0.052348, 51.5662651 ], [ -0.0519487, 51.5668586 ], [ -0.052761, 51.566168499999989 ], [ -0.0527427, 51.5661299 ], [ -0.0528113, 51.5661174 ] ] ] } },
{ "type": "Feature", "properties": { "id": "50752649", "name": null }, "geometry": { "type": "Polygon", "coordinates": [ [ [ -0.0321115, 51.5112509 ], [ -0.0321087, 51.5113024 ], [ -0.0322023, 51.511315499999988 ], [ -0.032322, 51.5112582 ], [ -0.0323689, 51.5112123 ], [ -0.0323407, 51.5111149 ], [ -0.0321393, 51.511124599999988 ], [ -0.0320906, 51.5112085 ], [ -0.0321115, 51.5112509 ] ] ] } },
{ "type": "Feature", "properties": { "id": "50832956", "name": "Reeves Road Allotment Society" }, "geometry": { "type": "Polygon", "coordinates": [ [ [ -0.0177465, 51.5244306 ], [ -0.0176995, 51.5242692 ], [ -0.0164934, 51.524239 ], [ -0.0152709, 51.5242011 ], [ -0.0152562, 51.5243584 ], [ -0.0167357, 51.5244 ], [ -0.0177465, 51.5244306 ] ] ] } },
{ "type": "Feature", "properties": { "id": "53627502", "name": "Cossall estate raised bed" }, "geometry": { "type": "Polygon", "coordinates": [ [ [ -0.0616039, 51.4720371 ], [ -0.0614868, 51.4720392 ], [ -0.0614519, 51.472049 ], [ -0.0614412, 51.4720726 ], [ -0.0614471, 51.4721062 ], [ -0.0614557, 51.4721384 ], [ -0.0614856, 51.4721353 ], [ -0.0614781, 51.4720994 ], [ -0.0614776, 51.4720628 ], [ -0.0614994, 51.472057 ], [ -0.0616033, 51.4720601 ], [ -0.0616039, 51.4720371 ] ] ] } },
{ "type": "Feature", "properties": { "id": "54235055", "name": "Hartley Down Allotments" }, "geometry": { "type": "Polygon", "coordinates": [ [ [ -0.1282671, 51.3237732 ], [ -0.1270562, 51.3254779 ], [ -0.12627, 51.3265025 ], [ -0.1262499, 51.32653 ], [ -0.1254046, 51.3276268 ], [ -0.1258459, 51.3277718 ], [ -0.1271962, 51.3266612 ], [ -0.1283451, 51.3256505 ], [ -0.1282302, 51.3254693 ], [ -0.1289455, 51.3248049 ], [ -0.1287113, 51.324709 ], [ -0.1286537, 51.3246362 ], [ -0.1285623, 51.3243949 ], [ -0.1284291, 51.3241638 ], [ -0.1283928, 51.3240721 ], [ -0.128349, 51.3239256 ], [ -0.1283309, 51.3239285 ], [ -0.1282671, 51.3237732 ] ] ] } },
{ "type": "Feature", "properties": { "id": "55372695", "name": "Paterson Park Allotments" }, "geometry": { "type": "Polygon", "coordinates": [ [ [ -0.0692431, 51.4895277 ], [ -0.0692717, 51.4894468 ], [ -0.0691003, 51.489423 ], [ -0.068866, 51.4893911 ], [ -0.0688161, 51.4894043 ], [ -0.0687578, 51.4894117 ], [ -0.0687106, 51.4894113 ], [ -0.0686657, 51.4894055 ], [ -0.0686359, 51.4893975 ], [ -0.0686086, 51.4893859 ], [ -0.0685648, 51.4893672 ], [ -0.0685342, 51.4893497 ], [ -0.0685177, 51.4893302 ], [ -0.0685028, 51.4893101 ], [ -0.0684061, 51.4893307 ], [ -0.0682995, 51.4893166 ], [ -0.0682819, 51.4893096 ], [ -0.0682727, 51.4892698 ], [ -0.0680862, 51.4893205 ], [ -0.0680739, 51.4893603 ], [ -0.0692431, 51.4895277 ] ] ] } },
{ "type": "Feature", "properties": { "id": "56158385", "name": null }, "geometry": { "type": "Polygon", "coordinates": [ [ [ 0.1900204, 51.5638268 ], [ 0.1900235, 51.5637326 ], [ 0.1900357, 51.5633645 ], [ 0.1900379, 51.5632994 ], [ 0.1902181, 51.5633113 ], [ 0.1902503, 51.56311 ], [ 0.1909581, 51.5633505 ], [ 0.190934, 51.563737 ], [ 0.1900204, 51.5638268 ] ] ] } },
{ "type": "Feature", "properties": { "id": "56158574", "name": null }, "geometry": { "type": "Polygon", "coordinates": [ [ [ 0.1960472, 51.5636423 ], [ 0.1961475, 51.5629225 ], [ 0.19624, 51.5622583 ], [ 0.1976691, 51.562342699999988 ], [ 0.1971702, 51.5637175 ], [ 0.1960472, 51.5636423 ] ] ] } },
{ "type": "Feature", "properties": { "id": "58701064", "name": "Ickenham Green allotments" }, "geometry": { "type": "Polygon", "coordinates": [ [ [ -0.4430459, 51.5695775 ], [ -0.4430077, 51.5698025 ], [ -0.442943, 51.5700978 ], [ -0.4430195, 51.5701773 ], [ -0.4431898, 51.5702127 ], [ -0.4437684, 51.5702351 ], [ -0.4443805, 51.5703825 ], [ -0.4445453, 51.5703133 ], [ -0.4438188, 51.5697754 ], [ -0.4434685, 51.5694509 ], [ -0.4433152, 51.5693456 ], [ -0.4431618, 51.5692402 ], [ -0.4430459, 51.5695775 ] ] ] } },
{ "type": "Feature", "properties": { "id": "60026812", "name": null }, "geometry": { "type": "Polygon", "coordinates": [ [ [ 0.11823, 51.550944 ], [ 0.1181369, 51.5506677 ], [ 0.1191919, 51.5505303 ], [ 0.119285, 51.5508066 ], [ 0.11823, 51.550944 ] ] ] } },
{ "type": "Feature", "properties": { "id": "60030095", "name": null }, "geometry": { "type": "Polygon", "coordinates": [ [ [ 0.1247276, 51.5517461 ], [ 0.1251566, 51.5517859 ], [ 0.1252468, 51.5519364 ], [ 0.125965, 51.5520072 ], [ 0.1262824, 51.5518868 ], [ 0.1267398, 51.5519223 ], [ 0.1269842, 51.5521187 ], [ 0.1264766, 51.5521427 ], [ 0.1265001, 51.552363 ], [ 0.1264634, 51.5523855 ], [ 0.1262149, 51.5523882 ], [ 0.126227, 51.552717 ], [ 0.1254276, 51.5527835 ], [ 0.1247276, 51.5517461 ] ] ] } },
{ "type": "Feature", "properties": { "id": "60030096", "name": null }, "geometry": { "type": "Polygon", "coordinates": [ [ [ 0.1271319, 51.5527524 ], [ 0.1275496, 51.552719 ], [ 0.1276164, 51.5533725 ], [ 0.1276266, 51.5536405 ], [ 0.1273083, 51.5536586 ], [ 0.1271641, 51.553249 ], [ 0.1271319, 51.5527524 ] ] ] } },
{ "type": "Feature", "properties": { "id": "60082530", "name": "Kidbrooke Park Allotments" }, "geometry": { "type": "Polygon", "coordinates": [ [ [ 0.0221296, 51.4647034 ], [ 0.0227217, 51.4644944 ], [ 0.0233004, 51.4651598 ], [ 0.0239624, 51.464921 ], [ 0.0240146, 51.464976 ], [ 0.0248467, 51.464677 ], [ 0.024695, 51.4645715 ], [ 0.0246422, 51.4645678 ], [ 0.0241326, 51.4640206 ], [ 0.0250116, 51.463717 ], [ 0.0250487, 51.4637048 ], [ 0.0256803, 51.464401 ], [ 0.0257903, 51.4645214 ], [ 0.0255573, 51.4646041 ], [ 0.0255155, 51.4646196 ], [ 0.0244323, 51.4658111 ], [ 0.0243426, 51.4658146 ], [ 0.0221296, 51.4647034 ] ] ] } },
{ "type": "Feature", "properties": { "id": "60085306", "name": "Melville Road Allotments" }, "geometry": { "type": "Polygon", "coordinates": [ [ [ 0.1972189, 51.5180557 ], [ 0.1972506, 51.518021 ], [ 0.1972931, 51.5179731 ], [ 0.1973198, 51.5179428 ], [ 0.1973468, 51.5179124 ], [ 0.1973743, 51.5178813 ], [ 0.1974085, 51.5178427 ], [ 0.1974352, 51.5178126 ], [ 0.1974618, 51.5177825 ], [ 0.1974917, 51.5177488 ], [ 0.1975195, 51.5177173 ], [ 0.1975461, 51.5176874 ], [ 0.1975798, 51.5176493 ], [ 0.1976127, 51.5176121 ], [ 0.197637, 51.5175847 ], [ 0.1976621, 51.5175564 ], [ 0.1976872, 51.5175281 ], [ 0.1977142, 51.5174975 ], [ 0.1977392, 51.5174693 ], [ 0.1977638, 51.5174415 ], [ 0.1978488, 51.5173455 ], [ 0.1978733, 51.5173179 ], [ 0.1978987, 51.5172892 ], [ 0.1979242, 51.5172604 ], [ 0.1979511, 51.51723 ], [ 0.1980416, 51.5171259 ], [ 0.1980678, 51.5170951 ], [ 0.1980977, 51.5170615 ], [ 0.198142, 51.5170119 ], [ 0.198177, 51.5169726 ], [ 0.198204, 51.5169423 ], [ 0.1982311, 51.5169119 ], [ 0.1982776, 51.5168597 ], [ 0.1983231, 51.5168087 ], [ 0.1983718, 51.516754 ], [ 0.1984205, 51.5166994 ], [ 0.1984601, 51.516655 ], [ 0.1985072, 51.5166021 ], [ 0.1985456, 51.5165572 ], [ 0.1987113, 51.5163634 ], [ 0.1990493, 51.5164603 ], [ 0.1991102, 51.5166328 ], [ 0.1991073, 51.5166868 ], [ 0.199054, 51.5167859 ], [ 0.1989936, 51.5168636 ], [ 0.1988665, 51.5170177 ], [ 0.1983849, 51.51762 ], [ 0.1988995, 51.517815 ], [ 0.19881, 51.5179165 ], [ 0.1987544, 51.5179778 ], [ 0.1987142, 51.5179641 ], [ 0.1986588, 51.5180271 ], [ 0.1985986, 51.5180958 ], [ 0.1985381, 51.5181646 ], [ 0.1984753, 51.5182361 ], [ 0.1984062, 51.5183147 ], [ 0.1983442, 51.5183854 ], [ 0.1982957, 51.5184406 ], [ 0.19822, 51.5184135 ], [ 0.1981083, 51.5183736 ], [ 0.1980092, 51.5183382 ], [ 0.1979078, 51.518302 ], [ 0.197795, 51.5182624 ], [ 0.197684, 51.518222 ], [ 0.1972987, 51.5180841 ], [ 0.1972535, 51.5180679 ], [ 0.1972189, 51.5180557 ] ] ] } },
{ "type": "Feature", "properties": { "id": "60107420", "name": null }, "geometry": { "type": "Polygon", "coordinates": [ [ [ 0.1873406, 51.5475895 ], [ 0.1874435, 51.5475667 ], [ 0.1879468, 51.547459 ], [ 0.1890796, 51.5472167 ], [ 0.1892249, 51.5471856 ], [ 0.1896349, 51.5479133 ], [ 0.1893688, 51.5479998 ], [ 0.1873406, 51.5475895 ] ] ] } },
{ "type": "Feature", "properties": { "id": "60128668", "name": null }, "geometry": { "type": "Polygon", "coordinates": [ [ [ 0.1994943, 51.5783863 ], [ 0.2004691, 51.5783408 ], [ 0.2027273, 51.5790718 ], [ 0.2034516, 51.5793314 ], [ 0.2039138, 51.5794971 ], [ 0.2055441, 51.5800544 ], [ 0.2053153, 51.5803005 ], [ 0.2018401, 51.579059 ], [ 0.1994943, 51.5783863 ] ] ] } },
{ "type": "Feature", "properties": { "id": "61928807", "name": null }, "geometry": { "type": "Polygon", "coordinates": [ [ [ -0.2719611, 51.4711409 ], [ -0.2716904, 51.4711141 ], [ -0.2717024, 51.4713486 ], [ -0.2719813, 51.4713553 ], [ -0.2719611, 51.4711409 ] ] ] } },
{ "type": "Feature", "properties": { "id": "73537915", "name": "Cooks Hole Allotment Site" }, "geometry": { "type": "Polygon", "coordinates": [ [ [ -0.0896901, 51.6671988 ], [ -0.090158, 51.6674484 ], [ -0.0909655, 51.6678208 ], [ -0.0910766, 51.6678311 ], [ -0.0913649, 51.6676198 ], [ -0.0910663, 51.6674746 ], [ -0.0908313, 51.6674623 ], [ -0.0905247, 51.6668696 ], [ -0.0898937, 51.6671129 ], [ -0.0896901, 51.6671988 ] ] ] } },
{ "type": "Feature", "properties": { "id": "76372524", "name": "Dunstans Road Allotments" }, "geometry": { "type": "Polygon", "coordinates": [ [ [ -0.0649389, 51.4508947 ], [ -0.0651542, 51.4507631 ], [ -0.0647806, 51.4504392 ], [ -0.0646141, 51.4504924 ], [ -0.0649389, 51.4508947 ] ] ] } },
{ "type": "Feature", "properties": { "id": "76398234", "name": "Sandringham Road Allotments" }, "geometry": { "type": "Polygon", "coordinates": [ [ [ 0.0159493, 51.4213252 ], [ 0.0169036, 51.4215265 ], [ 0.0158588, 51.421784599999988 ], [ 0.0157221, 51.4216678 ], [ 0.0159493, 51.4213252 ] ] ] } },
{ "type": "Feature", "properties": { "id": "76398235", "name": "South Beckton" }, "geometry": { "type": "Polygon", "coordinates": [ [ [ 0.0581417, 51.5135149 ], [ 0.0566115, 51.5131333 ], [ 0.0535256, 51.5123421 ], [ 0.0535608, 51.5122925 ], [ 0.0552682, 51.5126845 ], [ 0.0561451, 51.5128619 ], [ 0.0562129, 51.5127617 ], [ 0.0564893, 51.5128387 ], [ 0.0565999, 51.5126806 ], [ 0.0566747, 51.5127007 ], [ 0.0566995, 51.5127172 ], [ 0.0567106, 51.5127199 ], [ 0.0566508, 51.512806 ], [ 0.0567498, 51.512829599999989 ], [ 0.0567182, 51.5128733 ], [ 0.0575299, 51.513073 ], [ 0.0576152, 51.5129381 ], [ 0.0578631, 51.5130018 ], [ 0.0578394, 51.5130462 ], [ 0.0582247, 51.5131426 ], [ 0.0583427, 51.5129714 ], [ 0.0584867, 51.5130082 ], [ 0.0584765, 51.5130228 ], [ 0.0585295, 51.5130381 ], [ 0.0584673, 51.5131414 ], [ 0.0583981, 51.5131419 ], [ 0.0583884, 51.5131397 ], [ 0.0581417, 51.5135149 ] ] ] } },
{ "type": "Feature", "properties": { "id": "77382076", "name": "West End Road allotments" }, "geometry": { "type": "Polygon", "coordinates": [ [ [ -0.422643, 51.5684291 ], [ -0.4227764, 51.5687365 ], [ -0.4231054, 51.5686379 ], [ -0.4230952, 51.5684254 ], [ -0.4230968, 51.5682298 ], [ -0.4231054, 51.5681081 ], [ -0.4231309, 51.5679287 ], [ -0.4226304, 51.5680445 ], [ -0.422643, 51.5684291 ] ] ] } },
{ "type": "Feature", "properties": { "id": "77411951", "name": "Pinner Village allotments" }, "geometry": { "type": "Polygon", "coordinates": [ [ [ -0.3784089, 51.5769159 ], [ -0.3789323, 51.5770226 ], [ -0.3798723, 51.5772054 ], [ -0.3795684, 51.5767058 ], [ -0.3783248, 51.576506 ], [ -0.3766611, 51.5761919 ], [ -0.3747871, 51.5759335 ], [ -0.3746393, 51.576341 ], [ -0.3753052, 51.5763769 ], [ -0.3758605, 51.5764672 ], [ -0.3764329, 51.5765218 ], [ -0.3777851, 51.5767963 ], [ -0.3784089, 51.5769159 ] ] ] } },
{ "type": "Feature", "properties": { "id": "77413149", "name": "Highgrove Allotments" }, "geometry": { "type": "Polygon", "coordinates": [ [ [ -0.4053962, 51.5797379 ], [ -0.4058595, 51.5803027 ], [ -0.405973, 51.5802612 ], [ -0.406249, 51.5802104 ], [ -0.4061414, 51.5799324 ], [ -0.4067665, 51.579830099999988 ], [ -0.4066119, 51.5794429 ], [ -0.4063802, 51.578905 ], [ -0.4062911, 51.5789187 ], [ -0.4049999, 51.5790954 ], [ -0.4053563, 51.5796788 ], [ -0.4049543, 51.5797563 ], [ -0.4049866, 51.5798172 ], [ -0.4053962, 51.5797379 ] ] ] } },
{ "type": "Feature", "properties": { "id": "77414851", "name": "Meadway allotments" }, "geometry": { "type": "Polygon", "coordinates": [ [ [ -0.4302672, 51.58182 ], [ -0.431079, 51.5819303 ], [ -0.4311863, 51.5812607 ], [ -0.4304721, 51.581276 ], [ -0.4302672, 51.58182 ] ] ] } },
{ "type": "Feature", "properties": { "id": "77417007", "name": "Nursery Lane allotments" }, "geometry": { "type": "Polygon", "coordinates": [ [ [ -0.4695852, 51.5308881 ], [ -0.468908, 51.5296301 ], [ -0.4676697, 51.5298438 ], [ -0.4668198, 51.5299954 ], [ -0.4670753, 51.5311232 ], [ -0.4695852, 51.5308881 ] ] ] } },
{ "type": "Feature", "properties": { "id": "77418041", "name": "Bourne Farm Allotments" }, "geometry": { "type": "Polygon", "coordinates": [ [ [ -0.4477546, 51.5008123 ], [ -0.4477829, 51.5002746 ], [ -0.4467079, 51.5001924 ], [ -0.4436576, 51.5002329 ], [ -0.4436454, 51.5002335 ], [ -0.4436403, 51.5005709 ], [ -0.4436329, 51.5008391 ], [ -0.4477546, 51.5008123 ] ] ] } },
{ "type": "Feature", "properties": { "id": "77458951", "name": "Western Road allotments" }, "geometry": { "type": "Polygon", "coordinates": [ [ [ -0.3928776, 51.4980014 ], [ -0.3925746, 51.4976103 ], [ -0.3922309, 51.4975569 ], [ -0.3920357, 51.4979682 ], [ -0.3923843, 51.4982124 ], [ -0.3928776, 51.4980014 ] ] ] } },
{ "type": "Feature", "properties": { "id": "77458953", "name": "Manor Way allotments" }, "geometry": { "type": "Polygon", "coordinates": [ [ [ -0.3943501, 51.4970395 ], [ -0.3943681, 51.497521 ], [ -0.395731, 51.4973959 ], [ -0.3943501, 51.4970395 ] ] ] } },
{ "type": "Feature", "properties": { "id": "77459459", "name": "Wolf Fields allotments" }, "geometry": { "type": "Polygon", "coordinates": [ [ [ -0.375449, 51.4964399 ], [ -0.3774688, 51.495357 ], [ -0.377155, 51.4953031 ], [ -0.3768724, 51.4952953 ], [ -0.3766363, 51.4953241 ], [ -0.3766019, 51.4953493 ], [ -0.375172, 51.4954822 ], [ -0.3753272, 51.4957873 ], [ -0.3752729, 51.4957996 ], [ -0.3753497, 51.4960184 ], [ -0.3751234, 51.4960646 ], [ -0.375449, 51.4964399 ] ] ] } },
{ "type": "Feature", "properties": { "id": "77459682", "name": "Mansell Road Allotments" }, "geometry": { "type": "Polygon", "coordinates": [ [ [ -0.3635431, 51.5244796 ], [ -0.3634568, 51.5242229 ], [ -0.3634609, 51.5241716 ], [ -0.362813, 51.5242927 ], [ -0.362803, 51.5242631 ], [ -0.3626474, 51.5242902 ], [ -0.3625775, 51.5241002 ], [ -0.3625502, 51.5240286 ], [ -0.362528, 51.523971 ], [ -0.3624858, 51.5239831 ], [ -0.3625146, 51.524062 ], [ -0.3625393, 51.5241283 ], [ -0.3626139, 51.5243261 ], [ -0.3623879, 51.5243645 ], [ -0.3627911, 51.5247255 ], [ -0.3635431, 51.5244796 ] ] ] } },
{ "type": "Feature", "properties": { "id": "77465100", "name": "Aylesbury Road allotments" }, "geometry": { "type": "Polygon", "coordinates": [ [ [ -0.0883974, 51.4874709 ], [ -0.0884104, 51.4874427 ], [ -0.088209, 51.4872115 ], [ -0.0879592, 51.4872866 ], [ -0.0878867, 51.487182 ], [ -0.0876075, 51.4872849 ], [ -0.0873599, 51.4873539 ], [ -0.0874109, 51.4873982 ], [ -0.087538, 51.4873833 ], [ -0.0879818, 51.4873554 ], [ -0.0880201, 51.4874928 ], [ -0.0883974, 51.4874709 ] ] ] } },
{ "type": "Feature", "properties": { "id": "77465819", "name": "Beddington Park allotments" }, "geometry": { "type": "Polygon", "coordinates": [ [ [ -0.1386824, 51.3728002 ], [ -0.1387336, 51.3730749 ], [ -0.138745, 51.3730995 ], [ -0.1391185, 51.3730567 ], [ -0.1395021, 51.3730186 ], [ -0.1393773, 51.3727456 ], [ -0.1386824, 51.3728002 ] ] ] } },
{ "type": "Feature", "properties": { "id": "77465820", "name": "Mill Green allotments" }, "geometry": { "type": "Polygon", "coordinates": [ [ [ -0.1601178, 51.3854978 ], [ -0.160573, 51.3860101 ], [ -0.1606839, 51.3859832 ], [ -0.1606967, 51.3860221 ], [ -0.161052, 51.3859783 ], [ -0.1610476, 51.3859507 ], [ -0.1612987, 51.3858241 ], [ -0.1613977, 51.3857693 ], [ -0.1607622, 51.3852681 ], [ -0.1601178, 51.3854978 ] ] ] } },
{ "type": "Feature", "properties": { "id": "77527260", "name": "Costons Lane Nature Reserve" }, "geometry": { "type": "Polygon", "coordinates": [ [ [ -0.3496529, 51.5286103 ], [ -0.3495067, 51.5281145 ], [ -0.3496996, 51.5277434 ], [ -0.3498792, 51.5274332 ], [ -0.3498487, 51.5274347 ], [ -0.3495922, 51.527633 ], [ -0.3493366, 51.5277967 ], [ -0.3490264, 51.5279423 ], [ -0.3488227, 51.5280182 ], [ -0.3488279, 51.5281822 ], [ -0.3488504, 51.5285712 ], [ -0.3491698, 51.5285637 ], [ -0.3492856, 51.5285651 ], [ -0.3493965, 51.5285726 ], [ -0.3493917, 51.5285992 ], [ -0.3494996, 51.528608 ], [ -0.349502, 51.5286018 ], [ -0.3496152, 51.528606599999989 ], [ -0.3496529, 51.5286103 ] ] ] } },
{ "type": "Feature", "properties": { "id": "77723708", "name": "Southwest Road Allotments" }, "geometry": { "type": "Polygon", "coordinates": [ [ [ 0.0011304, 51.5681911 ], [ 0.0009052, 51.5677073 ], [ 0.0018366, 51.5676411 ], [ 0.0017963, 51.5681266 ], [ 0.0011304, 51.5681911 ] ] ] } },
{ "type": "Feature", "properties": { "id": "77723729", "name": "Dawlish Road allotments" }, "geometry": { "type": "Polygon", "coordinates": [ [ [ -0.0056729, 51.5632994 ], [ -0.00599, 51.5630926 ], [ -0.0057473, 51.5629438 ], [ -0.0055909, 51.5630696 ], [ -0.0054368, 51.563151 ], [ -0.0056729, 51.5632994 ] ] ] } },
{ "type": "Feature", "properties": { "id": "77723798", "name": "Ruckholt Road allotments" }, "geometry": { "type": "Polygon", "coordinates": [ [ [ -0.0133762, 51.5561417 ], [ -0.0124438, 51.5558268 ], [ -0.0121458, 51.5560954 ], [ -0.0126455, 51.5563351 ], [ -0.0129229, 51.5564059 ], [ -0.0130281, 51.5564154 ], [ -0.0131315, 51.5564247 ], [ -0.0132107, 51.556436 ], [ -0.0132899, 51.556447299999988 ], [ -0.0134458, 51.5564144 ], [ -0.0135034, 51.5564286 ], [ -0.0136422, 51.5562506 ], [ -0.0133762, 51.5561417 ] ] ] } },
{ "type": "Feature", "properties": { "id": "77723824", "name": "Downsell Road allotments" }, "geometry": { "type": "Polygon", "coordinates": [ [ [ -0.0033264, 51.5535746 ], [ -0.0031982, 51.5534147 ], [ -0.0031052, 51.553284 ], [ -0.0030872, 51.5532887 ], [ -0.003072, 51.5532928 ], [ -0.0031633, 51.5534256 ], [ -0.0023776, 51.5536216 ], [ -0.0024886, 51.5537683 ], [ -0.0033264, 51.5535746 ] ] ] } },
{ "type": "Feature", "properties": { "id": "77723957", "name": "Overbury Street allotments" }, "geometry": { "type": "Polygon", "coordinates": [ [ [ -0.0404211, 51.5551442 ], [ -0.0407446, 51.55509 ], [ -0.0405956, 51.5547391 ], [ -0.0402637, 51.5548054 ], [ -0.0404211, 51.5551442 ] ] ] } },
{ "type": "Feature", "properties": { "id": "77724496", "name": "Low Hall Lane allotments" }, "geometry": { "type": "Polygon", "coordinates": [ [ [ -0.0320528, 51.5771299 ], [ -0.0321244, 51.5771866 ], [ -0.0328035, 51.576946799999988 ], [ -0.0337534, 51.576593 ], [ -0.0329677, 51.5765314 ], [ -0.0324529, 51.5769251 ], [ -0.0320528, 51.5771299 ] ] ] } },
{ "type": "Feature", "properties": { "id": "77765750", "name": "Hatfields Green Allotments" }, "geometry": { "type": "Polygon", "coordinates": [ [ [ -0.1065992, 51.5051663 ], [ -0.1066669, 51.5053468 ], [ -0.1067972, 51.5053283 ], [ -0.1067514, 51.5052805 ], [ -0.1067261, 51.5052324 ], [ -0.1067038, 51.5051842 ], [ -0.1067028, 51.5051517 ], [ -0.1065992, 51.5051663 ] ] ] } },
{ "type": "Feature", "properties": { "id": "77827617", "name": "Spring Lane Allotments" }, "geometry": { "type": "Polygon", "coordinates": [ [ [ -0.0561655, 51.5704259 ], [ -0.0561066, 51.5703923 ], [ -0.0560226, 51.5703372 ], [ -0.0559529, 51.5702889 ], [ -0.0557303, 51.5701342 ], [ -0.0553773, 51.5698553 ], [ -0.0553239, 51.569929 ], [ -0.0553009, 51.5701851 ], [ -0.055542, 51.5703861 ], [ -0.0558349, 51.570388 ], [ -0.0559648, 51.5704106 ], [ -0.0561655, 51.5704259 ] ] ] } },
{ "type": "Feature", "properties": { "id": "77951637", "name": "Village Park Allotments" }, "geometry": { "type": "Polygon", "coordinates": [ [ [ -0.3017191, 51.500379 ], [ -0.301444, 51.4999018 ], [ -0.3012593, 51.4995258 ], [ -0.3010448, 51.4995726 ], [ -0.3012283, 51.5005628 ], [ -0.3015088, 51.5005019 ], [ -0.3014696, 51.5004355 ], [ -0.3017191, 51.500379 ] ] ] } },
{ "type": "Feature", "properties": { "id": "78056132", "name": "Tabard Community Allotments" }, "geometry": { "type": "Polygon", "coordinates": [ [ [ -0.0872359, 51.49883 ], [ -0.0874815, 51.4986316 ], [ -0.0871767, 51.4984853 ], [ -0.0869311, 51.4986837 ], [ -0.0872359, 51.49883 ] ] ] } },
{ "type": "Feature", "properties": { "id": "78625800", "name": "South Road Allotments" }, "geometry": { "type": "Polygon", "coordinates": [ [ [ -0.3028343, 51.4973128 ], [ -0.3026086, 51.497354 ], [ -0.3026609, 51.497465 ], [ -0.3028866, 51.4974239 ], [ -0.3028343, 51.4973128 ] ] ] } },
{ "type": "Feature", "properties": { "id": "79008604", "name": "Suffield Hatch allotments" }, "geometry": { "type": "Polygon", "coordinates": [ [ [ -0.0117175, 51.6198201 ], [ -0.0117459, 51.6195035 ], [ -0.0117736, 51.6192335 ], [ -0.0117798, 51.6191143 ], [ -0.0117729, 51.6190845 ], [ -0.0118205, 51.6188134 ], [ -0.0111524, 51.6190503 ], [ -0.0107959, 51.6191273 ], [ -0.0107825, 51.619181499999989 ], [ -0.0106765, 51.6192857 ], [ -0.0106246, 51.6193421 ], [ -0.0105389, 51.6194353 ], [ -0.0105536, 51.6199176 ], [ -0.010555, 51.619962 ], [ -0.010584, 51.6201349 ], [ -0.0110132, 51.6201507 ], [ -0.0110145, 51.6199808 ], [ -0.0116911, 51.6199798 ], [ -0.0117175, 51.6198201 ] ] ] } },
{ "type": "Feature", "properties": { "id": "79009560", "name": "Cherrydown Close allotments" }, "geometry": { "type": "Polygon", "coordinates": [ [ [ -0.0225996, 51.6214629 ], [ -0.0231481, 51.6215845 ], [ -0.0231669, 51.6215687 ], [ -0.0229872, 51.621438 ], [ -0.0228585, 51.621331 ], [ -0.0225996, 51.6214629 ] ] ] } },
{ "type": "Feature", "properties": { "id": "79010267", "name": "Mulberry Close allotments" }, "geometry": { "type": "Polygon", "coordinates": [ [ [ -0.0170414, 51.627112 ], [ -0.0173029, 51.6270183 ], [ -0.0173485, 51.626943 ], [ -0.0169053, 51.6268418 ], [ -0.0170635, 51.6266166 ], [ -0.0174867, 51.6267003 ], [ -0.0175629, 51.626532 ], [ -0.0167435, 51.6263823 ], [ -0.0167303, 51.6264068 ], [ -0.0165748, 51.6263743 ], [ -0.0161633, 51.6268195 ], [ -0.016146, 51.6268411 ], [ -0.0162756, 51.6269026 ], [ -0.016764, 51.6270393 ], [ -0.0166869, 51.627128 ], [ -0.016959, 51.6271671 ], [ -0.0170414, 51.627112 ] ] ] } },
{ "type": "Feature", "properties": { "id": "79010617", "name": "Statis allotments" }, "geometry": { "type": "Polygon", "coordinates": [ [ [ 0.0014549, 51.615699 ], [ 0.0015247, 51.6165967 ], [ 0.0014928, 51.6172187 ], [ 0.0012635, 51.617211 ], [ 0.0008533, 51.6169912 ], [ 0.0007967, 51.616994 ], [ 0.0008952, 51.6157174 ], [ 0.0014549, 51.615699 ] ] ] } },
{ "type": "Feature", "properties": { "id": "79010618", "name": "Beechwood allotments" }, "geometry": { "type": "Polygon", "coordinates": [ [ [ 0.0008952, 51.6157174 ], [ 0.0007232, 51.6148437 ], [ 0.0012542, 51.6148029 ], [ 0.0014549, 51.615699 ], [ 0.0008952, 51.6157174 ] ] ] } },
{ "type": "Feature", "properties": { "id": "79017459", "name": "Wickham Road allotments" }, "geometry": { "type": "Polygon", "coordinates": [ [ [ -0.0037727, 51.6046005 ], [ -0.0037037, 51.6046907 ], [ -0.003785, 51.6048522 ], [ -0.0039391, 51.6048783 ], [ -0.0040565, 51.6048982 ], [ -0.0041388, 51.604912 ], [ -0.0043321, 51.6049754 ], [ -0.0045253, 51.6050388 ], [ -0.0049611, 51.604981 ], [ -0.0049851, 51.604912 ], [ -0.0037727, 51.6046005 ] ] ] } },
{ "type": "Feature", "properties": { "id": "79127444", "name": "Ackroyd Drive Allotments" }, "geometry": { "type": "Polygon", "coordinates": [ [ [ -0.0296288, 51.5190559 ], [ -0.0293239, 51.5188748 ], [ -0.0288494, 51.519199 ], [ -0.0288411, 51.5192247 ], [ -0.0288412, 51.5192462 ], [ -0.0289734, 51.5193197 ], [ -0.0291208, 51.5194017 ], [ -0.0296288, 51.5190559 ] ] ] } },
{ "type": "Feature", "properties": { "id": "79127710", "name": null }, "geometry": { "type": "Polygon", "coordinates": [ [ [ -0.043742, 51.5175265 ], [ -0.0437636, 51.5174429 ], [ -0.0437938, 51.5173187 ], [ -0.0437953, 51.5172613 ], [ -0.04326, 51.517250499999989 ], [ -0.0432562, 51.5173272 ], [ -0.0432582, 51.517515 ], [ -0.043742, 51.5175265 ] ] ] } },
{ "type": "Feature", "properties": { "id": "79130381", "name": "Humber Road Allotments" }, "geometry": { "type": "Polygon", "coordinates": [ [ [ 0.012661, 51.4835052 ], [ 0.0127886, 51.4830164 ], [ 0.0127984, 51.482981100000011 ], [ 0.0136512, 51.4831615 ], [ 0.0137156, 51.4831752 ], [ 0.0134892, 51.4836 ], [ 0.0130489, 51.4835669 ], [ 0.012661, 51.4835052 ] ] ] } },
{ "type": "Feature", "properties": { "id": "79130515", "name": "Dallin allotments" }, "geometry": { "type": "Polygon", "coordinates": [ [ [ 0.0733106, 51.4775116 ], [ 0.0732944, 51.4772315 ], [ 0.0747574, 51.4771713 ], [ 0.0750673, 51.4775232 ], [ 0.0746676, 51.4775312 ], [ 0.0746082, 51.4775324 ], [ 0.0745995, 51.4774731 ], [ 0.0733106, 51.4775116 ] ] ] } },
{ "type": "Feature", "properties": { "id": "79130599", "name": "Dot Hill allotments" }, "geometry": { "type": "Polygon", "coordinates": [ [ [ 0.0791325, 51.4780688 ], [ 0.0788104, 51.4776411 ], [ 0.0787672, 51.4775838 ], [ 0.0781184, 51.4767236 ], [ 0.0780841, 51.4766113 ], [ 0.0787197, 51.476364 ], [ 0.0788717, 51.4765192 ], [ 0.0789093, 51.4766963 ], [ 0.0787917, 51.4767987 ], [ 0.0788921, 51.4768853 ], [ 0.0790632, 51.4769706 ], [ 0.079255, 51.4770876 ], [ 0.0794043, 51.4772616 ], [ 0.079432, 51.4774458 ], [ 0.0793708, 51.4775151 ], [ 0.0794266, 51.4775426 ], [ 0.0794766, 51.4775615 ], [ 0.0795231, 51.4776502 ], [ 0.0795064, 51.4776857 ], [ 0.0796387, 51.4778918 ], [ 0.0795619, 51.4779871 ], [ 0.0795694, 51.4780162 ], [ 0.0795628, 51.4780366 ], [ 0.0794937, 51.4780613 ], [ 0.0794395, 51.4780104 ], [ 0.0791325, 51.4780688 ] ] ] } },
{ "type": "Feature", "properties": { "id": "79131286", "name": "Monks Farm allotments" }, "geometry": { "type": "Polygon", "coordinates": [ [ [ 0.0992172, 51.4753337 ], [ 0.0987298, 51.4748666 ], [ 0.0983462, 51.4745107 ], [ 0.0979246, 51.4740425 ], [ 0.0983843, 51.4739076 ], [ 0.0984624, 51.473937 ], [ 0.0988293, 51.4738106 ], [ 0.0989497, 51.4739248 ], [ 0.0996085, 51.4737111 ], [ 0.0998889, 51.47373 ], [ 0.1009906, 51.474922 ], [ 0.1005758, 51.47508 ], [ 0.1001646, 51.4751969 ], [ 0.0996645, 51.475288 ], [ 0.0992172, 51.4753337 ] ] ] } },
{ "type": "Feature", "properties": { "id": "79131293", "name": "Rosemary Road allotments" }, "geometry": { "type": "Polygon", "coordinates": [ [ [ 0.1018437, 51.4700625 ], [ 0.1015268, 51.4706564 ], [ 0.0987254, 51.4711154 ], [ 0.0986244, 51.4710746 ], [ 0.0987676, 51.470256799999987 ], [ 0.0991362, 51.4699338 ], [ 0.0997331, 51.4700977 ], [ 0.0999691, 51.4698302 ], [ 0.1018437, 51.4700625 ] ] ] } },
{ "type": "Feature", "properties": { "id": "79131297", "name": "Olyffe Avenue allotments" }, "geometry": { "type": "Polygon", "coordinates": [ [ [ 0.1044992, 51.4687461 ], [ 0.1045903, 51.4682471 ], [ 0.104647, 51.4679367 ], [ 0.1047137, 51.4679433 ], [ 0.1053443, 51.4683857 ], [ 0.1047266, 51.468765 ], [ 0.1044992, 51.4687461 ] ] ] } },
{ "type": "Feature", "properties": { "id": "79135096", "name": "Adelaide Community Garden and Allotments" }, "geometry": { "type": "Polygon", "coordinates": [ [ [ -0.1596532, 51.5440581 ], [ -0.1596548, 51.5440803 ], [ -0.1596568, 51.5441084 ], [ -0.1598847, 51.5442744 ], [ -0.160046, 51.5442711 ], [ -0.160111, 51.544268 ], [ -0.1601917, 51.5442607 ], [ -0.1605355, 51.5442566 ], [ -0.1608209, 51.544242 ], [ -0.1608106, 51.5440574 ], [ -0.1608077, 51.5440164 ], [ -0.1601791, 51.5440441 ], [ -0.1601836, 51.5440961 ], [ -0.1600982, 51.5441011 ], [ -0.1599553, 51.5440972 ], [ -0.1598042, 51.5440799 ], [ -0.1596532, 51.5440581 ] ] ] } },
{ "type": "Feature", "properties": { "id": "79135629", "name": "Antrim Grove Allotments" }, "geometry": { "type": "Polygon", "coordinates": [ [ [ -0.1632107, 51.5479713 ], [ -0.1629214, 51.5482824 ], [ -0.1627322, 51.5484603 ], [ -0.1628812, 51.5485255 ], [ -0.1630924, 51.5486419 ], [ -0.1632489, 51.5487255 ], [ -0.1633385, 51.5486477 ], [ -0.1633331, 51.5486335 ], [ -0.1636666, 51.5482154 ], [ -0.1635182, 51.5481682 ], [ -0.1632107, 51.5479713 ] ] ] } },
{ "type": "Feature", "properties": { "id": "79235703", "name": "Dog Lane allotments" }, "geometry": { "type": "Polygon", "coordinates": [ [ [ -0.2549934, 51.5498513 ], [ -0.2541927, 51.5502834 ], [ -0.2538023, 51.5505212 ], [ -0.2537341, 51.5505969 ], [ -0.2537287, 51.5506636 ], [ -0.2538145, 51.5508113 ], [ -0.2538293, 51.5508871 ], [ -0.2538293, 51.550978 ], [ -0.2543891, 51.5513325 ], [ -0.2549446, 51.551704199999989 ], [ -0.2551382, 51.5516093 ], [ -0.2557725, 51.5513133 ], [ -0.2552708, 51.5503376 ], [ -0.2551744, 51.5500991 ], [ -0.2550225, 51.5498668 ], [ -0.2549934, 51.5498513 ] ] ] } },
{ "type": "Feature", "properties": { "id": "79236333", "name": "Cecil Avenue allotments" }, "geometry": { "type": "Polygon", "coordinates": [ [ [ -0.2902232, 51.5513093 ], [ -0.2904308, 51.551331 ], [ -0.2907966, 51.5513516 ], [ -0.2905617, 51.5505534 ], [ -0.290536, 51.5504661 ], [ -0.2905094, 51.5503756 ], [ -0.2904861, 51.5502964 ], [ -0.2904643, 51.5502224 ], [ -0.2904273, 51.5500966 ], [ -0.2903701, 51.5499022 ], [ -0.2903335, 51.5498805 ], [ -0.2901502, 51.5497721 ], [ -0.2900891, 51.5497794 ], [ -0.2900895, 51.549893399999988 ], [ -0.2901475, 51.5504452 ], [ -0.2901565, 51.5505487 ], [ -0.2902232, 51.5513093 ] ] ] } },
{ "type": "Feature", "properties": { "id": "79236535", "name": "Vale Farm allotments" }, "geometry": { "type": "Polygon", "coordinates": [ [ [ -0.316889, 51.5583727 ], [ -0.3173045, 51.5582661 ], [ -0.3173798, 51.5582468 ], [ -0.3171787, 51.5579108 ], [ -0.3169907, 51.5579545 ], [ -0.316889, 51.5583727 ] ] ] } },
{ "type": "Feature", "properties": { "id": "79237238", "name": "Elms Gardens allotments" }, "geometry": { "type": "Polygon", "coordinates": [ [ [ -0.3284405, 51.5580434 ], [ -0.3284891, 51.5579965 ], [ -0.3292616, 51.557236 ], [ -0.3285066, 51.5570046 ], [ -0.32835, 51.5573317 ], [ -0.3282452, 51.5575507 ], [ -0.3279559, 51.5578756 ], [ -0.3279687, 51.55788 ], [ -0.3284405, 51.5580434 ] ] ] } },
{ "type": "Feature", "properties": { "id": "79275108", "name": "Dabbs Hill allotments" }, "geometry": { "type": "Polygon", "coordinates": [ [ [ -0.3703289, 51.5548051 ], [ -0.3703538, 51.5548553 ], [ -0.3723483, 51.5547058 ], [ -0.3719994, 51.5544048 ], [ -0.3703289, 51.5548051 ] ] ] } },
{ "type": "Feature", "properties": { "id": "79485235", "name": "The Grove and Railway Bank allotments" }, "geometry": { "type": "Polygon", "coordinates": [ [ [ -0.1140932, 51.5730115 ], [ -0.1134197, 51.5733345 ], [ -0.1134221, 51.5733697 ], [ -0.1135438, 51.5734211 ], [ -0.1137414, 51.5734528 ], [ -0.1137888, 51.573437 ], [ -0.1139773, 51.5734716 ], [ -0.1141238, 51.5734442 ], [ -0.114342, 51.5734994 ], [ -0.1145382, 51.5735771 ], [ -0.1146247, 51.573532 ], [ -0.1147162, 51.5735235 ], [ -0.1144284, 51.5733269 ], [ -0.1140932, 51.5730115 ] ] ] } },
{ "type": "Feature", "properties": { "id": "79485277", "name": "Quernmore Road allotments" }, "geometry": { "type": "Polygon", "coordinates": [ [ [ -0.1073131, 51.57751 ], [ -0.1073872, 51.5775782 ], [ -0.1074706, 51.5776549 ], [ -0.1075774, 51.5777532 ], [ -0.1075963, 51.5777705 ], [ -0.1076376, 51.5777509 ], [ -0.1076482, 51.5777459 ], [ -0.1077161, 51.5777136 ], [ -0.1078142, 51.577667 ], [ -0.1079001, 51.5776263 ], [ -0.1079814, 51.5775877 ], [ -0.1080368, 51.5775613 ], [ -0.1080699, 51.5775456 ], [ -0.1081549, 51.5775053 ], [ -0.1082319, 51.5774687 ], [ -0.1083319, 51.5774212 ], [ -0.1084227, 51.5773781 ], [ -0.1085249, 51.5773296 ], [ -0.108607, 51.5772906 ], [ -0.1086927, 51.5772499 ], [ -0.1087107, 51.5772414 ], [ -0.1086262, 51.5771356 ], [ -0.1085128, 51.577168 ], [ -0.1084025, 51.5771994 ], [ -0.1083172, 51.5772237 ], [ -0.1082317, 51.5772481 ], [ -0.1081476, 51.5772721 ], [ -0.1080838, 51.5772903 ], [ -0.1079996, 51.5773143 ], [ -0.1078538, 51.5773558 ], [ -0.1078229, 51.5773646 ], [ -0.1077464, 51.577386399999988 ], [ -0.1076794, 51.5774054 ], [ -0.1076575, 51.5774117 ], [ -0.1075648, 51.5774382 ], [ -0.1074683, 51.5774659 ], [ -0.1074163, 51.5774805 ], [ -0.1073131, 51.57751 ] ] ] } },
{ "type": "Feature", "properties": { "id": "79485907", "name": "Franklin Street allotments" }, "geometry": { "type": "Polygon", "coordinates": [ [ [ -0.0812086, 51.5773071 ], [ -0.0812628, 51.57715 ], [ -0.0806161, 51.5770657 ], [ -0.0805609, 51.5772207 ], [ -0.0808232, 51.5772557 ], [ -0.0812086, 51.5773071 ] ] ] } },
{ "type": "Feature", "properties": { "id": "79486885", "name": "Elmar Road allotments" }, "geometry": { "type": "Polygon", "coordinates": [ [ [ -0.0818059, 51.5843395 ], [ -0.0817925, 51.5844993 ], [ -0.0840593, 51.5847848 ], [ -0.0840966, 51.5845535 ], [ -0.0832071, 51.5844545 ], [ -0.0824392, 51.5843878 ], [ -0.0818059, 51.5843395 ] ] ] } },
{ "type": "Feature", "properties": { "id": "79489977", "name": "Higham Road Allotments" }, "geometry": { "type": "Polygon", "coordinates": [ [ [ -0.0839321, 51.5923799 ], [ -0.0840339, 51.5930595 ], [ -0.0847399, 51.5930399 ], [ -0.0848015, 51.5930389 ], [ -0.0847924, 51.5929529 ], [ -0.0852935, 51.5929389 ], [ -0.085272, 51.5927063 ], [ -0.0854218, 51.592697099999988 ], [ -0.0854024, 51.5924607 ], [ -0.0843786, 51.5924911 ], [ -0.084371, 51.5923625 ], [ -0.0839321, 51.5923799 ] ] ] } },
{ "type": "Feature", "properties": { "id": "79492234", "name": "Rivulet Road Allotments" }, "geometry": { "type": "Polygon", "coordinates": [ [ [ -0.0877832, 51.6040529 ], [ -0.0877637, 51.6040466 ], [ -0.0877495, 51.604037 ], [ -0.0877415, 51.6040241 ], [ -0.0877397, 51.6040146 ], [ -0.0878162, 51.6038464 ], [ -0.0877785, 51.6038397 ], [ -0.0877494, 51.6038343 ], [ -0.0876777, 51.6040021 ], [ -0.087784, 51.6041734 ], [ -0.0880574, 51.6044162 ], [ -0.0883882, 51.6045681 ], [ -0.088772, 51.6042059 ], [ -0.0884052, 51.6041498 ], [ -0.0883507, 51.6041409 ], [ -0.0880868, 51.6040996 ], [ -0.088041, 51.6040926 ], [ -0.0877832, 51.6040529 ] ] ] } },
{ "type": "Feature", "properties": { "id": "79492310", "name": "De Quincey Road Allotments" }, "geometry": { "type": "Polygon", "coordinates": [ [ [ -0.0844569, 51.6014489 ], [ -0.0843796, 51.6015487 ], [ -0.0843065, 51.6015975 ], [ -0.0847068, 51.6018986 ], [ -0.0849243, 51.6020208 ], [ -0.0851853, 51.6021472 ], [ -0.0852111, 51.6021597 ], [ -0.0852275, 51.6021445 ], [ -0.0852576, 51.602111 ], [ -0.0853478, 51.6021423 ], [ -0.0854062, 51.6021622 ], [ -0.0853673, 51.6022105 ], [ -0.0857375, 51.6023367 ], [ -0.0862725, 51.6024485 ], [ -0.0862786, 51.6022472 ], [ -0.0860641, 51.6021881 ], [ -0.0854969, 51.601975599999989 ], [ -0.0850954, 51.6018004 ], [ -0.0844569, 51.6014489 ] ] ] } },
{ "type": "Feature", "properties": { "id": "86259399", "name": "Northfield House soft fruit orchard" }, "geometry": { "type": "Polygon", "coordinates": [ [ [ -0.0666733, 51.4825556 ], [ -0.0670567, 51.4824291 ], [ -0.0669295, 51.4822357 ], [ -0.0666469, 51.4825384 ], [ -0.0666733, 51.4825556 ] ] ] } },
{ "type": "Feature", "properties": { "id": "89807508", "name": "Secret Greenhouse" }, "geometry": { "type": "Polygon", "coordinates": [ [ [ -0.0913794, 51.4538102 ], [ -0.0914196, 51.4538177 ], [ -0.0915497, 51.4538185 ], [ -0.0915685, 51.4537951 ], [ -0.0914076, 51.4537589 ], [ -0.0913794, 51.4538102 ] ] ] } },
{ "type": "Feature", "properties": { "id": "92511720", "name": null }, "geometry": { "type": "Polygon", "coordinates": [ [ [ -0.0693756, 51.6674028 ], [ -0.0683054, 51.667821 ], [ -0.068579, 51.6680739 ], [ -0.0687667, 51.6680705 ], [ -0.068933, 51.6681138 ], [ -0.0692764, 51.668193599999988 ], [ -0.0696572, 51.6682668 ], [ -0.069727, 51.6684265 ], [ -0.0697913, 51.6685862 ], [ -0.0704297, 51.668666099999989 ], [ -0.0704014, 51.6687565 ], [ -0.0711056, 51.6688624 ], [ -0.0726449, 51.6691518 ], [ -0.072661, 51.6691219 ], [ -0.0729454, 51.6691219 ], [ -0.0730634, 51.6689356 ], [ -0.0727898, 51.6685862 ], [ -0.0727441, 51.6684836 ], [ -0.0726798, 51.668385 ], [ -0.0725349, 51.6681779 ], [ -0.0725671, 51.6678856 ], [ -0.0722482, 51.6674775 ], [ -0.0719588, 51.6673474 ], [ -0.0716606, 51.6675436 ], [ -0.0712451, 51.6673452 ], [ -0.0700864, 51.6676513 ], [ -0.0693756, 51.6674028 ] ] ] } },
{ "type": "Feature", "properties": { "id": "96108591", "name": null }, "geometry": { "type": "Polygon", "coordinates": [ [ [ -0.1124101, 51.4931864 ], [ -0.1121527, 51.4933738 ], [ -0.1124503, 51.493517 ], [ -0.1124946, 51.493503 ], [ -0.112542, 51.4934879 ], [ -0.1126482, 51.4934238 ], [ -0.1126772, 51.4933177 ], [ -0.1126418, 51.4932836 ], [ -0.1124101, 51.4931864 ] ] ] } },
{ "type": "Feature", "properties": { "id": "96598185", "name": null }, "geometry": { "type": "Polygon", "coordinates": [ [ [ -0.1255784, 51.4528172 ], [ -0.1255748, 51.4529282 ], [ -0.1253384, 51.4529199 ], [ -0.1252376, 51.4533758 ], [ -0.1252796, 51.453497 ], [ -0.1251894, 51.4538487 ], [ -0.1252092, 51.4539699 ], [ -0.1256245, 51.4540808 ], [ -0.1268497, 51.4542752 ], [ -0.1268808, 51.4541215 ], [ -0.1267152, 51.4539382 ], [ -0.1266404, 51.4537997 ], [ -0.1266197, 51.4537566 ], [ -0.126594, 51.4536254 ], [ -0.1258604, 51.4535924 ], [ -0.1258581, 51.4533748 ], [ -0.1259297, 51.452932 ], [ -0.1257616, 51.4529293 ], [ -0.1257163, 51.4527892 ], [ -0.1255784, 51.4528172 ] ] ] } },
{ "type": "Feature", "properties": { "id": "101503589", "name": "Alscot Road Allotments" }, "geometry": { "type": "Polygon", "coordinates": [ [ [ -0.0726821, 51.4945464 ], [ -0.0725303, 51.4942916 ], [ -0.0720939, 51.4944197 ], [ -0.0722158, 51.4946543 ], [ -0.0726821, 51.4945464 ] ] ] } },
{ "type": "Feature", "properties": { "id": "105609880", "name": "Byng Road Allotments" }, "geometry": { "type": "Polygon", "coordinates": [ [ [ -0.2171978, 51.659689299999989 ], [ -0.217584, 51.658691 ], [ -0.2175447, 51.6585452 ], [ -0.2174809, 51.6584107 ], [ -0.2160391, 51.6588507 ], [ -0.2152855, 51.659143 ], [ -0.2152237, 51.6594231 ], [ -0.2158245, 51.6595961 ], [ -0.2171978, 51.659689299999989 ] ] ] } },
{ "type": "Feature", "properties": { "id": "109729479", "name": "Cricket Lane" }, "geometry": { "type": "Polygon", "coordinates": [ [ [ -0.0401613, 51.4183051 ], [ -0.0400514, 51.4183655 ], [ -0.0399086, 51.4186515 ], [ -0.0398105, 51.4190365 ], [ -0.0396217, 51.4193469 ], [ -0.0393385, 51.4195771 ], [ -0.0390381, 51.4197966 ], [ -0.0386175, 51.4200588 ], [ -0.0395241, 51.4205876 ], [ -0.0396021, 51.4205572 ], [ -0.0405774, 51.420859299999989 ], [ -0.0408349, 51.4206538 ], [ -0.0412298, 51.4203176 ], [ -0.0415652, 51.4199683 ], [ -0.0419011, 51.4195353 ], [ -0.0420529, 51.4193049 ], [ -0.0415475, 51.4191404 ], [ -0.0417386, 51.4188646 ], [ -0.0416671, 51.4187754 ], [ -0.0414393, 51.418709 ], [ -0.0401613, 51.4183051 ] ] ] } },
{ "type": "Feature", "properties": { "id": "113734321", "name": null }, "geometry": { "type": "Polygon", "coordinates": [ [ [ -0.0433071, 51.6555224 ], [ -0.0435164, 51.6550014 ], [ -0.0412471, 51.6547443 ], [ -0.0411077, 51.6552095 ], [ -0.041625, 51.6552818 ], [ -0.0433071, 51.6555224 ] ] ] } },
{ "type": "Feature", "properties": { "id": "127735713", "name": "Glengall Wharf Gardens" }, "geometry": { "type": "Polygon", "coordinates": [ [ [ -0.0731108, 51.482183 ], [ -0.0727536, 51.4822294 ], [ -0.0727486, 51.4821283 ], [ -0.0723624, 51.4821927 ], [ -0.0724943, 51.4825077 ], [ -0.0724812, 51.4825103 ], [ -0.0721867, 51.4825685 ], [ -0.0722401, 51.4826739 ], [ -0.0725276, 51.4826256 ], [ -0.0726374, 51.4826072 ], [ -0.072725, 51.4826974 ], [ -0.0727798, 51.4826941 ], [ -0.0729582, 51.4826833 ], [ -0.0730803, 51.4825832 ], [ -0.0731082, 51.4822816 ], [ -0.0731108, 51.482183 ] ] ] } },
{ "type": "Feature", "properties": { "id": "138398950", "name": "Chestnuts Farm Allotments" }, "geometry": { "type": "Polygon", "coordinates": [ [ [ -0.0153082, 51.5915228 ], [ -0.0137772, 51.5916121 ], [ -0.0136666, 51.5916436 ], [ -0.0138177, 51.5927317 ], [ -0.0144847, 51.5928107 ], [ -0.0156636, 51.5929618 ], [ -0.015784, 51.592981 ], [ -0.0153082, 51.5915228 ] ] ] } },
{ "type": "Feature", "properties": { "id": "143068959", "name": "Tugmutton Allotment Association Willow Walk Site" }, "geometry": { "type": "Polygon", "coordinates": [ [ [ 0.0612616, 51.366480599999988 ], [ 0.0613689, 51.3663584 ], [ 0.0617042, 51.3660787 ], [ 0.0618866, 51.3659919 ], [ 0.0619791, 51.3659478 ], [ 0.0624458, 51.3657257 ], [ 0.0625518, 51.3656752 ], [ 0.0632002, 51.3663972 ], [ 0.0621234, 51.366594899999988 ], [ 0.0616264, 51.3667084 ], [ 0.0614609, 51.3665463 ], [ 0.0613134, 51.3664961 ], [ 0.0612616, 51.366480599999988 ] ] ] } },
{ "type": "Feature", "properties": { "id": "143076540", "name": "Tugmutton Allotment Association Lovibonds Avenue Site" }, "geometry": { "type": "Polygon", "coordinates": [ [ [ 0.0645858, 51.3671916 ], [ 0.0640025, 51.3673317 ], [ 0.0632875, 51.3664023 ], [ 0.0639466, 51.3662126 ], [ 0.0645858, 51.3671916 ] ] ] } },
{ "type": "Feature", "properties": { "id": "144037599", "name": null }, "geometry": { "type": "Polygon", "coordinates": [ [ [ -0.1185026, 51.599851 ], [ -0.1183692, 51.6003383 ], [ -0.118516, 51.6003564 ], [ -0.1188306, 51.600035 ], [ -0.1187574, 51.5999972 ], [ -0.1185303, 51.5998668 ], [ -0.1185026, 51.599851 ] ] ] } },
{ "type": "Feature", "properties": { "id": "144043082", "name": null }, "geometry": { "type": "Polygon", "coordinates": [ [ [ -0.1152244, 51.5999564 ], [ -0.1154148, 51.5993452 ], [ -0.1150986, 51.5993031 ], [ -0.1150783, 51.5993004 ], [ -0.1149037, 51.599848 ], [ -0.1152244, 51.5999564 ] ] ] } },
{ "type": "Feature", "properties": { "id": "148891581", "name": "Lavender Road Allotments" }, "geometry": { "type": "Polygon", "coordinates": [ [ [ -0.1567906, 51.3657074 ], [ -0.1568315, 51.3656901 ], [ -0.1566833, 51.3654968 ], [ -0.1563324, 51.3656522 ], [ -0.1560124, 51.3657841 ], [ -0.155748, 51.3658932 ], [ -0.1554329, 51.3660241 ], [ -0.1556234, 51.3662 ], [ -0.1560699, 51.3660115 ], [ -0.1564171, 51.365865 ], [ -0.1567906, 51.3657074 ] ] ] } },
{ "type": "Feature", "properties": { "id": "149669637", "name": null }, "geometry": { "type": "Polygon", "coordinates": [ [ [ -0.1689747, 51.3754289 ], [ -0.1688338, 51.3751308 ], [ -0.1683068, 51.3753075 ], [ -0.1689747, 51.3754289 ] ] ] } },
{ "type": "Feature", "properties": { "id": "155768337", "name": "Manor Farm Gardener Allotments" }, "geometry": { "type": "Polygon", "coordinates": [ [ [ -0.0276629, 51.5633108 ], [ -0.0278298, 51.5631855 ], [ -0.027972, 51.5630613 ], [ -0.0279539, 51.5628874 ], [ -0.0273335, 51.562622 ], [ -0.0267277, 51.562414 ], [ -0.0261887, 51.5624163 ], [ -0.0251869, 51.5621847 ], [ -0.0249707, 51.5623629 ], [ -0.0264982, 51.5630416 ], [ -0.0270872, 51.563202499999989 ], [ -0.0276629, 51.5633108 ] ] ] } },
{ "type": "Feature", "properties": { "id": "156413708", "name": "Simmons Way Allotments" }, "geometry": { "type": "Polygon", "coordinates": [ [ [ -0.1609654, 51.630403699999988 ], [ -0.160629, 51.6305396 ], [ -0.1602707, 51.6306842 ], [ -0.1603096, 51.630765 ], [ -0.1603727, 51.6308416 ], [ -0.1604035, 51.6308974 ], [ -0.1603633, 51.6309123 ], [ -0.1604129, 51.6309581 ], [ -0.1607576, 51.6308174 ], [ -0.1611063, 51.6306651 ], [ -0.1613892, 51.6305652 ], [ -0.1615207, 51.6305044 ], [ -0.1616762, 51.630442 ], [ -0.1615756, 51.6302897 ], [ -0.16118, 51.6302813 ], [ -0.1611371, 51.6303246 ], [ -0.1609654, 51.630403699999988 ] ] ] } },
{ "type": "Feature", "properties": { "id": "159184396", "name": "West Road Allotments" }, "geometry": { "type": "Polygon", "coordinates": [ [ [ -0.1477441, 51.6323512 ], [ -0.1477924, 51.6324003 ], [ -0.1479641, 51.6325992 ], [ -0.1481666, 51.6328198 ], [ -0.1483557, 51.6330262 ], [ -0.1484737, 51.6331569 ], [ -0.148585, 51.633256 ], [ -0.1486212, 51.633256 ], [ -0.1486387, 51.6332402 ], [ -0.1485917, 51.6331445 ], [ -0.1485274, 51.633043699999988 ], [ -0.1484603, 51.6328681 ], [ -0.1484053, 51.6327449 ], [ -0.1482833, 51.6322213 ], [ -0.1477441, 51.6323512 ] ] ] } },
{ "type": "Feature", "properties": { "id": "160952576", "name": "Ladywood Road Allotments" }, "geometry": { "type": "Polygon", "coordinates": [ [ [ -0.2880125, 51.3766588 ], [ -0.2880048, 51.3766455 ], [ -0.2871597, 51.3760987 ], [ -0.2871139, 51.37608 ], [ -0.2870726, 51.3760815 ], [ -0.2870313, 51.3761047 ], [ -0.2864297, 51.3765094 ], [ -0.2864131, 51.3765254 ], [ -0.286405, 51.3765467 ], [ -0.2864139, 51.3765622 ], [ -0.286589, 51.3766424 ], [ -0.2879988, 51.3766645 ], [ -0.2880125, 51.3766588 ] ] ] } },
{ "type": "Feature", "properties": { "id": "164250364", "name": null }, "geometry": { "type": "Polygon", "coordinates": [ [ [ -0.1308226, 51.3718947 ], [ -0.1295342, 51.3717835 ], [ -0.129072, 51.3718262 ], [ -0.1285179, 51.3718509 ], [ -0.1285687, 51.3720478 ], [ -0.1286236, 51.3720926 ], [ -0.1287101, 51.3721285 ], [ -0.1291174, 51.3722095 ], [ -0.1292831, 51.3721924 ], [ -0.1294804, 51.3722246 ], [ -0.1295976, 51.3722849 ], [ -0.129912, 51.372337 ], [ -0.1300914, 51.372331 ], [ -0.1303848, 51.3723791 ], [ -0.1304734, 51.3724424 ], [ -0.1308575, 51.3725247 ], [ -0.1309472, 51.3725247 ], [ -0.1310295, 51.3725458 ], [ -0.1311128, 51.3725945 ], [ -0.1313281, 51.3726531 ], [ -0.1314865, 51.372683 ], [ -0.1314046, 51.3723635 ], [ -0.1313904, 51.3723594 ], [ -0.1313967, 51.37225 ], [ -0.1314526, 51.3722414 ], [ -0.1314495, 51.3720774 ], [ -0.131211, 51.3720649 ], [ -0.1310379, 51.3720432 ], [ -0.1309482, 51.372026 ], [ -0.1308807, 51.3719885 ], [ -0.13083, 51.3719424 ], [ -0.1308226, 51.3718947 ] ] ] } },
{ "type": "Feature", "properties": { "id": "168241828", "name": null }, "geometry": { "type": "Polygon", "coordinates": [ [ [ -0.0989352, 51.4133403 ], [ -0.0966518, 51.4123315 ], [ -0.0964168, 51.4125829 ], [ -0.0982013, 51.4133924 ], [ -0.0985652, 51.4134213 ], [ -0.0989352, 51.4133403 ] ] ] } },
{ "type": "Feature", "properties": { "id": "171799286", "name": "West Wickham Allotments" }, "geometry": { "type": "Polygon", "coordinates": [ [ [ -0.0075703, 51.3739193 ], [ -0.0043303, 51.3726153 ], [ -0.0038774, 51.373077 ], [ -0.0053992, 51.3736956 ], [ -0.0042457, 51.3745444 ], [ -0.0044054, 51.3746725 ], [ -0.0044797, 51.374722 ], [ -0.0045511, 51.3747625 ], [ -0.0047276, 51.3748479 ], [ -0.0051378, 51.3750399 ], [ -0.0056542, 51.3752721 ], [ -0.0057265, 51.3753046 ], [ -0.0061473, 51.3749866 ], [ -0.0062485, 51.37491 ], [ -0.0063345, 51.3748451 ], [ -0.0067571, 51.3745185 ], [ -0.006802, 51.3744824 ], [ -0.0068097, 51.3744787 ], [ -0.0068583, 51.3744391 ], [ -0.0070508, 51.3743143 ], [ -0.0074367, 51.3740258 ], [ -0.0074935, 51.3739845 ], [ -0.0075703, 51.3739193 ] ] ] } },
{ "type": "Feature", "properties": { "id": "172285500", "name": "Ashford Clumps Allotments" }, "geometry": { "type": "Polygon", "coordinates": [ [ [ -0.4398, 51.4341965 ], [ -0.4398934, 51.433909 ], [ -0.4382984, 51.4338199 ], [ -0.4384268, 51.4346295 ], [ -0.4395592, 51.4344121 ], [ -0.4395767, 51.4341883 ], [ -0.4398, 51.4341965 ] ] ] } },
{ "type": "Feature", "properties": { "id": "172781138", "name": "Lynton Road / St James Road East Allotments" }, "geometry": { "type": "Polygon", "coordinates": [ [ [ -0.0653158, 51.4896072 ], [ -0.0652652, 51.4895717 ], [ -0.0645168, 51.4895735 ], [ -0.0645028, 51.4897526 ], [ -0.0652998, 51.4897804 ], [ -0.0653158, 51.4896072 ] ] ] } },
{ "type": "Feature", "properties": { "id": "172781139", "name": "Lynton Road / St James Road West Allotments" }, "geometry": { "type": "Polygon", "coordinates": [ [ [ -0.0655108, 51.4895834 ], [ -0.065477, 51.4899469 ], [ -0.0659928, 51.4899746 ], [ -0.0660347, 51.489602899999987 ], [ -0.0655108, 51.4895834 ] ] ] } },
{ "type": "Feature", "properties": { "id": "181838244", "name": "Glyn Hopkin Abbey Hub" }, "geometry": { "type": "Polygon", "coordinates": [ [ [ -0.0032416, 51.5316068 ], [ -0.0034703, 51.5315639 ], [ -0.0036644, 51.5315275 ], [ -0.0036562, 51.531509199999988 ], [ -0.0035086, 51.5311877 ], [ -0.0030033, 51.5312869 ], [ -0.0029641, 51.531293 ], [ -0.0030617, 51.5314058 ], [ -0.0032416, 51.5316068 ] ] ] } },
{ "type": "Feature", "properties": { "id": "181842103", "name": null }, "geometry": { "type": "Polygon", "coordinates": [ [ [ -0.0041418, 51.5288699 ], [ -0.0040746, 51.528872 ], [ -0.003887, 51.5288897 ], [ -0.0038664, 51.5292914 ], [ -0.0039173, 51.529766 ], [ -0.0045957, 51.5300316 ], [ -0.0043184, 51.5302709 ], [ -0.0039976, 51.5305218 ], [ -0.0044539, 51.5307367 ], [ -0.0049166, 51.5301015 ], [ -0.0049553, 51.5300521 ], [ -0.0050421, 51.5299469 ], [ -0.0051375, 51.5298268 ], [ -0.0051985, 51.529776899999987 ], [ -0.0048832, 51.5296024 ], [ -0.0045695, 51.5293869 ], [ -0.0043942, 51.5292132 ], [ -0.0043024, 51.5290936 ], [ -0.0041795, 51.5289336 ], [ -0.0041418, 51.5288699 ] ] ] } },
{ "type": "Feature", "properties": { "id": "185883178", "name": "Shepherds Hill Railway Gardens" }, "geometry": { "type": "Polygon", "coordinates": [ [ [ -0.1425649, 51.5770313 ], [ -0.1433916, 51.5768649 ], [ -0.1437504, 51.576791 ], [ -0.1431622, 51.5766128 ], [ -0.142949, 51.5767248 ], [ -0.1427834, 51.5767531 ], [ -0.1425895, 51.5767336 ], [ -0.1423306, 51.5766042 ], [ -0.1423959, 51.5767325 ], [ -0.1425649, 51.5770313 ] ] ] } },
{ "type": "Feature", "properties": { "id": "187706124", "name": null }, "geometry": { "type": "Polygon", "coordinates": [ [ [ -0.1534719, 51.603623 ], [ -0.1535673, 51.603552 ], [ -0.1536638, 51.603447 ], [ -0.1537251, 51.6033811 ], [ -0.1537524, 51.6032988 ], [ -0.1536453, 51.60307 ], [ -0.1534952, 51.6029334 ], [ -0.1533959, 51.6028044 ], [ -0.1533172, 51.6027967 ], [ -0.1525801, 51.602973 ], [ -0.1529811, 51.6036295 ], [ -0.1530201, 51.6036719 ], [ -0.1531791, 51.6036723 ], [ -0.1533078, 51.6036877 ], [ -0.1533882, 51.6037094 ], [ -0.1534719, 51.603623 ] ] ] } },
{ "type": "Feature", "properties": { "id": "192698550", "name": "William Hobbayne Community Gardens" }, "geometry": { "type": "Polygon", "coordinates": [ [ [ -0.3400043, 51.5032205 ], [ -0.3401176, 51.5031358 ], [ -0.3403475, 51.5029466 ], [ -0.3399167, 51.5027426 ], [ -0.3397485, 51.5026464 ], [ -0.339533, 51.5027685 ], [ -0.3393619, 51.5029124 ], [ -0.3400043, 51.5032205 ] ] ] } },
{ "type": "Feature", "properties": { "id": "193313664", "name": null }, "geometry": { "type": "Polygon", "coordinates": [ [ [ 0.0359377, 51.367471 ], [ 0.0359963, 51.3677 ], [ 0.0354556, 51.3677495 ], [ 0.0354462, 51.3675171 ], [ 0.0359377, 51.367471 ] ] ] } },
{ "type": "Feature", "properties": { "id": "196618627", "name": null }, "geometry": { "type": "Polygon", "coordinates": [ [ [ -0.3863316, 51.5188166 ], [ -0.3861836, 51.5178187 ], [ -0.3852234, 51.517952199999989 ], [ -0.385218, 51.5180226 ], [ -0.3848403, 51.5180555 ], [ -0.3849476, 51.5188967 ], [ -0.3853446, 51.5188733 ], [ -0.3863316, 51.5188166 ] ] ] } },
{ "type": "Feature", "properties": { "id": "198515211", "name": "Meadfield Allotments" }, "geometry": { "type": "Polygon", "coordinates": [ [ [ -0.2710357, 51.6317984 ], [ -0.2709284, 51.6316486 ], [ -0.2707863, 51.6316486 ], [ -0.2707219, 51.6315986 ], [ -0.270502, 51.6316902 ], [ -0.2706629, 51.6319105 ], [ -0.2710357, 51.6317984 ] ] ] } },
{ "type": "Feature", "properties": { "id": "198762876", "name": null }, "geometry": { "type": "Polygon", "coordinates": [ [ [ -0.1962346, 51.6095916 ], [ -0.1958818, 51.6094268 ], [ -0.1954804, 51.6097583 ], [ -0.1955242, 51.6097788 ], [ -0.1958332, 51.6099231 ], [ -0.1962346, 51.6095916 ] ] ] } },
{ "type": "Feature", "properties": { "id": "204010035", "name": null }, "geometry": { "type": "Polygon", "coordinates": [ [ [ -0.0330019, 51.477878399999987 ], [ -0.0326624, 51.4779119 ], [ -0.0323899, 51.4779279 ], [ -0.0323577, 51.4781589 ], [ -0.0325754, 51.4781698 ], [ -0.0327209, 51.4781708 ], [ -0.0330965, 51.4781734 ], [ -0.0330019, 51.477878399999987 ] ] ] } },
{ "type": "Feature", "properties": { "id": "204010036", "name": null }, "geometry": { "type": "Polygon", "coordinates": [ [ [ -0.0332367, 51.4782697 ], [ -0.0326422, 51.4782595 ], [ -0.0323465, 51.4782545 ], [ -0.0322868, 51.4786886 ], [ -0.0326585, 51.4787132 ], [ -0.032603, 51.4785221 ], [ -0.0328061, 51.4785018 ], [ -0.0328001, 51.4784826 ], [ -0.0332685, 51.4784441 ], [ -0.0332367, 51.4782697 ] ] ] } },
{ "type": "Feature", "properties": { "id": "204960344", "name": null }, "geometry": { "type": "Polygon", "coordinates": [ [ [ -0.267808, 51.5249962 ], [ -0.2663121, 51.5244607 ], [ -0.2662078, 51.5247323 ], [ -0.2668671, 51.5248942 ], [ -0.2673532, 51.5249816 ], [ -0.267808, 51.5249962 ] ] ] } },
{ "type": "Feature", "properties": { "id": "205703530", "name": null }, "geometry": { "type": "Polygon", "coordinates": [ [ [ -0.0895292, 51.3411836 ], [ -0.0897013, 51.3409476 ], [ -0.0900188, 51.3405121 ], [ -0.0901692, 51.3403058 ], [ -0.0901946, 51.340271 ], [ -0.0898474, 51.3401151 ], [ -0.0897136, 51.3402303 ], [ -0.08907, 51.3399615 ], [ -0.089258, 51.3397988 ], [ -0.0889072, 51.3396543 ], [ -0.0878802, 51.3405127 ], [ -0.0887445, 51.3408222 ], [ -0.0894943, 51.3411675 ], [ -0.0895292, 51.3411836 ] ] ] } },
{ "type": "Feature", "properties": { "id": "216444804", "name": null }, "geometry": { "type": "Polygon", "coordinates": [ [ [ -0.2959747, 51.5351836 ], [ -0.2951189, 51.534443 ], [ -0.2938492, 51.5347669 ], [ -0.2940664, 51.5349396 ], [ -0.2952734, 51.5347995 ], [ -0.2957401, 51.5352166 ], [ -0.2959747, 51.5351836 ] ] ] } },
{ "type": "Feature", "properties": { "id": "216951102", "name": null }, "geometry": { "type": "Polygon", "coordinates": [ [ [ 0.0379428, 51.3155119 ], [ 0.038271, 51.3144269 ], [ 0.0385326, 51.3144357 ], [ 0.038913, 51.3129982 ], [ 0.0391117, 51.3129456 ], [ 0.0393413, 51.3136632 ], [ 0.0395778, 51.3141914 ], [ 0.0392456, 51.3142106 ], [ 0.039021, 51.314423 ], [ 0.0388011, 51.3152277 ], [ 0.0386669, 51.3155953 ], [ 0.0379428, 51.3155119 ] ] ] } },
{ "type": "Feature", "properties": { "id": "219680547", "name": "Stanley Avenue allotments" }, "geometry": { "type": "Polygon", "coordinates": [ [ [ -0.3546993, 51.5414723 ], [ -0.3544472, 51.5412354 ], [ -0.3528646, 51.5418293 ], [ -0.3533689, 51.5420094 ], [ -0.3546993, 51.5414723 ] ] ] } },
{ "type": "Feature", "properties": { "id": "220221724", "name": "Roding Lane North Allotments" }, "geometry": { "type": "Polygon", "coordinates": [ [ [ 0.0534101, 51.6001737 ], [ 0.0530201, 51.5994702 ], [ 0.0543873, 51.5991836 ], [ 0.0549925, 51.5999234 ], [ 0.0546547, 51.6000234 ], [ 0.0542323, 51.6000731 ], [ 0.0534101, 51.6001737 ] ] ] } },
{ "type": "Feature", "properties": { "id": "220221737", "name": "The Glade Allotments" }, "geometry": { "type": "Polygon", "coordinates": [ [ [ 0.0579771, 51.5980353 ], [ 0.0589646, 51.5971938 ], [ 0.05898, 51.5978038 ], [ 0.0591596, 51.5980188 ], [ 0.0594065, 51.5982386 ], [ 0.0590468, 51.5982135 ], [ 0.0588118, 51.5981971 ], [ 0.0585887, 51.5981816 ], [ 0.0583041, 51.5981304 ], [ 0.0581974, 51.5981056 ], [ 0.0582182, 51.5980804 ], [ 0.0579771, 51.5980353 ] ] ] } },
{ "type": "Feature", "properties": { "id": "221191529", "name": "Dormers Wells allotments" }, "geometry": { "type": "Polygon", "coordinates": [ [ [ -0.3627185, 51.5153065 ], [ -0.3605907, 51.515196 ], [ -0.3605526, 51.5157309 ], [ -0.3624871, 51.5158402 ], [ -0.3627071, 51.5158578 ], [ -0.3627185, 51.5153065 ] ] ] } },
{ "type": "Feature", "properties": { "id": "221650669", "name": "Perivale West allotments" }, "geometry": { "type": "Polygon", "coordinates": [ [ [ -0.3322775, 51.5319961 ], [ -0.3322912, 51.5318931 ], [ -0.3325806, 51.531901 ], [ -0.3325818, 51.5315524 ], [ -0.332425, 51.5312136 ], [ -0.3316874, 51.5314054 ], [ -0.331666, 51.531639 ], [ -0.3314975, 51.531634499999988 ], [ -0.3314734, 51.5319632 ], [ -0.3322775, 51.5319961 ] ] ] } },
{ "type": "Feature", "properties": { "id": "222635611", "name": null }, "geometry": { "type": "Polygon", "coordinates": [ [ [ -0.3681669, 51.5358051 ], [ -0.3681814, 51.5355021 ], [ -0.3661119, 51.5354529 ], [ -0.3661173, 51.5356404 ], [ -0.3665733, 51.5356498 ], [ -0.3665776, 51.5357861 ], [ -0.3681669, 51.5358051 ] ] ] } },
{ "type": "Feature", "properties": { "id": "223330999", "name": "Rushdene Crescent West allotments" }, "geometry": { "type": "Polygon", "coordinates": [ [ [ -0.400578, 51.5343016 ], [ -0.4005714, 51.5342736 ], [ -0.4005227, 51.534068 ], [ -0.3999343, 51.5341731 ], [ -0.3999933, 51.534363299999988 ], [ -0.400578, 51.5343016 ] ] ] } },
{ "type": "Feature", "properties": { "id": "223331000", "name": "Rushdene Crescent East allotments" }, "geometry": { "type": "Polygon", "coordinates": [ [ [ -0.3995669, 51.5344317 ], [ -0.3995159, 51.5342499 ], [ -0.399009, 51.5343266 ], [ -0.3990519, 51.5344785 ], [ -0.3995407, 51.5344341 ], [ -0.3995669, 51.5344317 ] ] ] } },
{ "type": "Feature", "properties": { "id": "224512153", "name": "St Anne's Gardens allotments" }, "geometry": { "type": "Polygon", "coordinates": [ [ [ -0.2916746, 51.5319063 ], [ -0.2919884, 51.5317311 ], [ -0.2920796, 51.531631 ], [ -0.2921114, 51.5315107 ], [ -0.2913179, 51.531601 ], [ -0.2916746, 51.5319063 ] ] ] } },
{ "type": "Feature", "properties": { "id": "224649664", "name": "Wards Road North Allotments" }, "geometry": { "type": "Polygon", "coordinates": [ [ [ 0.0895326, 51.570475 ], [ 0.0897706, 51.5718892 ], [ 0.0893664, 51.5719166 ], [ 0.089106, 51.5704241 ], [ 0.0894988, 51.5704606 ], [ 0.0895326, 51.570475 ] ] ] } },
{ "type": "Feature", "properties": { "id": "225335787", "name": "Bridle Path Allotments" }, "geometry": { "type": "Polygon", "coordinates": [ [ [ 0.0565579, 51.5580988 ], [ 0.0566851, 51.5580455 ], [ 0.0568606, 51.5580246 ], [ 0.0570942, 51.5580931 ], [ 0.0569685, 51.5582033 ], [ 0.056953, 51.5582737 ], [ 0.0569971, 51.5584479 ], [ 0.0569634, 51.5586219 ], [ 0.0559674, 51.5592485 ], [ 0.0554556, 51.5593937 ], [ 0.0548106, 51.5595719 ], [ 0.0543064, 51.5597787 ], [ 0.0545528, 51.5594606 ], [ 0.0550619, 51.5590597 ], [ 0.0553506, 51.5588644 ], [ 0.055737, 51.558615 ], [ 0.0561066, 51.5583827 ], [ 0.0565579, 51.5580988 ] ] ] } },
{ "type": "Feature", "properties": { "id": "225335796", "name": null }, "geometry": { "type": "Polygon", "coordinates": [ [ [ 0.0447322, 51.5634759 ], [ 0.0446971, 51.5634338 ], [ 0.0450428, 51.5629841 ], [ 0.0452059, 51.5630353 ], [ 0.0452249, 51.5630719 ], [ 0.0452089, 51.5631302 ], [ 0.0451499, 51.563263 ], [ 0.045018, 51.5635013 ], [ 0.0449908, 51.5635144 ], [ 0.0447322, 51.5634759 ] ] ] } },
{ "type": "Feature", "properties": { "id": "225767438", "name": "Northolt Road Allotments" }, "geometry": { "type": "Polygon", "coordinates": [ [ [ -0.349624, 51.5665879 ], [ -0.350652, 51.5658248 ], [ -0.3500267, 51.5656753 ], [ -0.3491496, 51.5663224 ], [ -0.349624, 51.5665879 ] ] ] } },
{ "type": "Feature", "properties": { "id": "228370461", "name": "Longton Nursery Allotments" }, "geometry": { "type": "Polygon", "coordinates": [ [ [ -0.062315, 51.4298763 ], [ -0.0625085, 51.4298159 ], [ -0.062645, 51.4297297 ], [ -0.0628139, 51.4295677 ], [ -0.0630552, 51.4295268 ], [ -0.0630171, 51.4294245 ], [ -0.0629945, 51.4294094 ], [ -0.0626763, 51.429465 ], [ -0.0619187, 51.4295966 ], [ -0.0614347, 51.4296802 ], [ -0.0611473, 51.429709 ], [ -0.0607089, 51.4297469 ], [ -0.0606786, 51.4299433 ], [ -0.0609149, 51.429929099999988 ], [ -0.0609183, 51.4299471 ], [ -0.0613599, 51.4298768 ], [ -0.0614012, 51.4299119 ], [ -0.0613907, 51.4299471 ], [ -0.0612611, 51.4300078 ], [ -0.0610512, 51.4300571 ], [ -0.0610639, 51.4301065 ], [ -0.0612432, 51.4300752 ], [ -0.0615097, 51.430025699999987 ], [ -0.062315, 51.4298763 ] ] ] } },
{ "type": "Feature", "properties": { "id": "228370463", "name": "Taylors Lane Allotments" }, "geometry": { "type": "Polygon", "coordinates": [ [ [ -0.0659624, 51.4291075 ], [ -0.0658749, 51.4289082 ], [ -0.0658703, 51.4288978 ], [ -0.0657329, 51.4289192 ], [ -0.0656855, 51.4287994 ], [ -0.0658031, 51.4287807 ], [ -0.0658136, 51.428804 ], [ -0.0658475, 51.4287987 ], [ -0.0657875, 51.4286601 ], [ -0.0657253, 51.4286696 ], [ -0.0656956, 51.4286106 ], [ -0.0647486, 51.4287563 ], [ -0.0647392, 51.428733 ], [ -0.0645611, 51.4287604 ], [ -0.0646403, 51.4289609 ], [ -0.0647094, 51.4291424 ], [ -0.0647741, 51.4292807 ], [ -0.0650424, 51.429242400000014 ], [ -0.0659624, 51.4291075 ] ] ] } },
{ "type": "Feature", "properties": { "id": "228375457", "name": "Sydenham Park Allotments" }, "geometry": { "type": "Polygon", "coordinates": [ [ [ -0.0543732, 51.4333641 ], [ -0.0542009, 51.4330554 ], [ -0.0547093, 51.4329352 ], [ -0.0545341, 51.4326897 ], [ -0.054031, 51.4328344 ], [ -0.0538585, 51.4325985 ], [ -0.0537948, 51.4325026 ], [ -0.0534739, 51.4325816 ], [ -0.0537495, 51.4330951 ], [ -0.0537922, 51.4331794 ], [ -0.0538471, 51.433286 ], [ -0.0538791, 51.4333519 ], [ -0.0539707, 51.4334603 ], [ -0.0543732, 51.4333641 ] ] ] } },
{ "type": "Feature", "properties": { "id": "230059446", "name": "Long Meadows Allotment Society" }, "geometry": { "type": "Polygon", "coordinates": [ [ [ -0.0277467, 51.4399364 ], [ -0.0280331, 51.4385765 ], [ -0.0280599, 51.4385798 ], [ -0.0280948, 51.4384151 ], [ -0.0286903, 51.4384703 ], [ -0.0286943, 51.4384368 ], [ -0.0280774, 51.4383808 ], [ -0.0282427, 51.4374779 ], [ -0.0276162, 51.4375043 ], [ -0.0276043, 51.4375408 ], [ -0.0270087, 51.4393639 ], [ -0.0267006, 51.439314 ], [ -0.0264928, 51.4397249 ], [ -0.0266382, 51.4398469 ], [ -0.0269013, 51.4398906 ], [ -0.0272111, 51.4398779 ], [ -0.0277467, 51.4399364 ] ] ] } },
{ "type": "Feature", "properties": { "id": "230455782", "name": null }, "geometry": { "type": "Polygon", "coordinates": [ [ [ -0.2442112, 51.4363049 ], [ -0.2445412, 51.4361312 ], [ -0.2447931, 51.4358847 ], [ -0.2451112, 51.4359701 ], [ -0.245606, 51.4361766 ], [ -0.2458247, 51.4362937 ], [ -0.2459948, 51.4362235 ], [ -0.2450736, 51.4351851 ], [ -0.2449212, 51.4352677 ], [ -0.2436665, 51.4359073 ], [ -0.2442112, 51.4363049 ] ] ] } },
{ "type": "Feature", "properties": { "id": "234930895", "name": null }, "geometry": { "type": "Polygon", "coordinates": [ [ [ -0.013945, 51.5566967 ], [ -0.0133577, 51.5565362 ], [ -0.013322, 51.5565432 ], [ -0.0132575, 51.5565819 ], [ -0.0131885, 51.5565622 ], [ -0.0131377, 51.5565565 ], [ -0.0130109, 51.5565625 ], [ -0.0124461, 51.5568031 ], [ -0.0126065, 51.5569473 ], [ -0.0122877, 51.5570841 ], [ -0.0123377, 51.5571285 ], [ -0.0125187, 51.5571458 ], [ -0.0127911, 51.5571606 ], [ -0.0128189, 51.5571596 ], [ -0.013062, 51.5571511 ], [ -0.0132141, 51.5570971 ], [ -0.0134179, 51.5570177 ], [ -0.0136081, 51.5569315 ], [ -0.0137983, 51.5568201 ], [ -0.013945, 51.5566967 ] ] ] } },
{ "type": "Feature", "properties": { "id": "237456928", "name": "Rush Green Allotments & Gardens Association" }, "geometry": { "type": "Polygon", "coordinates": [ [ [ 0.1718912, 51.5674528 ], [ 0.1710647, 51.5674352 ], [ 0.1707022, 51.5671243 ], [ 0.1705219, 51.5666868 ], [ 0.1705123, 51.5660405 ], [ 0.1715816, 51.5660766 ], [ 0.171566, 51.5668032 ], [ 0.1718912, 51.5674528 ] ] ] } },
{ "type": "Feature", "properties": { "id": "241232252", "name": null }, "geometry": { "type": "Polygon", "coordinates": [ [ [ 0.0944656, 51.4316689 ], [ 0.0944265, 51.4319767 ], [ 0.0942006, 51.4322394 ], [ 0.0935991, 51.4323886 ], [ 0.0931349, 51.4323828 ], [ 0.0931405, 51.4323216 ], [ 0.0931244, 51.4322208 ], [ 0.0931571, 51.4316507 ], [ 0.0944656, 51.4316689 ] ] ] } },
{ "type": "Feature", "properties": { "id": "241232256", "name": null }, "geometry": { "type": "Polygon", "coordinates": [ [ [ 0.0917207, 51.4312085 ], [ 0.0930279, 51.4311625 ], [ 0.0929592, 51.4318749 ], [ 0.0925603, 51.4318242 ], [ 0.0920643, 51.4318163 ], [ 0.0917207, 51.4312085 ] ] ] } },
{ "type": "Feature", "properties": { "id": "243413052", "name": "Barriedale Allotments" }, "geometry": { "type": "Polygon", "coordinates": [ [ [ -0.0377092, 51.4698894 ], [ -0.0374498, 51.468838 ], [ -0.0370918, 51.4688617 ], [ -0.0371431, 51.4696689 ], [ -0.0369497, 51.4704206 ], [ -0.0369331, 51.4708273 ], [ -0.0371397, 51.4712544 ], [ -0.0373201, 51.4712158 ], [ -0.037225, 51.4710227 ], [ -0.0372404, 51.4706268 ], [ -0.0375401, 51.4705383 ], [ -0.0375333, 51.4704917 ], [ -0.0378308, 51.4704653 ], [ -0.0377092, 51.4698894 ] ] ] } },
{ "type": "Feature", "properties": { "id": "255199192", "name": "Oakhall Allotments" }, "geometry": { "type": "Polygon", "coordinates": [ [ [ -0.4250245, 51.4300659 ], [ -0.4237224, 51.4300149 ], [ -0.4235882, 51.4300919 ], [ -0.4235692, 51.4303534 ], [ -0.4235325, 51.4309233 ], [ -0.4241231, 51.4309651 ], [ -0.4249789, 51.4308836 ], [ -0.4250245, 51.4300659 ] ] ] } },
{ "type": "Feature", "properties": { "id": "256177769", "name": null }, "geometry": { "type": "Polygon", "coordinates": [ [ [ 0.1498652, 51.4798903 ], [ 0.1501742, 51.4799764 ], [ 0.1501061, 51.4800894 ], [ 0.1528752, 51.4805627 ], [ 0.1538244, 51.4806752 ], [ 0.1537657, 51.4809068 ], [ 0.1536423, 51.4811574 ], [ 0.1498394, 51.4804643 ], [ 0.1498497, 51.48045 ], [ 0.1499553, 51.4803035 ], [ 0.1499382, 51.4803013 ], [ 0.1496871, 51.4802715 ], [ 0.1498652, 51.4798903 ] ] ] } },
{ "type": "Feature", "properties": { "id": "259570529", "name": null }, "geometry": { "type": "Polygon", "coordinates": [ [ [ -0.0653139, 51.5121446 ], [ -0.0649955, 51.5121654 ], [ -0.0650379, 51.5124164 ], [ -0.0653563, 51.5123955 ], [ -0.0653139, 51.5121446 ] ] ] } },
{ "type": "Feature", "properties": { "id": "259578465", "name": "Rope Walk Gardens" }, "geometry": { "type": "Polygon", "coordinates": [ [ [ -0.0635489, 51.5122549 ], [ -0.0635444, 51.5122457 ], [ -0.0634582, 51.5122469 ], [ -0.0634424, 51.5122467 ], [ -0.0634432, 51.5123014 ], [ -0.0634365, 51.5123932 ], [ -0.0634386, 51.5124252 ], [ -0.0635531, 51.5124239 ], [ -0.0635489, 51.5122549 ] ] ] } },
{ "type": "Feature", "properties": { "id": "262749051", "name": null }, "geometry": { "type": "Polygon", "coordinates": [ [ [ 0.1040965, 51.4821282 ], [ 0.1044927, 51.4821174 ], [ 0.1054473, 51.4820794 ], [ 0.1055947, 51.4828011 ], [ 0.1058105, 51.4832421 ], [ 0.1061086, 51.4836239 ], [ 0.1062745, 51.4838363 ], [ 0.1053136, 51.4841625 ], [ 0.1040965, 51.4821282 ] ] ] } },
{ "type": "Feature", "properties": { "id": "265619341", "name": null }, "geometry": { "type": "Polygon", "coordinates": [ [ [ 0.0474457, 51.4307795 ], [ 0.0467054, 51.4307461 ], [ 0.0467107, 51.4306959 ], [ 0.0463674, 51.4306859 ], [ 0.0463513, 51.430532 ], [ 0.0456164, 51.4304952 ], [ 0.0456539, 51.4301775 ], [ 0.0472257, 51.4297561 ], [ 0.0474457, 51.4307795 ] ] ] } },
{ "type": "Feature", "properties": { "id": "267951950", "name": "Bromley Common Allotments - Turpington Lane Site" }, "geometry": { "type": "Polygon", "coordinates": [ [ [ 0.0420949, 51.3868867 ], [ 0.0419978, 51.3876805 ], [ 0.0419913, 51.3877088 ], [ 0.0419618, 51.3877757 ], [ 0.0419538, 51.3878535 ], [ 0.041942, 51.3880131 ], [ 0.0402385, 51.3878749 ], [ 0.0403588, 51.38681 ], [ 0.0420949, 51.3868867 ] ] ] } },
{ "type": "Feature", "properties": { "id": "268023861", "name": "Faggs Road Allotments" }, "geometry": { "type": "Polygon", "coordinates": [ [ [ -0.4124885, 51.4642378 ], [ -0.4147345, 51.4631661 ], [ -0.4148868, 51.463034 ], [ -0.4149653, 51.4629347 ], [ -0.4149739, 51.4628473 ], [ -0.4149038, 51.4626476 ], [ -0.4148917, 51.4626131 ], [ -0.4147178, 51.4624083 ], [ -0.4139442, 51.4627172 ], [ -0.4136286, 51.4628432 ], [ -0.4128693, 51.4631457 ], [ -0.4114504, 51.463788799999989 ], [ -0.4119381, 51.4639973 ], [ -0.4124885, 51.4642378 ] ] ] } },
{ "type": "Feature", "properties": { "id": "279613383", "name": "Mannock Road Allotments" }, "geometry": { "type": "Polygon", "coordinates": [ [ [ -0.100304, 51.5919741 ], [ -0.1004006, 51.5918874 ], [ -0.1004052, 51.591874399999988 ], [ -0.100357, 51.5918485 ], [ -0.1003311, 51.5918352 ], [ -0.1003367, 51.5918086 ], [ -0.0973986, 51.5905452 ], [ -0.0971606, 51.5905445 ], [ -0.0969393, 51.5905454 ], [ -0.0972507, 51.5906776 ], [ -0.0972954, 51.5906966 ], [ -0.0981738, 51.5910696 ], [ -0.0982369, 51.5910963 ], [ -0.0982944, 51.5911208 ], [ -0.0982991, 51.5911228 ], [ -0.0990081, 51.5914238 ], [ -0.1002704, 51.5919598 ], [ -0.100304, 51.5919741 ] ] ] } },
{ "type": "Feature", "properties": { "id": "284138758", "name": "Mill Road Allotments" }, "geometry": { "type": "Polygon", "coordinates": [ [ [ -0.3550984, 51.4440154 ], [ -0.3551341, 51.4440337 ], [ -0.3551741, 51.4440114 ], [ -0.355275, 51.4439623 ], [ -0.3556362, 51.4438141 ], [ -0.3559, 51.4437082 ], [ -0.3561886, 51.4435845 ], [ -0.3563032, 51.4435317 ], [ -0.3565888, 51.4434359 ], [ -0.3568874, 51.4433271 ], [ -0.3571418, 51.4432268 ], [ -0.357114, 51.4432114 ], [ -0.3568534, 51.4430671 ], [ -0.3566313, 51.4429273 ], [ -0.3565891, 51.4429453 ], [ -0.3563847, 51.4430547 ], [ -0.3562675, 51.4431142 ], [ -0.3561398, 51.4431968 ], [ -0.3560267, 51.4432706 ], [ -0.3559459, 51.443323299999989 ], [ -0.3557062, 51.443505 ], [ -0.3556155, 51.4436132 ], [ -0.3555011, 51.4436976 ], [ -0.355314, 51.4438231 ], [ -0.355183, 51.443918599999989 ], [ -0.3551163, 51.4439865 ], [ -0.3550984, 51.4440154 ] ] ] } },
{ "type": "Feature", "properties": { "id": "289243214", "name": null }, "geometry": { "type": "Polygon", "coordinates": [ [ [ -0.2695553, 51.5004072 ], [ -0.2694078, 51.5003229 ], [ -0.2698906, 51.4999748 ], [ -0.2698168, 51.4999289 ], [ -0.2693152, 51.500287899999989 ], [ -0.2691838, 51.5004072 ], [ -0.2693944, 51.5005024 ], [ -0.2695553, 51.5004072 ] ] ] } },
{ "type": "Feature", "properties": { "id": "289562587", "name": "Tolworth Main Allotments" }, "geometry": { "type": "Polygon", "coordinates": [ [ [ -0.2843306, 51.3860928 ], [ -0.2867609, 51.3850096 ], [ -0.2860362, 51.3839017 ], [ -0.2859836, 51.3838435 ], [ -0.2858626, 51.3838867 ], [ -0.285354, 51.3840848 ], [ -0.2832228, 51.384993 ], [ -0.2830752, 51.385075 ], [ -0.2832039, 51.3851939 ], [ -0.2829518, 51.3853211 ], [ -0.2841051, 51.3863991 ], [ -0.2844923, 51.3862332 ], [ -0.2843306, 51.3860928 ] ] ] } },
{ "type": "Feature", "properties": { "id": "291469081", "name": "St John community garden" }, "geometry": { "type": "Polygon", "coordinates": [ [ [ -0.08091, 51.4112528 ], [ -0.0804081, 51.4111067 ], [ -0.0802165, 51.4112946 ], [ -0.0807214, 51.4114976 ], [ -0.08091, 51.4112528 ] ] ] } },
{ "type": "Feature", "properties": { "id": "293671919", "name": "Edible garden" }, "geometry": { "type": "Polygon", "coordinates": [ [ [ -0.082905, 51.4161564 ], [ -0.0828794, 51.4161671 ], [ -0.0828775, 51.4161961 ], [ -0.0828922, 51.4163243 ], [ -0.0830086, 51.4163252 ], [ -0.0831121, 51.4162284 ], [ -0.082905, 51.4161564 ] ] ] } },
{ "type": "Feature", "properties": { "id": "293671922", "name": "Tipsy Garden" }, "geometry": { "type": "Polygon", "coordinates": [ [ [ -0.078344, 51.4197534 ], [ -0.0784343, 51.4196782 ], [ -0.0783296, 51.4196251 ], [ -0.0783024, 51.4197384 ], [ -0.078344, 51.4197534 ] ] ] } },
{ "type": "Feature", "properties": { "id": "298785056", "name": "Whites Grounds Community Garden" }, "geometry": { "type": "Polygon", "coordinates": [ [ [ -0.080723, 51.5016444 ], [ -0.080751, 51.5015563 ], [ -0.0806275, 51.5015411 ], [ -0.0805994, 51.5016291 ], [ -0.080723, 51.5016444 ] ] ] } },
{ "type": "Feature", "properties": { "id": "305476558", "name": "Archibald Road Allotment" }, "geometry": { "type": "Polygon", "coordinates": [ [ [ 0.2376665, 51.5929219 ], [ 0.237298, 51.5927954 ], [ 0.2373298, 51.592754 ], [ 0.2370015, 51.5926497 ], [ 0.2374358, 51.592121299999988 ], [ 0.2381252, 51.5923382 ], [ 0.2378227, 51.5927417 ], [ 0.2376665, 51.5929219 ] ] ] } },
{ "type": "Feature", "properties": { "id": "305476632", "name": null }, "geometry": { "type": "Polygon", "coordinates": [ [ [ 0.2396736, 51.5981473 ], [ 0.2393388, 51.5982646 ], [ 0.2382574, 51.5985365 ], [ 0.2376909, 51.5987978 ], [ 0.2370987, 51.5986058 ], [ 0.2374477, 51.5984064 ], [ 0.2377324, 51.5983018 ], [ 0.2388736, 51.5975225 ], [ 0.2392024, 51.5977191 ], [ 0.2391611, 51.5977529 ], [ 0.239194, 51.5977671 ], [ 0.2392325, 51.5977832 ], [ 0.2396736, 51.5981473 ] ] ] } },
{ "type": "Feature", "properties": { "id": "311644383", "name": null }, "geometry": { "type": "Polygon", "coordinates": [ [ [ 0.1335397, 51.4904356 ], [ 0.1335389, 51.4904044 ], [ 0.1335699, 51.4903755 ], [ 0.1336319, 51.4903542 ], [ 0.1341527, 51.4902153 ], [ 0.1345095, 51.4901322 ], [ 0.1345895, 51.4903442 ], [ 0.1341109, 51.4903996 ], [ 0.1337714, 51.4904353 ], [ 0.1335628, 51.4904488 ], [ 0.1335397, 51.4904356 ] ] ] } },
{ "type": "Feature", "properties": { "id": "311644389", "name": null }, "geometry": { "type": "Polygon", "coordinates": [ [ [ 0.133226, 51.4900901 ], [ 0.1333989, 51.4902885 ], [ 0.1331944, 51.49036 ], [ 0.132974, 51.490419 ], [ 0.1322226, 51.4903522 ], [ 0.133226, 51.4900901 ] ] ] } },
{ "type": "Feature", "properties": { "id": "317354920", "name": null }, "geometry": { "type": "Polygon", "coordinates": [ [ [ -0.1933434, 51.4396538 ], [ -0.1930111, 51.4390308 ], [ -0.1921578, 51.4392084 ], [ -0.1923299, 51.4392998 ], [ -0.1925667, 51.4394032 ], [ -0.1927104, 51.4394693 ], [ -0.192767, 51.4394964 ], [ -0.1928189, 51.4395321 ], [ -0.1931154, 51.4397216 ], [ -0.193303, 51.4396658 ], [ -0.1933652, 51.4396955 ], [ -0.1933434, 51.4396538 ] ] ] } },
{ "type": "Feature", "properties": { "id": "323443477", "name": null }, "geometry": { "type": "Polygon", "coordinates": [ [ [ -0.259148, 51.4595729 ], [ -0.2591658, 51.4595063 ], [ -0.2591455, 51.4595029 ], [ -0.2591927, 51.459159 ], [ -0.2590525, 51.4591302 ], [ -0.2590334, 51.4591263 ], [ -0.2586487, 51.4590474 ], [ -0.2580731, 51.4589293 ], [ -0.2584447, 51.459388 ], [ -0.259148, 51.4595729 ] ] ] } },
{ "type": "Feature", "properties": { "id": "326239248", "name": null }, "geometry": { "type": "Polygon", "coordinates": [ [ [ 0.190659, 51.5407787 ], [ 0.1908247, 51.541087 ], [ 0.1906031, 51.5411821 ], [ 0.1899969, 51.5404677 ], [ 0.1904358, 51.5404003 ], [ 0.1906561, 51.540401599999988 ], [ 0.1906562, 51.5404157 ], [ 0.190659, 51.5407787 ] ] ] } },
{ "type": "Feature", "properties": { "id": "328577637", "name": "Morden Lane Allotments Site" }, "geometry": { "type": "Polygon", "coordinates": [ [ [ -0.23434, 51.39382 ], [ -0.2340801, 51.3934348 ], [ -0.2338555, 51.3934808 ], [ -0.2336935, 51.3932128 ], [ -0.2326874, 51.3932215 ], [ -0.2332617, 51.3940298 ], [ -0.23434, 51.39382 ] ] ] } },
{ "type": "Feature", "properties": { "id": "334768859", "name": null }, "geometry": { "type": "Polygon", "coordinates": [ [ [ -0.1876509, 51.6565009 ], [ -0.1876606, 51.6562019 ], [ -0.1865924, 51.6562361 ], [ -0.1865992, 51.6565231 ], [ -0.1876509, 51.6565009 ] ] ] } },
{ "type": "Feature", "properties": { "id": "350664632", "name": "Old Farm Avenue Allotments" }, "geometry": { "type": "Polygon", "coordinates": [ [ [ 0.0881331, 51.4365811 ], [ 0.0875281, 51.4366621 ], [ 0.0872128, 51.4367043 ], [ 0.0855579, 51.4369496 ], [ 0.0851007, 51.4370065 ], [ 0.0847448, 51.4370507 ], [ 0.0846346, 51.4370665 ], [ 0.0851271, 51.437421 ], [ 0.0850859, 51.4374283 ], [ 0.0850026, 51.4374407 ], [ 0.0849321, 51.4374512 ], [ 0.0849057, 51.4374551 ], [ 0.0848621, 51.437459200000013 ], [ 0.0843914, 51.4371044 ], [ 0.0843512, 51.4371161 ], [ 0.0840611, 51.4371874 ], [ 0.0834567, 51.437327 ], [ 0.0831598, 51.4373957 ], [ 0.0828583, 51.4374538 ], [ 0.0825879, 51.4373829 ], [ 0.0822556, 51.4372746 ], [ 0.0819473, 51.4371672 ], [ 0.0817291, 51.4371054 ], [ 0.0815094, 51.4370319 ], [ 0.0809726, 51.436864 ], [ 0.0818279, 51.4367546 ], [ 0.0827821, 51.4366424 ], [ 0.0836364, 51.4365368 ], [ 0.0838719, 51.4365028 ], [ 0.0843222, 51.4364423 ], [ 0.0852684, 51.4363205 ], [ 0.0856049, 51.4362772 ], [ 0.0861212, 51.4362085 ], [ 0.0876148, 51.43601 ], [ 0.0883008, 51.4359188 ], [ 0.0883924, 51.436267699999988 ], [ 0.0882872, 51.4362791 ], [ 0.0882024, 51.4362883 ], [ 0.0881528, 51.4362936 ], [ 0.0880898, 51.4363005 ], [ 0.0880654, 51.4363031 ], [ 0.088077, 51.4363507 ], [ 0.0881227, 51.4365385 ], [ 0.0881331, 51.4365811 ] ] ] } },
{ "type": "Feature", "properties": { "id": "353168401", "name": null }, "geometry": { "type": "Polygon", "coordinates": [ [ [ 0.1558499, 51.5928883 ], [ 0.1552619, 51.5928908 ], [ 0.1552619, 51.5930324 ], [ 0.1552442, 51.5938911 ], [ 0.1534604, 51.5939052 ], [ 0.1532442, 51.593589 ], [ 0.152835, 51.592939 ], [ 0.1529176, 51.5925113 ], [ 0.1538765, 51.5925309 ], [ 0.1559817, 51.5925806 ], [ 0.1558499, 51.5928883 ] ] ] } },
{ "type": "Feature", "properties": { "id": "372324163", "name": "Townmead Road Allotments" }, "geometry": { "type": "Polygon", "coordinates": [ [ [ -0.2735105, 51.4746654 ], [ -0.2739855, 51.4752433 ], [ -0.2743244, 51.4751313 ], [ -0.2739142, 51.4745256 ], [ -0.2738971, 51.4745087 ], [ -0.2738887, 51.4744984 ], [ -0.2735105, 51.4746654 ] ] ] } },
{ "type": "Feature", "properties": { "id": "372329954", "name": "Short Lots Allotments" }, "geometry": { "type": "Polygon", "coordinates": [ [ [ -0.2818519, 51.483854 ], [ -0.2817452, 51.4839094 ], [ -0.2813324, 51.4841211 ], [ -0.2832248, 51.4849094 ], [ -0.2833514, 51.4846969 ], [ -0.2833652, 51.4846716 ], [ -0.2833738, 51.4846557 ], [ -0.2818519, 51.483854 ] ] ] } },
{ "type": "Feature", "properties": { "id": "386103988", "name": null }, "geometry": { "type": "Polygon", "coordinates": [ [ [ 0.0225832, 51.4531227 ], [ 0.0232967, 51.4515933 ], [ 0.0235756, 51.4515215 ], [ 0.0245225, 51.4528519 ], [ 0.0225832, 51.4531227 ] ] ] } },
{ "type": "Feature", "properties": { "id": "391050481", "name": null }, "geometry": { "type": "Polygon", "coordinates": [ [ [ -0.1109865, 51.6562822 ], [ -0.110663, 51.6558973 ], [ -0.1106184, 51.6558442 ], [ -0.1102417, 51.6553959 ], [ -0.1086426, 51.655783 ], [ -0.1089082, 51.6564642 ], [ -0.1090751, 51.6567492 ], [ -0.1109865, 51.6562822 ] ] ] } },
{ "type": "Feature", "properties": { "id": "397351814", "name": "Trewsbury Road Allotments" }, "geometry": { "type": "Polygon", "coordinates": [ [ [ -0.049597, 51.423875699999989 ], [ -0.0495648, 51.4229555 ], [ -0.048549, 51.422973399999989 ], [ -0.0485463, 51.4228827 ], [ -0.0484584, 51.4228835 ], [ -0.0484027, 51.4240548 ], [ -0.0481874, 51.4240534 ], [ -0.0481767, 51.4242199 ], [ -0.0487575, 51.4241647 ], [ -0.0487575, 51.4239724 ], [ -0.0493511, 51.4239158 ], [ -0.049597, 51.423875699999989 ] ] ] } },
{ "type": "Feature", "properties": { "id": "398022033", "name": "Horn Park Allotments" }, "geometry": { "type": "Polygon", "coordinates": [ [ [ 0.0250924, 51.4436566 ], [ 0.025124, 51.4436383 ], [ 0.0254893, 51.4434259 ], [ 0.0266016, 51.4432532 ], [ 0.0269026, 51.4432065 ], [ 0.0269538, 51.4431985 ], [ 0.0270096, 51.4432993 ], [ 0.0270844, 51.4434346 ], [ 0.0272757, 51.4437803 ], [ 0.0256423, 51.4440523 ], [ 0.025599, 51.4440244 ], [ 0.0255558, 51.4439867 ], [ 0.0254808, 51.4439369 ], [ 0.025303, 51.4438159 ], [ 0.0251903, 51.4437307 ], [ 0.0250924, 51.4436566 ] ] ] } },
{ "type": "Feature", "properties": { "id": "404556730", "name": "Coldharbour Allotments" }, "geometry": { "type": "Polygon", "coordinates": [ [ [ 0.0604918, 51.4293739 ], [ 0.0605849, 51.4292752 ], [ 0.0609283, 51.4289832 ], [ 0.0609464, 51.4289678 ], [ 0.0609601, 51.4289561 ], [ 0.0614011, 51.428581199999989 ], [ 0.0616532, 51.4286933 ], [ 0.0618659, 51.4287743 ], [ 0.0620644, 51.4288278 ], [ 0.0623755, 51.4288796 ], [ 0.0625678, 51.428904 ], [ 0.0625261, 51.4292589 ], [ 0.0624692, 51.4292758 ], [ 0.0624626, 51.4293152 ], [ 0.0625148, 51.4293323 ], [ 0.0624484, 51.429868899999988 ], [ 0.0605235, 51.429538799999989 ], [ 0.0604918, 51.4293739 ] ] ] } },
{ "type": "Feature", "properties": { "id": "404571029", "name": null }, "geometry": { "type": "Polygon", "coordinates": [ [ [ 0.0916433, 51.4773207 ], [ 0.0924775, 51.4773123 ], [ 0.0925204, 51.477456 ], [ 0.0917935, 51.4776114 ], [ 0.0916889, 51.477461 ], [ 0.0916433, 51.4773207 ] ] ] } },
{ "type": "Feature", "properties": { "id": "427514158", "name": null }, "geometry": { "type": "Polygon", "coordinates": [ [ [ 0.1135696, 51.4171633 ], [ 0.1136894, 51.4171203 ], [ 0.1149082, 51.4166827 ], [ 0.114997, 51.4167736 ], [ 0.1150318, 51.416809199999989 ], [ 0.1150729, 51.416851 ], [ 0.1151042, 51.4168834 ], [ 0.1151374, 51.4169167 ], [ 0.1151779, 51.416958 ], [ 0.1152175, 51.4169983 ], [ 0.1152581, 51.417039699999989 ], [ 0.1152973, 51.4170796 ], [ 0.1153315, 51.4171146 ], [ 0.115246, 51.417141199999989 ], [ 0.1151885, 51.417159 ], [ 0.1151324, 51.4171765 ], [ 0.1150777, 51.4171935 ], [ 0.1150277, 51.417209 ], [ 0.114952, 51.4172325 ], [ 0.1148871, 51.4172527 ], [ 0.1147941, 51.4172816 ], [ 0.1147255, 51.4173029 ], [ 0.1146175, 51.4173281 ], [ 0.1145619, 51.4173411 ], [ 0.1145505, 51.4173448 ], [ 0.1144916, 51.4173638 ], [ 0.1144327, 51.4173828 ], [ 0.1143764, 51.4174009 ], [ 0.1143168, 51.4174202 ], [ 0.1142653, 51.4174368 ], [ 0.1142149, 51.4174531 ], [ 0.1141557, 51.4174722 ], [ 0.1140899, 51.4174934 ], [ 0.1140199, 51.417516 ], [ 0.1138807, 51.4175609 ], [ 0.1137085, 51.4173392 ], [ 0.1136182, 51.417223 ], [ 0.1135696, 51.4171633 ] ] ] } },
{ "type": "Feature", "properties": { "id": "435924645", "name": "Blythe Hill Allotments" }, "geometry": { "type": "Polygon", "coordinates": [ [ [ -0.0351438, 51.445524 ], [ -0.0351514, 51.4455428 ], [ -0.0355146, 51.4455427 ], [ -0.0356347, 51.445527 ], [ -0.0359546, 51.4454683 ], [ -0.0361013, 51.4454542 ], [ -0.0361785, 51.4454685 ], [ -0.0361878, 51.445481099999988 ], [ -0.0364104, 51.4454472 ], [ -0.0362844, 51.4451538 ], [ -0.0353885, 51.4453097 ], [ -0.0353927, 51.4453175 ], [ -0.0354084, 51.4453137 ], [ -0.0354717, 51.4454651 ], [ -0.0351438, 51.445524 ] ] ] } },
{ "type": "Feature", "properties": { "id": "459183377", "name": null }, "geometry": { "type": "Polygon", "coordinates": [ [ [ -0.0995473, 51.6477172 ], [ -0.1002705, 51.6473026 ], [ -0.0995253, 51.6466367 ], [ -0.0988985, 51.6461063 ], [ -0.0979804, 51.6451728 ], [ -0.0974064, 51.645485 ], [ -0.0977773, 51.6457868 ], [ -0.0981689, 51.6461962 ], [ -0.0995473, 51.6477172 ] ] ] } },
{ "type": "Feature", "properties": { "id": "464571539", "name": "Pudding Mill Allotments" }, "geometry": { "type": "Polygon", "coordinates": [ [ [ -0.0093093, 51.5367158 ], [ -0.0109227, 51.5355705 ], [ -0.0098687, 51.535245 ], [ -0.0090996, 51.5360883 ], [ -0.009017, 51.5361922 ], [ -0.0090941, 51.5362576 ], [ -0.009054, 51.53628 ], [ -0.0090064, 51.5363066 ], [ -0.0089205, 51.5363299 ], [ -0.0093093, 51.5367158 ] ] ] } },
{ "type": "Feature", "properties": { "id": "471639333", "name": "Edward Street Allotment" }, "geometry": { "type": "Polygon", "coordinates": [ [ [ -0.0350444, 51.4790305 ], [ -0.0348916, 51.478823 ], [ -0.0347385, 51.4788668 ], [ -0.034846, 51.4790128 ], [ -0.0349023, 51.4790892 ], [ -0.0350561, 51.479048 ], [ -0.0350444, 51.4790305 ] ] ] } },
{ "type": "Feature", "properties": { "id": "472121748", "name": null }, "geometry": { "type": "Polygon", "coordinates": [ [ [ 0.0784303, 51.4118589 ], [ 0.0788434, 51.4115779 ], [ 0.0785081, 51.4113454 ], [ 0.0798653, 51.4106695 ], [ 0.0803883, 51.4111613 ], [ 0.080222, 51.4112216 ], [ 0.0806485, 51.4115729 ], [ 0.0792833, 51.4123491 ], [ 0.0784303, 51.4118589 ] ] ] } },
{ "type": "Feature", "properties": { "id": "497630680", "name": null }, "geometry": { "type": "Polygon", "coordinates": [ [ [ 0.2714643, 51.570191 ], [ 0.270971, 51.5702306 ], [ 0.2708626, 51.5697095 ], [ 0.2712748, 51.5696764 ], [ 0.2713154, 51.5698717 ], [ 0.2713966, 51.569865199999988 ], [ 0.2714643, 51.570191 ] ] ] } },
{ "type": "Feature", "properties": { "id": "501081362", "name": null }, "geometry": { "type": "Polygon", "coordinates": [ [ [ -0.0498405, 51.5104174 ], [ -0.0497931, 51.5101352 ], [ -0.0494638, 51.5101479 ], [ -0.0494999, 51.5104539 ], [ -0.0498405, 51.5104174 ] ] ] } },
{ "type": "Feature", "properties": { "id": "502320591", "name": null }, "geometry": { "type": "Polygon", "coordinates": [ [ [ -0.2084603, 51.3635548 ], [ -0.2074552, 51.3634598 ], [ -0.2072003, 51.3641979 ], [ -0.2069942, 51.364128699999988 ], [ -0.2068606, 51.3645069 ], [ -0.2071048, 51.3645183 ], [ -0.2072216, 51.3645404 ], [ -0.2080285, 51.3645757 ], [ -0.2081043, 51.3645812 ], [ -0.2081807, 51.3645868 ], [ -0.2084603, 51.3635548 ] ] ] } },
{ "type": "Feature", "properties": { "id": "502435046", "name": "Deloraine Street Allotments" }, "geometry": { "type": "Polygon", "coordinates": [ [ [ -0.0264632, 51.4727852 ], [ -0.0265358, 51.4729359 ], [ -0.0265855, 51.4729318 ], [ -0.0271115, 51.4726444 ], [ -0.0271824, 51.4726999 ], [ -0.0276778, 51.4724073 ], [ -0.0277193, 51.4724063 ], [ -0.0279325, 51.4725339 ], [ -0.0279515, 51.4725202 ], [ -0.0279953, 51.4724885 ], [ -0.0280395, 51.472488 ], [ -0.0283145, 51.4722664 ], [ -0.0278597, 51.471979 ], [ -0.0268926, 51.4725429 ], [ -0.0265936, 51.4727297 ], [ -0.0264632, 51.4727852 ] ] ] } },
{ "type": "Feature", "properties": { "id": "506953160", "name": "Phoenix School allotment" }, "geometry": { "type": "Polygon", "coordinates": [ [ [ -0.0278301, 51.5277413 ], [ -0.0277941, 51.5276822 ], [ -0.0273749, 51.5277812 ], [ -0.0274109, 51.5278403 ], [ -0.0278301, 51.5277413 ] ] ] } },
{ "type": "Feature", "properties": { "id": "509474412", "name": "Golf Course Allotments" }, "geometry": { "type": "Polygon", "coordinates": [ [ [ -0.1359263, 51.602818199999987 ], [ -0.1354394, 51.602945 ], [ -0.1354601, 51.6029851 ], [ -0.1355623, 51.6031593 ], [ -0.1356565, 51.6033326 ], [ -0.1353955, 51.603387 ], [ -0.1352475, 51.6034217 ], [ -0.1350566, 51.6034597 ], [ -0.1348278, 51.6035058 ], [ -0.1344695, 51.603576 ], [ -0.1341327, 51.6036246 ], [ -0.1336659, 51.6037057 ], [ -0.1332435, 51.6037686 ], [ -0.1335405, 51.604031 ], [ -0.133816, 51.6042718 ], [ -0.1342162, 51.604653 ], [ -0.1347184, 51.6050676 ], [ -0.134435, 51.6051841 ], [ -0.1342402, 51.6052656 ], [ -0.1343201, 51.6053271 ], [ -0.1343426, 51.6053505 ], [ -0.1348285, 51.6051555 ], [ -0.135036, 51.6053669 ], [ -0.135222, 51.6055221 ], [ -0.1352685, 51.6055739 ], [ -0.1360738, 51.605333099999989 ], [ -0.1368899, 51.6051122 ], [ -0.1369061, 51.604943299999988 ], [ -0.1368848, 51.6047578 ], [ -0.1368768, 51.6045607 ], [ -0.1368636, 51.6043768 ], [ -0.1368328, 51.6040489 ], [ -0.1367485, 51.6037568 ], [ -0.1366319, 51.603308 ], [ -0.1364832, 51.6029018 ], [ -0.1364078, 51.6027049 ], [ -0.1362991, 51.6027307 ], [ -0.1359263, 51.602818199999987 ] ] ] } },
{ "type": "Feature", "properties": { "id": "518737477", "name": "Bexley Allotments - Lesney Farm" }, "geometry": { "type": "Polygon", "coordinates": [ [ [ 0.175733, 51.4758135 ], [ 0.1741398, 51.4753397 ], [ 0.1740646, 51.4751836 ], [ 0.1738876, 51.4752154 ], [ 0.1736516, 51.4748094 ], [ 0.1737301, 51.4746184 ], [ 0.1743906, 51.4737329 ], [ 0.1748029, 51.4738667 ], [ 0.1748976, 51.4737648 ], [ 0.1756438, 51.4739966 ], [ 0.175863, 51.4740527 ], [ 0.1765712, 51.4740543 ], [ 0.1765689, 51.474089 ], [ 0.1765435, 51.4744465 ], [ 0.1766919, 51.4744778 ], [ 0.175733, 51.4758135 ] ] ] } },
{ "type": "Feature", "properties": { "id": "519963687", "name": null }, "geometry": { "type": "Polygon", "coordinates": [ [ [ -0.3907411, 51.6154724 ], [ -0.3906877, 51.6153696 ], [ -0.3900397, 51.6153724 ], [ -0.3890074, 51.6154823 ], [ -0.3891583, 51.6157496 ], [ -0.3895718, 51.6156573 ], [ -0.3895562, 51.6156288 ], [ -0.3896355, 51.6156123 ], [ -0.3895494, 51.6154317 ], [ -0.390265, 51.6153934 ], [ -0.3903584, 51.6155512 ], [ -0.3907411, 51.6154724 ] ] ] } },
{ "type": "Feature", "properties": { "id": "519963690", "name": null }, "geometry": { "type": "Polygon", "coordinates": [ [ [ -0.4249196, 51.6191357 ], [ -0.4252213, 51.6191007 ], [ -0.4244549, 51.6168782 ], [ -0.4238814, 51.6168529 ], [ -0.4243299, 51.617641 ], [ -0.4243469, 51.6177584 ], [ -0.4244301, 51.6178425 ], [ -0.4245038, 51.6181148 ], [ -0.4246286, 51.6183879 ], [ -0.4248203, 51.6187843 ], [ -0.4249196, 51.6191357 ] ] ] } },
{ "type": "Feature", "properties": { "id": "519963696", "name": "Rodney Gardens Allotments" }, "geometry": { "type": "Polygon", "coordinates": [ [ [ -0.3990628, 51.5888948 ], [ -0.3991952, 51.5889938 ], [ -0.399882, 51.5887681 ], [ -0.4003232, 51.5885974 ], [ -0.400761, 51.5883399 ], [ -0.4012519, 51.5881731 ], [ -0.4015455, 51.5879725 ], [ -0.4019649, 51.587971 ], [ -0.4019612, 51.5878078 ], [ -0.401557, 51.587849 ], [ -0.3990628, 51.5888948 ] ] ] } },
{ "type": "Feature", "properties": { "id": "520925915", "name": "Knoll Road Allotments" }, "geometry": { "type": "Polygon", "coordinates": [ [ [ 0.1141067, 51.4213532 ], [ 0.1147932, 51.4218773 ], [ 0.1144289, 51.4220608 ], [ 0.114583, 51.4222122 ], [ 0.1140617, 51.4224673 ], [ 0.1133454, 51.4228331 ], [ 0.1133058, 51.4227955 ], [ 0.1125692, 51.4220953 ], [ 0.1130933, 51.4217783 ], [ 0.1141067, 51.4213532 ] ] ] } },
{ "type": "Feature", "properties": { "id": "520928592", "name": null }, "geometry": { "type": "Polygon", "coordinates": [ [ [ 0.0254727, 51.45214 ], [ 0.0251615, 51.451672 ], [ 0.0249899, 51.4512574 ], [ 0.0253815, 51.4513711 ], [ 0.0262612, 51.4516151 ], [ 0.0259984, 51.4518525 ], [ 0.0255183, 51.452115 ], [ 0.0254727, 51.45214 ] ] ] } },
{ "type": "Feature", "properties": { "id": "546582054", "name": null }, "geometry": { "type": "Polygon", "coordinates": [ [ [ -0.0224824, 51.4787955 ], [ -0.0224965, 51.4788766 ], [ -0.0228499, 51.4788725 ], [ -0.0228373, 51.4787892 ], [ -0.0224824, 51.4787955 ] ] ] } },
{ "type": "Feature", "properties": { "id": "553454608", "name": null }, "geometry": { "type": "Polygon", "coordinates": [ [ [ -0.0070203, 51.3515095 ], [ -0.008464, 51.3520569 ], [ -0.0086013, 51.3518551 ], [ -0.008738, 51.3516869 ], [ -0.0089641, 51.3514474 ], [ -0.0090953, 51.3513218 ], [ -0.0095065, 51.3509358 ], [ -0.0089938, 51.3507027 ], [ -0.0085041, 51.3511407 ], [ -0.0077328, 51.3508287 ], [ -0.0070203, 51.3515095 ] ] ] } },
{ "type": "Feature", "properties": { "id": "555660860", "name": "Bexley Allotments - Ripley Road" }, "geometry": { "type": "Polygon", "coordinates": [ [ [ 0.1448098, 51.490241 ], [ 0.1438925, 51.4892456 ], [ 0.1439408, 51.4891955 ], [ 0.1446704, 51.4891755 ], [ 0.1447884, 51.4892356 ], [ 0.1448635, 51.4902276 ], [ 0.1448098, 51.490241 ] ] ] } },
{ "type": "Feature", "properties": { "id": "555986368", "name": null }, "geometry": { "type": "Polygon", "coordinates": [ [ [ 0.1713602, 51.590031 ], [ 0.1713339, 51.5900237 ], [ 0.1711874, 51.5899691 ], [ 0.171039, 51.5898668 ], [ 0.1709292, 51.5897594 ], [ 0.1716366, 51.5897127 ], [ 0.1716387, 51.5900651 ], [ 0.1713602, 51.590031 ] ] ] } },
{ "type": "Feature", "properties": { "id": "556389812", "name": "South End Green and Mansfield Allotments" }, "geometry": { "type": "Polygon", "coordinates": [ [ [ -0.1636532, 51.5560987 ], [ -0.1637347, 51.556113 ], [ -0.163544, 51.5557994 ], [ -0.1637113, 51.5557614 ], [ -0.1636597, 51.5556591 ], [ -0.1627014, 51.5558159 ], [ -0.1622227, 51.5558793 ], [ -0.1617848, 51.555920099999987 ], [ -0.1609084, 51.5559918 ], [ -0.1592125, 51.5561208 ], [ -0.1586822, 51.5561611 ], [ -0.1586887, 51.5562695 ], [ -0.1588129, 51.5562678 ], [ -0.1589372, 51.5562772 ], [ -0.1590188, 51.5562741 ], [ -0.1590979, 51.5562592 ], [ -0.1593042, 51.5562268 ], [ -0.1602855, 51.556189 ], [ -0.1613025, 51.5561647 ], [ -0.1617761, 51.5561786 ], [ -0.1622958, 51.5561665 ], [ -0.162731, 51.5561669 ], [ -0.1630126, 51.5561443 ], [ -0.163441, 51.5561149 ], [ -0.1636009, 51.5561027 ], [ -0.1636532, 51.5560987 ] ] ] } },
{ "type": "Feature", "properties": { "id": "557991197", "name": null }, "geometry": { "type": "Polygon", "coordinates": [ [ [ 0.1942358, 51.5430168 ], [ 0.1935477, 51.5426097 ], [ 0.192654, 51.5420847 ], [ 0.1930475, 51.5418055 ], [ 0.1937494, 51.5424782 ], [ 0.1938225, 51.5424413 ], [ 0.1942358, 51.5430168 ] ] ] } },
{ "type": "Feature", "properties": { "id": "599701141", "name": null }, "geometry": { "type": "Polygon", "coordinates": [ [ [ -0.1930806, 51.5855691 ], [ -0.1928416, 51.5853447 ], [ -0.1926433, 51.5854237 ], [ -0.1928238, 51.5856756 ], [ -0.1930806, 51.5855691 ] ] ] } },
{ "type": "Feature", "properties": { "id": "599701142", "name": null }, "geometry": { "type": "Polygon", "coordinates": [ [ [ -0.1920588, 51.5839814 ], [ -0.1919861, 51.5836446 ], [ -0.1916306, 51.5836666 ], [ -0.1916857, 51.5840011 ], [ -0.1920588, 51.5839814 ] ] ] } },
{ "type": "Feature", "properties": { "id": "616525589", "name": "Briar Road Allotments" }, "geometry": { "type": "Polygon", "coordinates": [ [ [ -0.3504557, 51.4459732 ], [ -0.3503903, 51.4459155 ], [ -0.3500709, 51.4460605 ], [ -0.3487202, 51.4449938 ], [ -0.3478499, 51.4452411 ], [ -0.3480215, 51.4453729 ], [ -0.3472298, 51.4455994 ], [ -0.3472013, 51.4455967 ], [ -0.3471722, 51.4455877 ], [ -0.3469258, 51.4453996 ], [ -0.3469111, 51.4454065 ], [ -0.3468995, 51.4454109 ], [ -0.3471888, 51.445637 ], [ -0.3481737, 51.4464065 ], [ -0.3482711, 51.4465018 ], [ -0.3483117, 51.4465389 ], [ -0.34871, 51.4463404 ], [ -0.3489842, 51.4462681 ], [ -0.3494516, 51.4462581 ], [ -0.3495797, 51.4462731 ], [ -0.3496809, 51.4462811 ], [ -0.3502561, 51.4462547 ], [ -0.3507131, 51.4461958 ], [ -0.3504557, 51.4459732 ] ] ] } },
{ "type": "Feature", "properties": { "id": "626617060", "name": null }, "geometry": { "type": "Polygon", "coordinates": [ [ [ 0.0651175, 51.417608 ], [ 0.0655174, 51.4172538 ], [ 0.0665794, 51.4168293 ], [ 0.0667103, 51.4168967 ], [ 0.065638, 51.4177966 ], [ 0.0651175, 51.417608 ] ] ] } },
{ "type": "Feature", "properties": { "id": "626630718", "name": null }, "geometry": { "type": "Polygon", "coordinates": [ [ [ 0.0752025, 51.4235788 ], [ 0.0754144, 51.4238999 ], [ 0.074945, 51.4240186 ], [ 0.074548, 51.4241625 ], [ 0.0741081, 51.4242695 ], [ 0.073628, 51.4243096 ], [ 0.0732874, 51.4242762 ], [ 0.0731935, 51.4242845 ], [ 0.0730939, 51.424304 ], [ 0.0730691, 51.4242496 ], [ 0.0726606, 51.4236362 ], [ 0.0734411, 51.4234316 ], [ 0.0738666, 51.4233201 ], [ 0.0742106, 51.4238001 ], [ 0.0742342, 51.423833 ], [ 0.0752025, 51.4235788 ] ] ] } },
{ "type": "Feature", "properties": { "id": "626630719", "name": null }, "geometry": { "type": "Polygon", "coordinates": [ [ [ 0.0699047, 51.4198118 ], [ 0.0699971, 51.4193584 ], [ 0.0716116, 51.4194083 ], [ 0.0716301, 51.419842599999988 ], [ 0.0699047, 51.4198118 ] ] ] } },
{ "type": "Feature", "properties": { "id": "629497455", "name": "Bromley Allotments Elmstead Lane" }, "geometry": { "type": "Polygon", "coordinates": [ [ [ 0.0524803, 51.4249309 ], [ 0.0539922, 51.4242255 ], [ 0.0540989, 51.4243658 ], [ 0.0542606, 51.4245253 ], [ 0.0543604, 51.4246252 ], [ 0.0545967, 51.4248153 ], [ 0.054626, 51.424836 ], [ 0.0545455, 51.4248777 ], [ 0.0531836, 51.4255064 ], [ 0.0524803, 51.4249309 ] ] ] } },
{ "type": "Feature", "properties": { "id": "641002423", "name": "Ive Farm Community Garden" }, "geometry": { "type": "Polygon", "coordinates": [ [ [ -0.0195084, 51.5628924 ], [ -0.0196385, 51.5628366 ], [ -0.0203246, 51.5625422 ], [ -0.0204181, 51.5623965 ], [ -0.0203467, 51.5623019 ], [ -0.0193304, 51.5627376 ], [ -0.0193831, 51.5627834 ], [ -0.0195084, 51.5628924 ] ] ] } },
{ "type": "Feature", "properties": { "id": "667704605", "name": "Newton Park Horticultural Society" }, "geometry": { "type": "Polygon", "coordinates": [ [ [ -0.3737406, 51.5695669 ], [ -0.3734281, 51.5690509 ], [ -0.3706179, 51.5690959 ], [ -0.3706746, 51.5692228 ], [ -0.3708127, 51.5692236 ], [ -0.3708425, 51.5695192 ], [ -0.3737406, 51.5695669 ] ] ] } },
{ "type": "Feature", "properties": { "id": "670671105", "name": "Woodyard Park" }, "geometry": { "type": "Polygon", "coordinates": [ [ [ -0.1477197, 51.5510308 ], [ -0.1475538, 51.5508565 ], [ -0.1474919, 51.550875 ], [ -0.1474972, 51.551106 ], [ -0.1475644, 51.551081 ], [ -0.1476879, 51.5510439 ], [ -0.1477197, 51.5510308 ] ] ] } },
{ "type": "Feature", "properties": { "id": "671852999", "name": null }, "geometry": { "type": "Polygon", "coordinates": [ [ [ -0.3572358, 51.5781495 ], [ -0.3588867, 51.5783211 ], [ -0.3582253, 51.5778404 ], [ -0.358126, 51.577768299999988 ], [ -0.3579691, 51.5778355 ], [ -0.3572358, 51.5781495 ] ] ] } },
{ "type": "Feature", "properties": { "id": "679215972", "name": null }, "geometry": { "type": "Polygon", "coordinates": [ [ [ -0.284087, 51.4988192 ], [ -0.2839341, 51.4986653 ], [ -0.2835451, 51.4988123 ], [ -0.2836951, 51.498968 ], [ -0.284087, 51.4988192 ] ] ] } },
{ "type": "Feature", "properties": { "id": "680583129", "name": "Gale Street Organic Gardeners' Association" }, "geometry": { "type": "Polygon", "coordinates": [ [ [ 0.1283486, 51.5402001 ], [ 0.1283662, 51.5396744 ], [ 0.1287456, 51.5396888 ], [ 0.1287405, 51.5398212 ], [ 0.129114, 51.5398344 ], [ 0.1291588, 51.5402461 ], [ 0.1283486, 51.5402001 ] ] ] } },
{ "type": "Feature", "properties": { "id": "685988359", "name": null }, "geometry": { "type": "Polygon", "coordinates": [ [ [ 0.1894898, 51.5628503 ], [ 0.1901031, 51.5630582 ], [ 0.1900632, 51.5631733 ], [ 0.1894579, 51.5631238 ], [ 0.1894898, 51.5628503 ] ] ] } },
{ "type": "Feature", "properties": { "id": "694981387", "name": "Gardening club" }, "geometry": { "type": "Polygon", "coordinates": [ [ [ 0.0235928, 51.3788603 ], [ 0.0235882, 51.3788118 ], [ 0.023727, 51.3788067 ], [ 0.0237316, 51.3788552 ], [ 0.0235928, 51.3788603 ] ] ] } },
{ "type": "Feature", "properties": { "id": "729225990", "name": null }, "geometry": { "type": "Polygon", "coordinates": [ [ [ -0.1916974, 51.5220361 ], [ -0.1910599, 51.5222189 ], [ -0.191199, 51.5224066 ], [ -0.1918364, 51.5222237 ], [ -0.1916974, 51.5220361 ] ] ] } },
{ "type": "Feature", "properties": { "id": "766018993", "name": null }, "geometry": { "type": "Polygon", "coordinates": [ [ [ -0.1890029, 51.4366617 ], [ -0.1890099, 51.4369312 ], [ -0.1894498, 51.4369789 ], [ -0.1895258, 51.4366687 ], [ -0.1896133, 51.4363499 ], [ -0.1897189, 51.4360362 ], [ -0.1899238, 51.4354432 ], [ -0.1899691, 51.435312 ], [ -0.1900553, 51.435063 ], [ -0.1901982, 51.4346501 ], [ -0.1894458, 51.4344559 ], [ -0.1892919, 51.4351379 ], [ -0.1888852, 51.4358541 ], [ -0.188871, 51.4359471 ], [ -0.1890029, 51.4366617 ] ] ] } },
{ "type": "Feature", "properties": { "id": "770016744", "name": null }, "geometry": { "type": "Polygon", "coordinates": [ [ [ -0.1240297, 51.477741099999989 ], [ -0.1239603, 51.4777419 ], [ -0.1238434, 51.4777448 ], [ -0.1238691, 51.4778335 ], [ -0.1240502, 51.4778211 ], [ -0.1240297, 51.477741099999989 ] ] ] } },
{ "type": "Feature", "properties": { "id": "791129218", "name": "Cultivating K&C" }, "geometry": { "type": "Polygon", "coordinates": [ [ [ -0.2096869, 51.4977316 ], [ -0.2093046, 51.4974215 ], [ -0.2087686, 51.4969869 ], [ -0.2086614, 51.4970371 ], [ -0.2094131, 51.4976552 ], [ -0.2095718, 51.4977857 ], [ -0.209598, 51.4977733 ], [ -0.2096312, 51.4977577 ], [ -0.2096869, 51.4977316 ] ] ] } },
{ "type": "Feature", "properties": { "id": "794425775", "name": null }, "geometry": { "type": "Polygon", "coordinates": [ [ [ -0.1339134, 51.5408331 ], [ -0.133362, 51.5408003 ], [ -0.1333388, 51.5409771 ], [ -0.1338462, 51.5410222 ], [ -0.1339134, 51.5408331 ] ] ] } },
{ "type": "Feature", "properties": { "id": "816342038", "name": "Sailor Prince Allotments Site" }, "geometry": { "type": "Polygon", "coordinates": [ [ [ -0.1909987, 51.4428128 ], [ -0.1908693, 51.4428112 ], [ -0.1906933, 51.4427963 ], [ -0.1905065, 51.4427748 ], [ -0.1904116, 51.4427651 ], [ -0.1903133, 51.4427407 ], [ -0.1902314, 51.442707 ], [ -0.1901542, 51.4426591 ], [ -0.1900821, 51.4426034 ], [ -0.1903014, 51.442811 ], [ -0.1907945, 51.4432776 ], [ -0.191069, 51.4431756 ], [ -0.1909305, 51.4429177 ], [ -0.1912346, 51.4428541 ], [ -0.1912224, 51.4428328 ], [ -0.1912129, 51.4428129 ], [ -0.1911647, 51.4428132 ], [ -0.1909987, 51.4428128 ] ] ] } },
{ "type": "Feature", "properties": { "id": "817866692", "name": "Aylmer Road Allotments" }, "geometry": { "type": "Polygon", "coordinates": [ [ [ -0.1611323, 51.5812566 ], [ -0.1611823, 51.5811839 ], [ -0.1603735, 51.580951 ], [ -0.1592847, 51.5806421 ], [ -0.1587596, 51.5804619 ], [ -0.1583351, 51.581013 ], [ -0.1586198, 51.5810276 ], [ -0.1599475, 51.5811466 ], [ -0.1602855, 51.5813998 ], [ -0.160412, 51.581344599999987 ], [ -0.1605215, 51.5813528 ], [ -0.1606133, 51.5813702 ], [ -0.1606777, 51.581385 ], [ -0.160774, 51.5812157 ], [ -0.1610508, 51.5812839 ], [ -0.1611323, 51.5812566 ] ] ] } },
{ "type": "Feature", "properties": { "id": "818055440", "name": null }, "geometry": { "type": "Polygon", "coordinates": [ [ [ -0.2517146, 51.4689589 ], [ -0.252718, 51.4686149 ], [ -0.2526218, 51.468506 ], [ -0.2516184, 51.46885 ], [ -0.2517146, 51.4689589 ] ] ] } },
{ "type": "Feature", "properties": { "id": "822896961", "name": null }, "geometry": { "type": "Polygon", "coordinates": [ [ [ 0.1323496, 51.4378219 ], [ 0.1323406, 51.437804 ], [ 0.1319877, 51.4371054 ], [ 0.1315792, 51.4367533 ], [ 0.1319301, 51.4366424 ], [ 0.1319147, 51.4364234 ], [ 0.1322536, 51.4364791 ], [ 0.1323122, 51.4366558 ], [ 0.1325123, 51.4367659 ], [ 0.1332175, 51.4372039 ], [ 0.1334071, 51.4373968 ], [ 0.1330343, 51.4375467 ], [ 0.1323496, 51.4378219 ] ] ] } },
{ "type": "Feature", "properties": { "id": "824525327", "name": "City Wood" }, "geometry": { "type": "Polygon", "coordinates": [ [ [ -0.0092737, 51.5176174 ], [ -0.0093189, 51.5175842 ], [ -0.0092362, 51.5172885 ], [ -0.0091981, 51.5171997 ], [ -0.0090249, 51.5172208 ], [ -0.0090583, 51.5176025 ], [ -0.0090782, 51.517629 ], [ -0.0092737, 51.5176174 ] ] ] } },
{ "type": "Feature", "properties": { "id": "824596785", "name": "Sutton Lane Allotments" }, "geometry": { "type": "Polygon", "coordinates": [ [ [ -0.3737074, 51.473463 ], [ -0.3738738, 51.4731201 ], [ -0.3742465, 51.473245 ], [ -0.3742642, 51.4732184 ], [ -0.3742723, 51.4732063 ], [ -0.3742896, 51.4731858 ], [ -0.3742969, 51.4731771 ], [ -0.3744909, 51.4728659 ], [ -0.3744633, 51.4728525 ], [ -0.3744288, 51.4728243 ], [ -0.3744073, 51.4727914 ], [ -0.3744001, 51.4727563 ], [ -0.3744078, 51.4727211 ], [ -0.3744299, 51.4726884 ], [ -0.3744648, 51.4726603 ], [ -0.3745101, 51.4726389 ], [ -0.3745628, 51.4726255 ], [ -0.3746193, 51.472621 ], [ -0.3746512, 51.4726237 ], [ -0.3749111, 51.4722516 ], [ -0.3741293, 51.4719584 ], [ -0.3736284, 51.4718055 ], [ -0.3734293, 51.4717457 ], [ -0.3732782, 51.4717138 ], [ -0.3731113, 51.4716786 ], [ -0.3730976, 51.4717637 ], [ -0.3728004, 51.4734152 ], [ -0.3732966, 51.4734419 ], [ -0.3737074, 51.473463 ] ] ] } },
{ "type": "Feature", "properties": { "id": "824603282", "name": "Oakwood North Allotment" }, "geometry": { "type": "Polygon", "coordinates": [ [ [ -0.133, 51.6435398 ], [ -0.1321685, 51.6438344 ], [ -0.1326282, 51.6447526 ], [ -0.132959, 51.6454133 ], [ -0.1331368, 51.6457684 ], [ -0.1339817, 51.6455936 ], [ -0.1339663, 51.6455574 ], [ -0.1337127, 51.6450307 ], [ -0.1330183, 51.643578 ], [ -0.1335143, 51.6433762 ], [ -0.1335008, 51.6433482 ], [ -0.1334902, 51.6433263 ], [ -0.133, 51.6435398 ] ] ] } },
{ "type": "Feature", "properties": { "id": "824722779", "name": "Highfield Crescent Allotments" }, "geometry": { "type": "Polygon", "coordinates": [ [ [ -0.4245747, 51.605336 ], [ -0.4239267, 51.6058044 ], [ -0.4240848, 51.6058921 ], [ -0.4242608, 51.6059799 ], [ -0.4243901, 51.605879 ], [ -0.424702, 51.6057076 ], [ -0.4245747, 51.605336 ] ] ] } },
{ "type": "Feature", "properties": { "id": "830725572", "name": null }, "geometry": { "type": "Polygon", "coordinates": [ [ [ -0.0237679, 51.4324896 ], [ -0.0237937, 51.4323285 ], [ -0.0237971, 51.4323003 ], [ -0.0238644, 51.4318728 ], [ -0.0238021, 51.4318289 ], [ -0.0236553, 51.4317787 ], [ -0.023597, 51.4317762 ], [ -0.0234622, 51.4318164 ], [ -0.023428, 51.4318577 ], [ -0.023418, 51.4319104 ], [ -0.0234577, 51.4319546 ], [ -0.0232976, 51.4320127 ], [ -0.0234662, 51.432202499999988 ], [ -0.0229293, 51.4323968 ], [ -0.0227705, 51.4322276 ], [ -0.0225815, 51.4322915 ], [ -0.0225332, 51.4322414 ], [ -0.0224809, 51.4322138 ], [ -0.0224306, 51.4322138 ], [ -0.0223884, 51.4322263 ], [ -0.0223643, 51.4322539 ], [ -0.0223582, 51.4322852 ], [ -0.0223866, 51.4323729 ], [ -0.0223996, 51.432414 ], [ -0.0223965, 51.4324599 ], [ -0.0224467, 51.432653 ], [ -0.0224544, 51.4326746 ], [ -0.0224549, 51.4326815 ], [ -0.0224709, 51.4327319 ], [ -0.0224742, 51.4327685 ], [ -0.0225118, 51.4327623 ], [ -0.0224856, 51.4326498 ], [ -0.0224601, 51.4325369 ], [ -0.022619, 51.4325307 ], [ -0.0226675, 51.432526 ], [ -0.022703, 51.4325229 ], [ -0.0227706, 51.4325176 ], [ -0.0229494, 51.4325009 ], [ -0.0231535, 51.4324937 ], [ -0.0231951, 51.4324924 ], [ -0.0233781, 51.4324843 ], [ -0.0233797, 51.4325593 ], [ -0.0233875, 51.432641 ], [ -0.0233875, 51.4327092 ], [ -0.0234278, 51.4327092 ], [ -0.0234255, 51.4326655 ], [ -0.0234286, 51.4325945 ], [ -0.0234267, 51.4324829 ], [ -0.0237679, 51.4324896 ] ] ] } },
{ "type": "Feature", "properties": { "id": "830751866", "name": null }, "geometry": { "type": "Polygon", "coordinates": [ [ [ -0.0251007, 51.4319795 ], [ -0.025174, 51.4319132 ], [ -0.0251797, 51.4318989 ], [ -0.0251726, 51.4318854 ], [ -0.025151, 51.4318693 ], [ -0.0251137, 51.4318577 ], [ -0.0250663, 51.4318505 ], [ -0.0250232, 51.4318532 ], [ -0.0249844, 51.4318622 ], [ -0.0249111, 51.4318926 ], [ -0.0248666, 51.4319311 ], [ -0.0248365, 51.4319705 ], [ -0.0248221, 51.4320162 ], [ -0.0248062, 51.432122 ], [ -0.0247967, 51.432176600000012 ], [ -0.0247388, 51.4324863 ], [ -0.0247488, 51.4325185 ], [ -0.0247862, 51.4325472 ], [ -0.0248379, 51.4325642 ], [ -0.0248709, 51.4324648 ], [ -0.0248896, 51.432469 ], [ -0.0249327, 51.4324758 ], [ -0.0249463, 51.4324783 ], [ -0.0249781, 51.4324837 ], [ -0.025075, 51.4325016 ], [ -0.0251378, 51.4325128 ], [ -0.0252602, 51.4325356 ], [ -0.025737, 51.432625099999989 ], [ -0.0256997, 51.4327057 ], [ -0.0258405, 51.4327281 ], [ -0.0258433, 51.4327379 ], [ -0.0259525, 51.4327585 ], [ -0.0259636, 51.4327605 ], [ -0.0259913, 51.4327621 ], [ -0.0260229, 51.4327576 ], [ -0.0260473, 51.432746 ], [ -0.0260645, 51.4327299 ], [ -0.0261277, 51.4326403 ], [ -0.0261837, 51.4325696 ], [ -0.0264996, 51.4326569 ], [ -0.0265163, 51.432634699999987 ], [ -0.0264531, 51.4326187 ], [ -0.0263493, 51.432589 ], [ -0.0261981, 51.4325427 ], [ -0.0261837, 51.4325257 ], [ -0.0261234, 51.4325033 ], [ -0.0260731, 51.4324944 ], [ -0.0259223, 51.4324397 ], [ -0.0258103, 51.4323932 ], [ -0.0257112, 51.4323323 ], [ -0.0256483, 51.4323375 ], [ -0.0254491, 51.4324811 ], [ -0.02522, 51.4323556 ], [ -0.0250203, 51.4322275 ], [ -0.025136, 51.4321329 ], [ -0.0252129, 51.4320806 ], [ -0.0252472, 51.4320565 ], [ -0.0251007, 51.4319795 ] ] ] } },
{ "type": "Feature", "properties": { "id": "833867681", "name": null }, "geometry": { "type": "Polygon", "coordinates": [ [ [ -0.0229072, 51.4350022 ], [ -0.0226444, 51.4346491 ], [ -0.0224233, 51.4343734 ], [ -0.0227351, 51.4342626 ], [ -0.0227163, 51.4342396 ], [ -0.0223925, 51.4343564 ], [ -0.0221512, 51.4344087 ], [ -0.0221363, 51.4344574 ], [ -0.0222324, 51.4346118 ], [ -0.0219772, 51.4346831 ], [ -0.0218841, 51.434686 ], [ -0.0217341, 51.4347258 ], [ -0.0219116, 51.4349572 ], [ -0.0219319, 51.4349853 ], [ -0.022157, 51.4352444 ], [ -0.0224829, 51.435123 ], [ -0.0229072, 51.4350022 ] ] ] } },
{ "type": "Feature", "properties": { "id": "834681444", "name": null }, "geometry": { "type": "Polygon", "coordinates": [ [ [ -0.0293973, 51.4309958 ], [ -0.029664, 51.4308421 ], [ -0.0296396, 51.4307769 ], [ -0.0289936, 51.430728 ], [ -0.0289034, 51.4308238 ], [ -0.0290293, 51.4308561 ], [ -0.0290814, 51.4308694 ], [ -0.0292361, 51.431005 ], [ -0.0293973, 51.4309958 ] ] ] } },
{ "type": "Feature", "properties": { "id": "834966809", "name": null }, "geometry": { "type": "Polygon", "coordinates": [ [ [ -0.0198009, 51.4299452 ], [ -0.0204287, 51.429797 ], [ -0.0203975, 51.4297196 ], [ -0.0203727, 51.4296619 ], [ -0.0203692, 51.4296539 ], [ -0.0203604, 51.4295849 ], [ -0.0203553, 51.4295493 ], [ -0.0203459, 51.4294408 ], [ -0.0203083, 51.4294416 ], [ -0.0203172, 51.429560599999988 ], [ -0.0203211, 51.4295983 ], [ -0.0203265, 51.4296623 ], [ -0.0197383, 51.4296989 ], [ -0.0198009, 51.4299452 ] ] ] } },
{ "type": "Feature", "properties": { "id": "834966851", "name": null }, "geometry": { "type": "Polygon", "coordinates": [ [ [ -0.0201883, 51.4291122 ], [ -0.0202326, 51.4291419 ], [ -0.0202621, 51.4292292 ], [ -0.0202741, 51.4293337 ], [ -0.0203063, 51.4293325 ], [ -0.0203054, 51.4293218 ], [ -0.0202936, 51.4292281 ], [ -0.020264, 51.4291355 ], [ -0.0201011, 51.4289695 ], [ -0.0197132, 51.4283552 ], [ -0.0194891, 51.4283878 ], [ -0.0196115, 51.4291334 ], [ -0.0196604, 51.4291317 ], [ -0.02012, 51.4291158 ], [ -0.0201883, 51.4291122 ] ] ] } },
{ "type": "Feature", "properties": { "id": "835007416", "name": null }, "geometry": { "type": "Polygon", "coordinates": [ [ [ -0.0209588, 51.4270715 ], [ -0.0211908, 51.427041 ], [ -0.021219, 51.4270259 ], [ -0.0212569, 51.4269931 ], [ -0.0212796, 51.4269563 ], [ -0.0213144, 51.4268915 ], [ -0.0213301, 51.426866 ], [ -0.0214359, 51.4266843 ], [ -0.0214832, 51.4266776 ], [ -0.0217853, 51.426747 ], [ -0.021799, 51.4267244 ], [ -0.0214607, 51.4266442 ], [ -0.0215264, 51.4265394 ], [ -0.0213172, 51.4264972 ], [ -0.0212694, 51.4264865 ], [ -0.0210824, 51.4264447 ], [ -0.0210792, 51.4264768 ], [ -0.0210643, 51.4265246 ], [ -0.0210096, 51.4267574 ], [ -0.02097, 51.4267579 ], [ -0.0209427, 51.426862 ], [ -0.0209393, 51.4269912 ], [ -0.0209588, 51.4270715 ] ] ] } },
{ "type": "Feature", "properties": { "id": "842384941", "name": "Blackhorse Road Allotments" }, "geometry": { "type": "Polygon", "coordinates": [ [ [ -0.0350086, 51.4855531 ], [ -0.0349888, 51.4855641 ], [ -0.0350828, 51.485649 ], [ -0.0377288, 51.484563799999989 ], [ -0.0376931, 51.4844934 ], [ -0.0377214, 51.4844036 ], [ -0.0350086, 51.4855531 ] ] ] } },
{ "type": "Feature", "properties": { "id": "843187531", "name": null }, "geometry": { "type": "Polygon", "coordinates": [ [ [ -0.1162364, 51.437409 ], [ -0.1163617, 51.4374303 ], [ -0.1164384, 51.4372901 ], [ -0.116317, 51.4372706 ], [ -0.1162364, 51.437409 ] ] ] } },
{ "type": "Feature", "properties": { "id": "852387310", "name": "Park Road Allotments" }, "geometry": { "type": "Polygon", "coordinates": [ [ [ -0.32103, 51.4737419 ], [ -0.3212048, 51.4737039 ], [ -0.3211743, 51.4733367 ], [ -0.3211397, 51.4731341 ], [ -0.3211316, 51.4730062 ], [ -0.3212019, 51.472788699999988 ], [ -0.321282, 51.4726365 ], [ -0.3213613, 51.4724858 ], [ -0.3214095, 51.4724192 ], [ -0.3213552, 51.4722673 ], [ -0.3213477, 51.4721672 ], [ -0.3213228, 51.4720746 ], [ -0.3212194, 51.4719541 ], [ -0.3211148, 51.4718822 ], [ -0.3208658, 51.4719449 ], [ -0.3207533, 51.4720397 ], [ -0.3207373, 51.4720275 ], [ -0.3206794, 51.4720875 ], [ -0.3202874, 51.4725091 ], [ -0.3203741, 51.4725494 ], [ -0.3204688, 51.4726028 ], [ -0.3205653, 51.472653 ], [ -0.3205414, 51.4727257 ], [ -0.320444, 51.4727709 ], [ -0.32036, 51.4727841 ], [ -0.3199158, 51.4729842 ], [ -0.3206099, 51.4734595 ], [ -0.32103, 51.4737419 ] ] ] } },
{ "type": "Feature", "properties": { "id": "855409634", "name": "Rockingham Allotments" }, "geometry": { "type": "Polygon", "coordinates": [ [ [ -0.0942266, 51.4957636 ], [ -0.0945173, 51.4955484 ], [ -0.0942107, 51.4953878 ], [ -0.09392, 51.495603 ], [ -0.0942266, 51.4957636 ] ] ] } },
{ "type": "Feature", "properties": { "id": "862952483", "name": "Saplings Project" }, "geometry": { "type": "Polygon", "coordinates": [ [ [ -0.1525454, 51.5872855 ], [ -0.1523415, 51.5871527 ], [ -0.1524247, 51.5870787 ], [ -0.1524348, 51.586918499999989 ], [ -0.15203, 51.5869394 ], [ -0.1521501, 51.5872948 ], [ -0.1525454, 51.5872855 ] ] ] } },
{ "type": "Feature", "properties": { "id": "867902316", "name": null }, "geometry": { "type": "Polygon", "coordinates": [ [ [ -0.2111966, 51.5359925 ], [ -0.2111981, 51.5359706 ], [ -0.2110077, 51.5359985 ], [ -0.2109926, 51.5360256 ], [ -0.2109361, 51.536076199999989 ], [ -0.210968, 51.5362151 ], [ -0.2112335, 51.5361244 ], [ -0.2112324, 51.536118 ], [ -0.211236, 51.5361006 ], [ -0.2111966, 51.5359925 ] ] ] } },
{ "type": "Feature", "properties": { "id": "876124168", "name": "Central Road Allotments" }, "geometry": { "type": "Polygon", "coordinates": [ [ [ -0.2429628, 51.3775457 ], [ -0.2438517, 51.3780279 ], [ -0.2438752, 51.377418 ], [ -0.2434862, 51.3772035 ], [ -0.2429628, 51.3775457 ] ] ] } },
{ "type": "Feature", "properties": { "id": "876124452", "name": null }, "geometry": { "type": "Polygon", "coordinates": [ [ [ -0.2211843, 51.3686893 ], [ -0.2212511, 51.3686202 ], [ -0.221415, 51.3684507 ], [ -0.2212246, 51.3683502 ], [ -0.2208973, 51.3684951 ], [ -0.2207887, 51.3685805 ], [ -0.221014, 51.3686232 ], [ -0.2211843, 51.3686893 ] ] ] } },
{ "type": "Feature", "properties": { "id": "876126745", "name": null }, "geometry": { "type": "Polygon", "coordinates": [ [ [ -0.2218719, 51.3556215 ], [ -0.221779, 51.3554447 ], [ -0.2216829, 51.3551627 ], [ -0.2206702, 51.3554555 ], [ -0.221356, 51.355654699999988 ], [ -0.2214043, 51.3557409 ], [ -0.2218719, 51.3556215 ] ] ] } },
{ "type": "Feature", "properties": { "id": "876127374", "name": null }, "geometry": { "type": "Polygon", "coordinates": [ [ [ -0.2016764, 51.3780648 ], [ -0.2020521, 51.3776655 ], [ -0.2019804, 51.3775706 ], [ -0.2014117, 51.3779129 ], [ -0.2016764, 51.3780648 ] ] ] } },
{ "type": "Feature", "properties": { "id": "876128277", "name": null }, "geometry": { "type": "Polygon", "coordinates": [ [ [ -0.2156241, 51.3773098 ], [ -0.2153901, 51.3771955 ], [ -0.2152714, 51.3773181 ], [ -0.2149013, 51.3771746 ], [ -0.2140725, 51.3768519 ], [ -0.2140135, 51.376887 ], [ -0.2146304, 51.3774161 ], [ -0.214916, 51.3776773 ], [ -0.2150475, 51.3777333 ], [ -0.2156241, 51.3773098 ] ] ] } },
{ "type": "Feature", "properties": { "id": "876129558", "name": null }, "geometry": { "type": "Polygon", "coordinates": [ [ [ -0.1438816, 51.3681011 ], [ -0.1447501, 51.3679219 ], [ -0.144445, 51.367402399999989 ], [ -0.1440695, 51.3674502 ], [ -0.1428089, 51.3675908 ], [ -0.1430208, 51.3683125 ], [ -0.1440617, 51.368384 ], [ -0.1438816, 51.3681011 ] ] ] } },
{ "type": "Feature", "properties": { "id": "876130931", "name": null }, "geometry": { "type": "Polygon", "coordinates": [ [ [ -0.0433874, 51.3818316 ], [ -0.0435577, 51.3822342 ], [ -0.0436597, 51.3824275 ], [ -0.0437187, 51.3825179 ], [ -0.0440124, 51.3826544 ], [ -0.0440633, 51.3824786 ], [ -0.0443369, 51.3824593 ], [ -0.0444885, 51.3818408 ], [ -0.044412, 51.3818249 ], [ -0.0444348, 51.3816617 ], [ -0.0433874, 51.3818316 ] ] ] } },
{ "type": "Feature", "properties": { "id": "876131169", "name": null }, "geometry": { "type": "Polygon", "coordinates": [ [ [ -0.0418381, 51.389252 ], [ -0.0422777, 51.3893232 ], [ -0.0427724, 51.389452 ], [ -0.0431792, 51.3896206 ], [ -0.0434893, 51.3894637 ], [ -0.0436181, 51.3894855 ], [ -0.043889, 51.3891976 ], [ -0.0433579, 51.389067 ], [ -0.0426874, 51.3890486 ], [ -0.0418381, 51.389252 ] ] ] } },
{ "type": "Feature", "properties": { "id": "878623666", "name": null }, "geometry": { "type": "Polygon", "coordinates": [ [ [ -0.1546061, 51.5938168 ], [ -0.1542615, 51.593909 ], [ -0.1543801, 51.5940801 ], [ -0.1547247, 51.5939879 ], [ -0.1546061, 51.5938168 ] ] ] } },
{ "type": "Feature", "properties": { "id": "878732503", "name": null }, "geometry": { "type": "Polygon", "coordinates": [ [ [ 0.1734403, 51.6003679 ], [ 0.1728194, 51.6006945 ], [ 0.1725861, 51.6008307 ], [ 0.1724754, 51.6007799 ], [ 0.1724325, 51.6008144 ], [ 0.1721033, 51.6006591 ], [ 0.1728268, 51.6002292 ], [ 0.173091, 51.600066 ], [ 0.1734403, 51.6003679 ] ] ] } },
{ "type": "Feature", "properties": { "id": "881719619", "name": null }, "geometry": { "type": "Polygon", "coordinates": [ [ [ -0.0084034, 51.457982199999989 ], [ -0.0083819, 51.4576805 ], [ -0.008406, 51.4571248 ], [ -0.0081365, 51.4570994 ], [ -0.0081612, 51.4573107 ], [ -0.0080871, 51.4573137 ], [ -0.0081231, 51.4579788 ], [ -0.0084034, 51.457982199999989 ] ] ] } },
{ "type": "Feature", "properties": { "id": "881721114", "name": null }, "geometry": { "type": "Polygon", "coordinates": [ [ [ -0.2753173, 51.5198396 ], [ -0.2754504, 51.5195402 ], [ -0.2758463, 51.519259 ], [ -0.2755988, 51.5192838 ], [ -0.2755084, 51.5190715 ], [ -0.275191, 51.5191284 ], [ -0.2750901, 51.5188948 ], [ -0.2742724, 51.5190172 ], [ -0.2743386, 51.5191929 ], [ -0.2748526, 51.5191141 ], [ -0.2749501, 51.5193258 ], [ -0.2750237, 51.5193118 ], [ -0.2750488, 51.5193262 ], [ -0.2751934, 51.5193057 ], [ -0.2752403, 51.5194307 ], [ -0.2752917, 51.519568 ], [ -0.2750341, 51.5196042 ], [ -0.2751, 51.5198452 ], [ -0.2745855, 51.5199127 ], [ -0.2746378, 51.5200463 ], [ -0.2751509, 51.5199787 ], [ -0.2752464, 51.5199269 ], [ -0.2755507, 51.5200822 ], [ -0.275674, 51.519997 ], [ -0.2753173, 51.5198396 ] ] ] } },
{ "type": "Feature", "properties": { "id": "882046802", "name": "Lorn Road Allotments" }, "geometry": { "type": "Polygon", "coordinates": [ [ [ -0.1137605, 51.4724905 ], [ -0.113624, 51.4724978 ], [ -0.1135367, 51.4724984 ], [ -0.1135449, 51.4725652 ], [ -0.113566, 51.4727574 ], [ -0.1136478, 51.472741899999988 ], [ -0.1138624, 51.4727127 ], [ -0.1157588, 51.4724605 ], [ -0.1157281, 51.4723166 ], [ -0.1155068, 51.472335 ], [ -0.1143474, 51.4724436 ], [ -0.1137605, 51.4724905 ] ] ] } },
{ "type": "Feature", "properties": { "id": "884209708", "name": null }, "geometry": { "type": "Polygon", "coordinates": [ [ [ 0.1257983, 51.5533402 ], [ 0.126273, 51.553331 ], [ 0.126446, 51.553823 ], [ 0.1265144, 51.5539522 ], [ 0.1264004, 51.5539831 ], [ 0.1257983, 51.5533402 ] ] ] } },
{ "type": "Feature", "properties": { "id": "886421778", "name": null }, "geometry": { "type": "Polygon", "coordinates": [ [ [ -0.2169612, 51.5602092 ], [ -0.2169954, 51.5602508 ], [ -0.216988, 51.5602542 ], [ -0.2176827, 51.5609178 ], [ -0.21801, 51.5610346 ], [ -0.2180962, 51.5610078 ], [ -0.2171436, 51.5601341 ], [ -0.2169612, 51.5602092 ] ] ] } },
{ "type": "Feature", "properties": { "id": "886425641", "name": null }, "geometry": { "type": "Polygon", "coordinates": [ [ [ -0.194723, 51.5831224 ], [ -0.1948417, 51.5829228 ], [ -0.1943274, 51.5827999 ], [ -0.1942161, 51.5829816 ], [ -0.194723, 51.5831224 ] ] ] } },
{ "type": "Feature", "properties": { "id": "886425773", "name": null }, "geometry": { "type": "Polygon", "coordinates": [ [ [ -0.1957718, 51.5840333 ], [ -0.1957583, 51.5837849 ], [ -0.1954794, 51.5837866 ], [ -0.1955196, 51.5840466 ], [ -0.1957718, 51.5840333 ] ] ] } },
{ "type": "Feature", "properties": { "id": "886429734", "name": null }, "geometry": { "type": "Polygon", "coordinates": [ [ [ -0.1964666, 51.5859524 ], [ -0.1965878, 51.5858408 ], [ -0.1962605, 51.5857036 ], [ -0.1961393, 51.5858152 ], [ -0.1964666, 51.5859524 ] ] ] } },
{ "type": "Feature", "properties": { "id": "886429756", "name": null }, "geometry": { "type": "Polygon", "coordinates": [ [ [ -0.1974642, 51.5863648 ], [ -0.197593, 51.5862615 ], [ -0.1967829, 51.5858849 ], [ -0.1966462, 51.5859915 ], [ -0.1974642, 51.5863648 ] ] ] } },
{ "type": "Feature", "properties": { "id": "886430021", "name": null }, "geometry": { "type": "Polygon", "coordinates": [ [ [ -0.1956403, 51.5872464 ], [ -0.1958576, 51.5872548 ], [ -0.195871, 51.5871131 ], [ -0.196107, 51.5871314 ], [ -0.1963028, 51.5870581 ], [ -0.1964316, 51.5871964 ], [ -0.1966971, 51.5870581 ], [ -0.1967776, 51.5869881 ], [ -0.1966569, 51.5869248 ], [ -0.1967722, 51.5868548 ], [ -0.1959005, 51.5864882 ], [ -0.1958495, 51.5865182 ], [ -0.1957798, 51.5867615 ], [ -0.1956403, 51.5872464 ] ] ] } },
{ "type": "Feature", "properties": { "id": "886430236", "name": null }, "geometry": { "type": "Polygon", "coordinates": [ [ [ -0.1983547, 51.5880697 ], [ -0.1986042, 51.588178 ], [ -0.199095, 51.588188 ], [ -0.1991057, 51.587853 ], [ -0.1988912, 51.5877914 ], [ -0.1986927, 51.587978 ], [ -0.198521, 51.587908 ], [ -0.1983547, 51.5880697 ] ] ] } },
{ "type": "Feature", "properties": { "id": "886430603", "name": null }, "geometry": { "type": "Polygon", "coordinates": [ [ [ -0.1925223, 51.5821433 ], [ -0.1928294, 51.5820399 ], [ -0.1929688, 51.5819749 ], [ -0.1926939, 51.5817083 ], [ -0.1922661, 51.5818608 ], [ -0.1925223, 51.5821433 ] ] ] } },
{ "type": "Feature", "properties": { "id": "888285530", "name": "Honeycroft Hill Allotment Site" }, "geometry": { "type": "Polygon", "coordinates": [ [ [ -0.4694077, 51.5477563 ], [ -0.4694184, 51.5479164 ], [ -0.4700468, 51.5478344 ], [ -0.4705141, 51.5477922 ], [ -0.4705188, 51.5476833 ], [ -0.4694077, 51.5477563 ] ] ] } },
{ "type": "Feature", "properties": { "id": "890769712", "name": null }, "geometry": { "type": "Polygon", "coordinates": [ [ [ -0.0413112, 51.5554712 ], [ -0.0412591, 51.5553641 ], [ -0.0412443, 51.555333499999989 ], [ -0.0411774, 51.5553236 ], [ -0.040874, 51.555384 ], [ -0.0409496, 51.555541 ], [ -0.0413112, 51.5554712 ] ] ] } },
{ "type": "Feature", "properties": { "id": "891074153", "name": null }, "geometry": { "type": "Polygon", "coordinates": [ [ [ -0.0436195, 51.6620777 ], [ -0.0436734, 51.6616747 ], [ -0.0434599, 51.6616482 ], [ -0.0433992, 51.6620693 ], [ -0.0436195, 51.6620777 ] ] ] } },
{ "type": "Feature", "properties": { "id": "893154901", "name": null }, "geometry": { "type": "Polygon", "coordinates": [ [ [ -0.0359068, 51.4125418 ], [ -0.0360258, 51.4124647 ], [ -0.0355017, 51.41215 ], [ -0.0353827, 51.4122271 ], [ -0.0359068, 51.4125418 ] ] ] } },
{ "type": "Feature", "properties": { "id": "895854153", "name": null }, "geometry": { "type": "Polygon", "coordinates": [ [ [ 0.0694514, 51.3885257 ], [ 0.0693858, 51.3885604 ], [ 0.0694419, 51.3886016 ], [ 0.0696487, 51.3884921 ], [ 0.0696919, 51.3884712 ], [ 0.0698179, 51.3885783 ], [ 0.069606, 51.388785 ], [ 0.068741, 51.3885364 ], [ 0.0693123, 51.388421 ], [ 0.0694271, 51.3885078 ], [ 0.0694514, 51.3885257 ] ] ] } },
{ "type": "Feature", "properties": { "id": "900412115", "name": null }, "geometry": { "type": "Polygon", "coordinates": [ [ [ -0.0785549, 51.6474788 ], [ -0.0783042, 51.6475021 ], [ -0.0776826, 51.6485042 ], [ -0.0778531, 51.64855 ], [ -0.0785549, 51.6474788 ] ] ] } },
{ "type": "Feature", "properties": { "id": "900412119", "name": null }, "geometry": { "type": "Polygon", "coordinates": [ [ [ -0.073808, 51.6452235 ], [ -0.0737119, 51.6449427 ], [ -0.0734536, 51.6449767 ], [ -0.0736915, 51.6452625 ], [ -0.073808, 51.6452235 ] ] ] } },
{ "type": "Feature", "properties": { "id": "900412120", "name": null }, "geometry": { "type": "Polygon", "coordinates": [ [ [ -0.0977206, 51.6278436 ], [ -0.0978235, 51.6274379 ], [ -0.0974059, 51.6273928 ], [ -0.0973777, 51.6275331 ], [ -0.0975269, 51.6275531 ], [ -0.0974644, 51.6278223 ], [ -0.0977206, 51.6278436 ] ] ] } },
{ "type": "Feature", "properties": { "id": "900412121", "name": null }, "geometry": { "type": "Polygon", "coordinates": [ [ [ -0.0934652, 51.624244 ], [ -0.0928772, 51.6241333 ], [ -0.092699, 51.6247915 ], [ -0.0931873, 51.6248579 ], [ -0.0934652, 51.624244 ] ] ] } },
{ "type": "Feature", "properties": { "id": "900412122", "name": null }, "geometry": { "type": "Polygon", "coordinates": [ [ [ -0.0937597, 51.6236269 ], [ -0.0941298, 51.6227319 ], [ -0.0942897, 51.6224724 ], [ -0.0945799, 51.6222795 ], [ -0.093883, 51.622305 ], [ -0.0937391, 51.6226057 ], [ -0.0934946, 51.6227007 ], [ -0.0930583, 51.6234936 ], [ -0.0937597, 51.6236269 ] ] ] } },
{ "type": "Feature", "properties": { "id": "900412123", "name": "Salisbury Road Allotments" }, "geometry": { "type": "Polygon", "coordinates": [ [ [ -0.1032986, 51.5983811 ], [ -0.1032669, 51.5983358 ], [ -0.1032388, 51.598296 ], [ -0.1030007, 51.5979575 ], [ -0.1027225, 51.5980607 ], [ -0.1031121, 51.5985095 ], [ -0.1029383, 51.598571 ], [ -0.1028726, 51.5985942 ], [ -0.1028877, 51.5986101 ], [ -0.1029532, 51.5985871 ], [ -0.103255, 51.5984801 ], [ -0.1032033, 51.5984076 ], [ -0.1032986, 51.5983811 ] ] ] } },
{ "type": "Feature", "properties": { "id": "900412124", "name": "Risley Avenue Allotments" }, "geometry": { "type": "Polygon", "coordinates": [ [ [ -0.0857426, 51.6003114 ], [ -0.0856771, 51.6002105 ], [ -0.085821, 51.6001807 ], [ -0.0857695, 51.6000602 ], [ -0.0857546, 51.6000253 ], [ -0.0856511, 51.6000089 ], [ -0.0856575, 51.5998536 ], [ -0.0855947, 51.5998502 ], [ -0.0855172, 51.5998464 ], [ -0.0855162, 51.599861499999989 ], [ -0.0855102, 51.5999471 ], [ -0.0855028, 51.6000544 ], [ -0.0853753, 51.6000519 ], [ -0.0853501, 51.6000515 ], [ -0.0853332, 51.6000512 ], [ -0.0853044, 51.6000505 ], [ -0.0852475, 51.6000494 ], [ -0.0851792, 51.6000481 ], [ -0.0851171, 51.600046899999988 ], [ -0.0850523, 51.600045699999988 ], [ -0.0849885, 51.6000444 ], [ -0.0849246, 51.600043199999988 ], [ -0.0848457, 51.6000416 ], [ -0.0847826, 51.6000404 ], [ -0.0847305, 51.6000394 ], [ -0.0847257, 51.6001054 ], [ -0.0847202, 51.6001817 ], [ -0.0847164, 51.6002349 ], [ -0.0847127, 51.6002854 ], [ -0.0847092, 51.6003345 ], [ -0.0847051, 51.6003904 ], [ -0.0847013, 51.6004438 ], [ -0.0847, 51.6004617 ], [ -0.0846997, 51.6005142 ], [ -0.0846985, 51.6005686 ], [ -0.0847206, 51.600583 ], [ -0.0847527, 51.6005733 ], [ -0.0848516, 51.6005435 ], [ -0.0849444, 51.6005155 ], [ -0.0850511, 51.6004833 ], [ -0.0850025, 51.6004214 ], [ -0.0851258, 51.6003874 ], [ -0.0851774, 51.6004492 ], [ -0.0852613, 51.6004284 ], [ -0.0853621, 51.6004034 ], [ -0.0854629, 51.6003785 ], [ -0.0855542, 51.6003559 ], [ -0.0856536, 51.6003313 ], [ -0.0857426, 51.6003114 ] ] ] } },
{ "type": "Feature", "properties": { "id": "900412125", "name": null }, "geometry": { "type": "Polygon", "coordinates": [ [ [ -0.0834615, 51.581672 ], [ -0.0834777, 51.5816728 ], [ -0.083533, 51.5813191 ], [ -0.0836997, 51.5809855 ], [ -0.0835391, 51.5809535 ], [ -0.0833765, 51.5812907 ], [ -0.0832591, 51.5815537 ], [ -0.0832255, 51.5816548 ], [ -0.0833405, 51.5816634 ], [ -0.0834615, 51.581672 ] ] ] } },
{ "type": "Feature", "properties": { "id": "900412128", "name": null }, "geometry": { "type": "Polygon", "coordinates": [ [ [ -0.0811562, 51.5763556 ], [ -0.0812116, 51.5761846 ], [ -0.0808888, 51.5761332 ], [ -0.0808293, 51.5763053 ], [ -0.0811562, 51.5763556 ] ] ] } },
{ "type": "Feature", "properties": { "id": "900412129", "name": null }, "geometry": { "type": "Polygon", "coordinates": [ [ [ -0.0805971, 51.5763787 ], [ -0.0806598, 51.5762196 ], [ -0.0803216, 51.5761828 ], [ -0.0802731, 51.5763348 ], [ -0.0805971, 51.5763787 ] ] ] } },
{ "type": "Feature", "properties": { "id": "900412130", "name": null }, "geometry": { "type": "Polygon", "coordinates": [ [ [ -0.0630401, 51.5741269 ], [ -0.0626311, 51.5738547 ], [ -0.0620867, 51.5739715 ], [ -0.0619309, 51.574005 ], [ -0.0620194, 51.5744654 ], [ -0.0627154, 51.5742249 ], [ -0.0630401, 51.5741269 ] ] ] } },
{ "type": "Feature", "properties": { "id": "900412131", "name": null }, "geometry": { "type": "Polygon", "coordinates": [ [ [ -0.0840508, 51.554188 ], [ -0.0841029, 51.5540201 ], [ -0.0837524, 51.5539789 ], [ -0.0836908, 51.5541453 ], [ -0.0840508, 51.554188 ] ] ] } },
{ "type": "Feature", "properties": { "id": "900412132", "name": null }, "geometry": { "type": "Polygon", "coordinates": [ [ [ -0.1030791, 51.560561899999989 ], [ -0.1028889, 51.5606112 ], [ -0.1029884, 51.5607438 ], [ -0.1031699, 51.5606784 ], [ -0.1030791, 51.560561899999989 ] ] ] } },
{ "type": "Feature", "properties": { "id": "900412133", "name": null }, "geometry": { "type": "Polygon", "coordinates": [ [ [ -0.1054984, 51.5603016 ], [ -0.1050033, 51.5602786 ], [ -0.1050212, 51.5603046 ], [ -0.105048, 51.5603159 ], [ -0.105149, 51.5605013 ], [ -0.1051184, 51.5605274 ], [ -0.105217, 51.5606648 ], [ -0.1053632, 51.5609241 ], [ -0.1054355, 51.5609217 ], [ -0.1054645, 51.560596 ], [ -0.1054984, 51.5603016 ] ] ] } },
{ "type": "Feature", "properties": { "id": "900412134", "name": null }, "geometry": { "type": "Polygon", "coordinates": [ [ [ -0.1420852, 51.5274463 ], [ -0.1420759, 51.5273567 ], [ -0.1413629, 51.5273659 ], [ -0.1413559, 51.5274527 ], [ -0.1420852, 51.5274463 ] ] ] } },
{ "type": "Feature", "properties": { "id": "900412135", "name": null }, "geometry": { "type": "Polygon", "coordinates": [ [ [ -0.1414721, 51.4688904 ], [ -0.1413762, 51.4687235 ], [ -0.1413444, 51.4687038 ], [ -0.1408293, 51.4686587 ], [ -0.1406956, 51.4686512 ], [ -0.1407793, 51.468769599999987 ], [ -0.1408254, 51.468839499999987 ], [ -0.1408343, 51.4688426 ], [ -0.1410096, 51.4690939 ], [ -0.1414721, 51.4688904 ] ] ] } },
{ "type": "Feature", "properties": { "id": "900412136", "name": null }, "geometry": { "type": "Polygon", "coordinates": [ [ [ -0.1483455, 51.47186 ], [ -0.1486553, 51.4711123 ], [ -0.1485266, 51.4710856 ], [ -0.1482262, 51.4718374 ], [ -0.1483455, 51.47186 ] ] ] } },
{ "type": "Feature", "properties": { "id": "900412137", "name": null }, "geometry": { "type": "Polygon", "coordinates": [ [ [ -0.1610468, 51.4449676 ], [ -0.1606752, 51.4448368 ], [ -0.1605851, 51.4449071 ], [ -0.1606546, 51.4449435 ], [ -0.1607548, 51.4449921 ], [ -0.1608499, 51.4450447 ], [ -0.160948, 51.4451009 ], [ -0.1611241, 51.4452163 ], [ -0.1611723, 51.4452522 ], [ -0.1614267, 51.4451162 ], [ -0.1613285, 51.4450773 ], [ -0.1610468, 51.4449676 ] ] ] } },
{ "type": "Feature", "properties": { "id": "900412138", "name": null }, "geometry": { "type": "Polygon", "coordinates": [ [ [ -0.166249, 51.4315319 ], [ -0.1658006, 51.4313657 ], [ -0.1656825, 51.431492 ], [ -0.1660654, 51.4316872 ], [ -0.166249, 51.4315319 ] ] ] } },
{ "type": "Feature", "properties": { "id": "900412142", "name": null }, "geometry": { "type": "Polygon", "coordinates": [ [ [ -0.191764, 51.6109612 ], [ -0.1908789, 51.6103549 ], [ -0.1906777, 51.6104632 ], [ -0.1914609, 51.611117799999988 ], [ -0.191764, 51.6109612 ] ] ] } },
{ "type": "Feature", "properties": { "id": "900412143", "name": null }, "geometry": { "type": "Polygon", "coordinates": [ [ [ -0.2155125, 51.6437947 ], [ -0.2154482, 51.6436016 ], [ -0.214496, 51.6436931 ], [ -0.2145577, 51.643996 ], [ -0.2155125, 51.6437947 ] ] ] } },
{ "type": "Feature", "properties": { "id": "900412144", "name": null }, "geometry": { "type": "Polygon", "coordinates": [ [ [ -0.202222, 51.6625726 ], [ -0.2020584, 51.6618023 ], [ -0.201361, 51.6625709 ], [ -0.202222, 51.6625726 ] ] ] } },
{ "type": "Feature", "properties": { "id": "900412145", "name": null }, "geometry": { "type": "Polygon", "coordinates": [ [ [ -0.2466544, 51.6224116 ], [ -0.2464532, 51.6222417 ], [ -0.2460509, 51.6224132 ], [ -0.2462869, 51.622586399999989 ], [ -0.2466544, 51.6224116 ] ] ] } },
{ "type": "Feature", "properties": { "id": "900412147", "name": null }, "geometry": { "type": "Polygon", "coordinates": [ [ [ -0.2409563, 51.4839321 ], [ -0.2405728, 51.4834152 ], [ -0.2403582, 51.4834761 ], [ -0.2407445, 51.4839931 ], [ -0.2409563, 51.4839321 ] ] ] } },
{ "type": "Feature", "properties": { "id": "902694672", "name": null }, "geometry": { "type": "Polygon", "coordinates": [ [ [ -0.0064673, 51.4567962 ], [ -0.0061848, 51.4568231 ], [ -0.0062943, 51.4574786 ], [ -0.0065076, 51.4574624 ], [ -0.0064673, 51.4567962 ] ] ] } },
{ "type": "Feature", "properties": { "id": "902694673", "name": null }, "geometry": { "type": "Polygon", "coordinates": [ [ [ -0.0122146, 51.4559402 ], [ -0.0123341, 51.455618 ], [ -0.0116963, 51.455577 ], [ -0.011617, 51.4558716 ], [ -0.0122146, 51.4559402 ] ] ] } },
{ "type": "Feature", "properties": { "id": "902694674", "name": null }, "geometry": { "type": "Polygon", "coordinates": [ [ [ -0.013389, 51.4560173 ], [ -0.0134286, 51.455767 ], [ -0.0130338, 51.4557081 ], [ -0.0130231, 51.4557361 ], [ -0.012924, 51.455995 ], [ -0.013389, 51.4560173 ] ] ] } },
{ "type": "Feature", "properties": { "id": "902694677", "name": null }, "geometry": { "type": "Polygon", "coordinates": [ [ [ -0.0133446, 51.4432978 ], [ -0.013399, 51.4430751 ], [ -0.0132079, 51.4430567 ], [ -0.0125541, 51.4429685 ], [ -0.0112806, 51.4427863 ], [ -0.0111929, 51.4429915 ], [ -0.0112733, 51.4430023 ], [ -0.0112619, 51.4430465 ], [ -0.013295, 51.4433137 ], [ -0.0133446, 51.4432978 ] ] ] } },
{ "type": "Feature", "properties": { "id": "902694678", "name": "Olstead Road Alotments" }, "geometry": { "type": "Polygon", "coordinates": [ [ [ -0.0068444, 51.4278487 ], [ -0.00684, 51.427808 ], [ -0.0066023, 51.4277999 ], [ -0.0062042, 51.427786399999988 ], [ -0.0058632, 51.4277748 ], [ -0.0058261, 51.4277735 ], [ -0.0055826, 51.4277652 ], [ -0.0053335, 51.4277455 ], [ -0.0053037, 51.4277601 ], [ -0.0052797, 51.4277719 ], [ -0.00529, 51.4280454 ], [ -0.0052993, 51.4282895 ], [ -0.0056839, 51.4281797 ], [ -0.0062802, 51.4280097 ], [ -0.0065416, 51.4279351 ], [ -0.0068444, 51.4278487 ] ] ] } },
{ "type": "Feature", "properties": { "id": "902694679", "name": null }, "geometry": { "type": "Polygon", "coordinates": [ [ [ -0.0003897, 51.4211702 ], [ 0.0004813, 51.4204129 ], [ 0.0009004, 51.4206722 ], [ 0.0006541, 51.4208291 ], [ 0.0008608, 51.4209432 ], [ 0.0007543, 51.4210182 ], [ 0.000574, 51.4209179 ], [ 0.0001686, 51.421203 ], [ 0.0003454, 51.4213003 ], [ 0.000215, 51.421392 ], [ -0.0003897, 51.4211702 ] ] ] } },
{ "type": "Feature", "properties": { "id": "902694680", "name": null }, "geometry": { "type": "Polygon", "coordinates": [ [ [ 0.0150851, 51.422325 ], [ 0.0154071, 51.4230025 ], [ 0.0151317, 51.423511 ], [ 0.0151003, 51.4235056 ], [ 0.0146677, 51.4234318 ], [ 0.0146365, 51.4234168 ], [ 0.0146633, 51.4232186 ], [ 0.0147334, 51.422976 ], [ 0.0148725, 51.4226131 ], [ 0.0150851, 51.422325 ] ] ] } },
{ "type": "Feature", "properties": { "id": "902694681", "name": null }, "geometry": { "type": "Polygon", "coordinates": [ [ [ 0.0153104, 51.4311005 ], [ 0.0154351, 51.4309174 ], [ 0.0159944, 51.4310699 ], [ 0.015747, 51.4312234 ], [ 0.0153104, 51.4311005 ] ] ] } },
{ "type": "Feature", "properties": { "id": "902694682", "name": "St, Mildred's Road Allotments" }, "geometry": { "type": "Polygon", "coordinates": [ [ [ 0.006811, 51.4451125 ], [ 0.0068291, 51.4450753 ], [ 0.0069486, 51.4450168 ], [ 0.0070918, 51.4449467 ], [ 0.0077476, 51.4449912 ], [ 0.0081423, 51.445018 ], [ 0.0089732, 51.4450747 ], [ 0.00894, 51.4452137 ], [ 0.008931, 51.4452173 ], [ 0.0089223, 51.445221 ], [ 0.007549, 51.4451533 ], [ 0.0073557, 51.4451434 ], [ 0.0071527, 51.4451288 ], [ 0.006811, 51.4451125 ] ] ] } },
{ "type": "Feature", "properties": { "id": "902694683", "name": "Prior Street Allotments" }, "geometry": { "type": "Polygon", "coordinates": [ [ [ -0.0104614, 51.4767807 ], [ -0.010718, 51.4762905 ], [ -0.0108226, 51.4761635 ], [ -0.0107473, 51.475926 ], [ -0.0105374, 51.4761972 ], [ -0.0102813, 51.4765852 ], [ -0.0101924, 51.4767882 ], [ -0.0104614, 51.4767807 ] ] ] } },
{ "type": "Feature", "properties": { "id": "902694684", "name": null }, "geometry": { "type": "Polygon", "coordinates": [ [ [ 0.0320761, 51.4755984 ], [ 0.0327243, 51.4755105 ], [ 0.0327917, 51.4760688 ], [ 0.0326276, 51.4761074 ], [ 0.0321342, 51.4761283 ], [ 0.0320761, 51.4755984 ] ] ] } },
{ "type": "Feature", "properties": { "id": "902694685", "name": null }, "geometry": { "type": "Polygon", "coordinates": [ [ [ 0.0341341, 51.5384921 ], [ 0.0343379, 51.5382284 ], [ 0.0344508, 51.5382485 ], [ 0.0343968, 51.5383632 ], [ 0.0346463, 51.5384114 ], [ 0.0346397, 51.538426 ], [ 0.0346133, 51.5384843 ], [ 0.0347599, 51.5385114 ], [ 0.0347134, 51.5385989 ], [ 0.0346488, 51.5385818 ], [ 0.0346385, 51.5385954 ], [ 0.0346286, 51.5386101 ], [ 0.0341341, 51.5384921 ] ] ] } },
{ "type": "Feature", "properties": { "id": "902694686", "name": null }, "geometry": { "type": "Polygon", "coordinates": [ [ [ 0.1263309, 51.5624454 ], [ 0.1261673, 51.5620386 ], [ 0.1264999, 51.5620069 ], [ 0.1266179, 51.5624721 ], [ 0.1263309, 51.5624454 ] ] ] } },
{ "type": "Feature", "properties": { "id": "902694687", "name": null }, "geometry": { "type": "Polygon", "coordinates": [ [ [ 0.176783, 51.6025257 ], [ 0.1767561, 51.6022841 ], [ 0.1768205, 51.6018226 ], [ 0.1776466, 51.6021541 ], [ 0.1773033, 51.602384 ], [ 0.1770217, 51.6025523 ], [ 0.176783, 51.6025257 ] ] ] } },
{ "type": "Feature", "properties": { "id": "902694688", "name": null }, "geometry": { "type": "Polygon", "coordinates": [ [ [ 0.1574816, 51.5521081 ], [ 0.1579375, 51.5521397 ], [ 0.1580475, 51.5528002 ], [ 0.1584016, 51.5527718 ], [ 0.1584284, 51.5529736 ], [ 0.1580556, 51.552982 ], [ 0.1580609, 51.5531171 ], [ 0.1576774, 51.5531404 ], [ 0.1574816, 51.5521081 ] ] ] } },
{ "type": "Feature", "properties": { "id": "902694692", "name": null }, "geometry": { "type": "Polygon", "coordinates": [ [ [ 0.0024931, 51.6052813 ], [ 0.0036357, 51.6057461 ], [ 0.0035177, 51.6058827 ], [ 0.0030242, 51.6057128 ], [ 0.0024153, 51.6053963 ], [ 0.0024931, 51.6052813 ] ] ] } },
{ "type": "Feature", "properties": { "id": "902694693", "name": "Raith Avenue Allotment Site" }, "geometry": { "type": "Polygon", "coordinates": [ [ [ -0.128227, 51.6204163 ], [ -0.1280956, 51.6203747 ], [ -0.1278086, 51.6206061 ], [ -0.1275484, 51.6206877 ], [ -0.1271058, 51.620781 ], [ -0.1273633, 51.6213955 ], [ -0.1280675, 51.6205972 ], [ -0.128227, 51.6204163 ] ] ] } },
{ "type": "Feature", "properties": { "id": "902694694", "name": "Bourne Allotments" }, "geometry": { "type": "Polygon", "coordinates": [ [ [ -0.1194655, 51.629204 ], [ -0.1208924, 51.6286412 ], [ -0.1208779, 51.628449 ], [ -0.1208, 51.628442299999989 ], [ -0.1207993, 51.6284031 ], [ -0.1206056, 51.6283912 ], [ -0.1189858, 51.6290373 ], [ -0.1194655, 51.629204 ] ] ] } },
{ "type": "Feature", "properties": { "id": "902694695", "name": null }, "geometry": { "type": "Polygon", "coordinates": [ [ [ -0.0362005, 51.6607676 ], [ -0.0363695, 51.6599872 ], [ -0.0357928, 51.6599739 ], [ -0.0357472, 51.6607742 ], [ -0.0362005, 51.6607676 ] ] ] } },
{ "type": "Feature", "properties": { "id": "902694696", "name": null }, "geometry": { "type": "Polygon", "coordinates": [ [ [ -0.2557246, 51.5127924 ], [ -0.2557112, 51.5125587 ], [ -0.2549736, 51.5126038 ], [ -0.2550031, 51.5128342 ], [ -0.2557246, 51.5127924 ] ] ] } },
{ "type": "Feature", "properties": { "id": "902694697", "name": null }, "geometry": { "type": "Polygon", "coordinates": [ [ [ -0.2517925, 51.5169314 ], [ -0.2518155, 51.5167975 ], [ -0.2512251, 51.5168613 ], [ -0.2512612, 51.5170204 ], [ -0.2513456, 51.5171138 ], [ -0.2515795, 51.5171161 ], [ -0.2517672, 51.5170366 ], [ -0.2517925, 51.5169314 ] ] ] } },
{ "type": "Feature", "properties": { "id": "902694698", "name": null }, "geometry": { "type": "Polygon", "coordinates": [ [ [ -0.274252, 51.5212795 ], [ -0.2741501, 51.5210325 ], [ -0.2737827, 51.5210692 ], [ -0.2739919, 51.5214497 ], [ -0.274252, 51.5212795 ] ] ] } },
{ "type": "Feature", "properties": { "id": "902694699", "name": null }, "geometry": { "type": "Polygon", "coordinates": [ [ [ -0.2752364, 51.5206086 ], [ -0.2749333, 51.5206486 ], [ -0.2749736, 51.520817199999989 ], [ -0.2752364, 51.5206086 ] ] ] } },
{ "type": "Feature", "properties": { "id": "902694700", "name": null }, "geometry": { "type": "Polygon", "coordinates": [ [ [ -0.278706, 51.5182374 ], [ -0.2786175, 51.5182057 ], [ -0.2784994, 51.5182475 ], [ -0.2782902, 51.5183877 ], [ -0.2780622, 51.5184711 ], [ -0.277904, 51.5184978 ], [ -0.2775982, 51.5185395 ], [ -0.2772817, 51.5185195 ], [ -0.2778208, 51.5188416 ], [ -0.278706, 51.5182374 ] ] ] } },
{ "type": "Feature", "properties": { "id": "902694701", "name": null }, "geometry": { "type": "Polygon", "coordinates": [ [ [ -0.3118437, 51.4851885 ], [ -0.3126552, 51.4856095 ], [ -0.3129851, 51.4856513 ], [ -0.3135645, 51.4858316 ], [ -0.313822, 51.4857014 ], [ -0.3131943, 51.485354 ], [ -0.3120758, 51.4850884 ], [ -0.3118437, 51.4851885 ] ] ] } },
{ "type": "Feature", "properties": { "id": "902694702", "name": null }, "geometry": { "type": "Polygon", "coordinates": [ [ [ -0.3350989, 51.4840657 ], [ -0.3342781, 51.4840907 ], [ -0.3342701, 51.4843931 ], [ -0.3336505, 51.4843897 ], [ -0.3334466, 51.4845117 ], [ -0.3338275, 51.4847906 ], [ -0.3350989, 51.4840657 ] ] ] } },
{ "type": "Feature", "properties": { "id": "902694703", "name": null }, "geometry": { "type": "Polygon", "coordinates": [ [ [ -0.3259826, 51.456553 ], [ -0.3259789, 51.4564079 ], [ -0.3251974, 51.4565231 ], [ -0.3244658, 51.4565921 ], [ -0.3244879, 51.4566854 ], [ -0.3259826, 51.456553 ] ] ] } },
{ "type": "Feature", "properties": { "id": "902694704", "name": null }, "geometry": { "type": "Polygon", "coordinates": [ [ [ -0.2759904, 51.4671717 ], [ -0.2759555, 51.4670353 ], [ -0.2751428, 51.4671656 ], [ -0.275173, 51.467195 ], [ -0.2759904, 51.4671717 ] ] ] } },
{ "type": "Feature", "properties": { "id": "904792087", "name": "Maze Hill Allotments" }, "geometry": { "type": "Polygon", "coordinates": [ [ [ 0.0066229, 51.4827062 ], [ 0.0065499, 51.4827985 ], [ 0.0056325, 51.4826654 ], [ 0.0054909, 51.4826492 ], [ 0.0053417, 51.4826344 ], [ 0.0051755, 51.4826195 ], [ 0.0050234, 51.4826089 ], [ 0.0048772, 51.4825996 ], [ 0.0048525, 51.4825981 ], [ 0.0048543, 51.4825876 ], [ 0.0048301, 51.4825864 ], [ 0.0048663, 51.4824412 ], [ 0.0066229, 51.4827062 ] ] ] } },
{ "type": "Feature", "properties": { "id": "913822036", "name": null }, "geometry": { "type": "Polygon", "coordinates": [ [ [ -0.1189728, 51.4522859 ], [ -0.1187797, 51.4521772 ], [ -0.1186188, 51.4523026 ], [ -0.1191606, 51.4527405 ], [ -0.1192919, 51.4526754 ], [ -0.1188924, 51.4523527 ], [ -0.1189728, 51.4522859 ] ] ] } },
{ "type": "Feature", "properties": { "id": "915504953", "name": null }, "geometry": { "type": "Polygon", "coordinates": [ [ [ -0.0452186, 51.5484529 ], [ -0.0451, 51.5482286 ], [ -0.0449125, 51.5482659 ], [ -0.0450366, 51.5484889 ], [ -0.0452186, 51.5484529 ] ] ] } },
{ "type": "Feature", "properties": { "id": "915941993", "name": null }, "geometry": { "type": "Polygon", "coordinates": [ [ [ -0.0838868, 51.5667341 ], [ -0.0839552, 51.5668436 ], [ -0.0841916, 51.5667865 ], [ -0.08408, 51.566608 ], [ -0.0839744, 51.5666335 ], [ -0.0840176, 51.5667025 ], [ -0.0838868, 51.5667341 ] ] ] } },
{ "type": "Feature", "properties": { "id": "923241957", "name": "Phoenix Farm and Learning Zone" }, "geometry": { "type": "Polygon", "coordinates": [ [ [ -0.2364016, 51.5123491 ], [ -0.2363927, 51.5122892 ], [ -0.2363855, 51.5122422 ], [ -0.236326, 51.5118516 ], [ -0.2362958, 51.511853 ], [ -0.2361843, 51.5118606 ], [ -0.2360718, 51.5118682 ], [ -0.2359731, 51.511874899999988 ], [ -0.2358939, 51.511880299999987 ], [ -0.2358272, 51.5118848 ], [ -0.2357516, 51.5118899 ], [ -0.2356731, 51.5118953 ], [ -0.2355945, 51.5119006 ], [ -0.235532, 51.5119048 ], [ -0.2354982, 51.5119071 ], [ -0.2354997, 51.5119168 ], [ -0.2355103, 51.5119894 ], [ -0.2355192, 51.5120501 ], [ -0.2355265, 51.5120999 ], [ -0.235533, 51.512144 ], [ -0.2355402, 51.5121927 ], [ -0.2355469, 51.5122389 ], [ -0.2355594, 51.5123235 ], [ -0.2355656, 51.5123662 ], [ -0.236061, 51.5123359 ], [ -0.2360671, 51.5123768 ], [ -0.2363525, 51.5123604 ], [ -0.2363512, 51.512352 ], [ -0.2364016, 51.5123491 ] ] ] } },
{ "type": "Feature", "properties": { "id": "925548506", "name": null }, "geometry": { "type": "Polygon", "coordinates": [ [ [ -0.275412, 51.5021786 ], [ -0.2755021, 51.5023874 ], [ -0.2751922, 51.502443 ], [ -0.2752905, 51.5027862 ], [ -0.2755379, 51.5027992 ], [ -0.275976, 51.5028678 ], [ -0.276724, 51.5029142 ], [ -0.2766018, 51.5026526 ], [ -0.2760714, 51.5027473 ], [ -0.276007, 51.5026013 ], [ -0.2759065, 51.5026186 ], [ -0.2757728, 51.5023101 ], [ -0.2758716, 51.5022946 ], [ -0.2757845, 51.5020971 ], [ -0.2757497, 51.5021047 ], [ -0.275412, 51.5021786 ] ] ] } },
{ "type": "Feature", "properties": { "id": "953573093", "name": null }, "geometry": { "type": "Polygon", "coordinates": [ [ [ -0.1453278, 51.5433821 ], [ -0.145271, 51.5433977 ], [ -0.1453975, 51.5435696 ], [ -0.1454614, 51.5435521 ], [ -0.1453844, 51.5434464 ], [ -0.1453278, 51.5433821 ] ] ] } },
{ "type": "Feature", "properties": { "id": "954799486", "name": "Emlyn Gardens Estate" }, "geometry": { "type": "Polygon", "coordinates": [ [ [ -0.2498034, 51.4981805 ], [ -0.2499093, 51.4983208 ], [ -0.2502595, 51.4987872 ], [ -0.2506789, 51.4993499 ], [ -0.2509467, 51.4997 ], [ -0.2511387, 51.4999335 ], [ -0.2513678, 51.5002021 ], [ -0.2515062, 51.500342 ], [ -0.2516654, 51.5004966 ], [ -0.2517386, 51.5005616 ], [ -0.2517916, 51.5006086 ], [ -0.2518762, 51.5006837 ], [ -0.2519565, 51.500749 ], [ -0.2519876, 51.5007676 ], [ -0.2521649, 51.5006893 ], [ -0.2520022, 51.5005481 ], [ -0.2518543, 51.5004139 ], [ -0.2517094, 51.5002786 ], [ -0.2516123, 51.5001748 ], [ -0.2513515, 51.4998412 ], [ -0.2513158, 51.4998526 ], [ -0.2509804, 51.4994546 ], [ -0.2510934, 51.4994152 ], [ -0.250977, 51.49931 ], [ -0.2508209, 51.4991505 ], [ -0.2506652, 51.4989565 ], [ -0.2505488, 51.49879 ], [ -0.2504715, 51.4986746 ], [ -0.2503855, 51.4985461 ], [ -0.2502976, 51.4984149 ], [ -0.250086, 51.498103 ], [ -0.2498034, 51.4981805 ] ] ] } },
{ "type": "Feature", "properties": { "id": "954999338", "name": null }, "geometry": { "type": "Polygon", "coordinates": [ [ [ -0.1385457, 51.4499156 ], [ -0.1385364, 51.4498767 ], [ -0.1386017, 51.4494842 ], [ -0.1384453, 51.4494751 ], [ -0.1383639, 51.4495777 ], [ -0.1382326, 51.4496561 ], [ -0.138118, 51.4497264 ], [ -0.1383565, 51.4497759 ], [ -0.1385457, 51.4499156 ] ] ] } },
{ "type": "Feature", "properties": { "id": "959566079", "name": "Wanstead Park Road Allotments" }, "geometry": { "type": "Polygon", "coordinates": [ [ [ 0.0480321, 51.5719957 ], [ 0.0476335, 51.5718511 ], [ 0.0475249, 51.5718328 ], [ 0.0474511, 51.5718445 ], [ 0.0470407, 51.5717794 ], [ 0.0463152, 51.5717111 ], [ 0.0459182, 51.5716752 ], [ 0.0457466, 51.5716311 ], [ 0.0457264, 51.5716194 ], [ 0.0461704, 51.5712135 ], [ 0.0465325, 51.5708642 ], [ 0.0465687, 51.5708471 ], [ 0.0478187, 51.5713471 ], [ 0.0484945, 51.5716464 ], [ 0.0480321, 51.5719957 ] ] ] } },
{ "type": "Feature", "properties": { "id": "959794867", "name": "Vicarage Lane North Allotments" }, "geometry": { "type": "Polygon", "coordinates": [ [ [ 0.0875234, 51.5661609 ], [ 0.08758, 51.5664469 ], [ 0.0873198, 51.5664502 ], [ 0.0873151, 51.5662193 ], [ 0.0871897, 51.5660234 ], [ 0.0870509, 51.565815 ], [ 0.0871857, 51.5655407 ], [ 0.0873558, 51.5655586 ], [ 0.0873867, 51.5656236 ], [ 0.0874336, 51.5656595 ], [ 0.0874859, 51.5656753 ], [ 0.08762, 51.5656978 ], [ 0.08762, 51.5657187 ], [ 0.0876509, 51.5657137 ], [ 0.0877512, 51.5661468 ], [ 0.0875234, 51.5661609 ] ] ] } },
{ "type": "Feature", "properties": { "id": "959796001", "name": "Thornton Road Allotments" }, "geometry": { "type": "Polygon", "coordinates": [ [ [ 0.0697678, 51.5502691 ], [ 0.068628, 51.5523558 ], [ 0.0685961, 51.5523536 ], [ 0.068607, 51.552272 ], [ 0.0684595, 51.552262 ], [ 0.0684708, 51.5521015 ], [ 0.0684688, 51.5518505 ], [ 0.0684867, 51.5517377 ], [ 0.0685192, 51.5515344 ], [ 0.0686061, 51.5512935 ], [ 0.0689505, 51.5508567 ], [ 0.0691946, 51.5506999 ], [ 0.0693904, 51.5505265 ], [ 0.0694655, 51.550358 ], [ 0.0694701, 51.5501901 ], [ 0.0697678, 51.5502691 ] ] ] } },
{ "type": "Feature", "properties": { "id": "960169744", "name": null }, "geometry": { "type": "Polygon", "coordinates": [ [ [ 0.095975, 51.4459704 ], [ 0.0965215, 51.4455745 ], [ 0.0968397, 51.4457657 ], [ 0.0976195, 51.4463714 ], [ 0.0973266, 51.446514 ], [ 0.0967189, 51.4462311 ], [ 0.0967025, 51.4462253 ], [ 0.095975, 51.4459704 ] ] ] } },
{ "type": "Feature", "properties": { "id": "962565126", "name": null }, "geometry": { "type": "Polygon", "coordinates": [ [ [ 0.0665268, 51.4320762 ], [ 0.0667602, 51.432082099999988 ], [ 0.0667816, 51.4318179 ], [ 0.0665597, 51.4318121 ], [ 0.0665745, 51.431522 ], [ 0.0666469, 51.4312973 ], [ 0.0667696, 51.4312444 ], [ 0.0674997, 51.43208 ], [ 0.0667661, 51.4322503 ], [ 0.0665088, 51.4322416 ], [ 0.0665268, 51.4320762 ] ] ] } },
{ "type": "Feature", "properties": { "id": "963228878", "name": null }, "geometry": { "type": "Polygon", "coordinates": [ [ [ -0.2086922, 51.5581451 ], [ -0.20846, 51.5579166 ], [ -0.2082128, 51.5580138 ], [ -0.208445, 51.5582422 ], [ -0.2086922, 51.5581451 ] ] ] } },
{ "type": "Feature", "properties": { "id": "963228879", "name": null }, "geometry": { "type": "Polygon", "coordinates": [ [ [ -0.2086622, 51.5578259 ], [ -0.2088377, 51.558006 ], [ -0.2091184, 51.5579002 ], [ -0.2089428, 51.5577201 ], [ -0.2086622, 51.5578259 ] ] ] } },
{ "type": "Feature", "properties": { "id": "963228880", "name": null }, "geometry": { "type": "Polygon", "coordinates": [ [ [ -0.2090543, 51.5584872 ], [ -0.2088031, 51.5585831 ], [ -0.2089883, 51.5587707 ], [ -0.2092395, 51.5586748 ], [ -0.2090543, 51.5584872 ] ] ] } },
{ "type": "Feature", "properties": { "id": "963228881", "name": null }, "geometry": { "type": "Polygon", "coordinates": [ [ [ -0.2094409, 51.5585929 ], [ -0.209719, 51.558480499999988 ], [ -0.2095208, 51.5582909 ], [ -0.2092427, 51.558403299999988 ], [ -0.2094409, 51.5585929 ] ] ] } },
{ "type": "Feature", "properties": { "id": "966183627", "name": null }, "geometry": { "type": "Polygon", "coordinates": [ [ [ -0.0510692, 51.5243076 ], [ -0.0512983, 51.5241987 ], [ -0.0511363, 51.5240766 ], [ -0.050915, 51.5241893 ], [ -0.0510692, 51.5243076 ] ] ] } },
{ "type": "Feature", "properties": { "id": "972644198", "name": null }, "geometry": { "type": "Polygon", "coordinates": [ [ [ 0.1663801, 51.4364104 ], [ 0.1671794, 51.4359389 ], [ 0.1682442, 51.4372012 ], [ 0.1671928, 51.4374888 ], [ 0.1667744, 51.4367715 ], [ 0.1663801, 51.4364104 ] ] ] } },
{ "type": "Feature", "properties": { "id": "978078870", "name": null }, "geometry": { "type": "Polygon", "coordinates": [ [ [ -0.0365432, 51.4388938 ], [ -0.0367785, 51.4389043 ], [ -0.0372084, 51.4389141 ], [ -0.0376481, 51.4389203 ], [ -0.0375442, 51.4387264 ], [ -0.0375123, 51.4386366 ], [ -0.0374839, 51.43856 ], [ -0.0374574, 51.4385327 ], [ -0.0373723, 51.4384453 ], [ -0.0365346, 51.4388058 ], [ -0.0365432, 51.4388938 ] ] ] } },
{ "type": "Feature", "properties": { "id": "978173614", "name": null }, "geometry": { "type": "Polygon", "coordinates": [ [ [ 0.1387668, 51.4650218 ], [ 0.1386438, 51.4647645 ], [ 0.1385894, 51.4646506 ], [ 0.1385806, 51.4646321 ], [ 0.1383091, 51.4640638 ], [ 0.1382008, 51.463837 ], [ 0.139161, 51.4639331 ], [ 0.1396304, 51.4648271 ], [ 0.138815, 51.4650301 ], [ 0.1387668, 51.4650218 ] ] ] } },
{ "type": "Feature", "properties": { "id": "987162516", "name": "Bow Cross Food Growing Project" }, "geometry": { "type": "Polygon", "coordinates": [ [ [ -0.0171272, 51.5247525 ], [ -0.0174028, 51.5246761 ], [ -0.0175175, 51.5246064 ], [ -0.0171461, 51.5245957 ], [ -0.0171272, 51.5247525 ] ] ] } },
{ "type": "Feature", "properties": { "id": "991299765", "name": null }, "geometry": { "type": "Polygon", "coordinates": [ [ [ 0.1090221, 51.4654779 ], [ 0.1094155, 51.4658525 ], [ 0.1093886, 51.4658573 ], [ 0.1090222, 51.465912599999989 ], [ 0.1083951, 51.466011 ], [ 0.1083227, 51.4659732 ], [ 0.1090031, 51.4654914 ], [ 0.1090221, 51.4654779 ] ] ] } },
{ "type": "Feature", "properties": { "id": "991540150", "name": null }, "geometry": { "type": "Polygon", "coordinates": [ [ [ 0.1070402, 51.4649303 ], [ 0.1075961, 51.464867 ], [ 0.1076632, 51.465103199999987 ], [ 0.1071754, 51.4654052 ], [ 0.1070402, 51.4649303 ] ] ] } },
{ "type": "Feature", "properties": { "id": "991630877", "name": null }, "geometry": { "type": "Polygon", "coordinates": [ [ [ 0.1080851, 51.4085164 ], [ 0.107625, 51.4085034 ], [ 0.1076424, 51.4082202 ], [ 0.1081862, 51.4082027 ], [ 0.1081851, 51.4082666 ], [ 0.1081097, 51.4082638 ], [ 0.1080851, 51.4085164 ] ] ] } },
{ "type": "Feature", "properties": { "id": "991631869", "name": null }, "geometry": { "type": "Polygon", "coordinates": [ [ [ 0.0697026, 51.4087845 ], [ 0.069914, 51.4093871 ], [ 0.0696744, 51.4093872 ], [ 0.0693271, 51.4093203 ], [ 0.068965, 51.4091387 ], [ 0.0685814, 51.4090517 ], [ 0.067939, 51.4088108 ], [ 0.0676842, 51.4086745 ], [ 0.067935, 51.4084737 ], [ 0.0685338, 51.4087242 ], [ 0.0690917, 51.4088773 ], [ 0.069197, 51.4087711 ], [ 0.0697026, 51.4087845 ] ] ] } },
{ "type": "Feature", "properties": { "id": "991635889", "name": null }, "geometry": { "type": "Polygon", "coordinates": [ [ [ 0.0071353, 51.4020817 ], [ 0.0059639, 51.402814199999987 ], [ 0.0059331, 51.4028042 ], [ 0.0056769, 51.4027071 ], [ 0.0069737, 51.4019935 ], [ 0.0071353, 51.4020817 ] ] ] } },
{ "type": "Feature", "properties": { "id": "997552133", "name": null }, "geometry": { "type": "Polygon", "coordinates": [ [ [ 0.1635028, 51.4755023 ], [ 0.1637536, 51.4754818 ], [ 0.1638803, 51.4759834 ], [ 0.1636174, 51.4760072 ], [ 0.1635028, 51.4755023 ] ] ] } },
{ "type": "Feature", "properties": { "id": "997552439", "name": null }, "geometry": { "type": "Polygon", "coordinates": [ [ [ 0.1642638, 51.465977599999988 ], [ 0.1647654, 51.4661129 ], [ 0.1636952, 51.4673327 ], [ 0.1627672, 51.4675315 ], [ 0.1624936, 51.4675349 ], [ 0.1624614, 51.4671288 ], [ 0.1642638, 51.465977599999988 ] ] ] } },
{ "type": "Feature", "properties": { "id": "997552986", "name": null }, "geometry": { "type": "Polygon", "coordinates": [ [ [ 0.1365365, 51.4656902 ], [ 0.1365016, 51.4651697 ], [ 0.1375383, 51.4652323 ], [ 0.1376992, 51.4657528 ], [ 0.1365365, 51.4656902 ] ] ] } },
{ "type": "Feature", "properties": { "id": "997554635", "name": null }, "geometry": { "type": "Polygon", "coordinates": [ [ [ 0.1307698, 51.4747008 ], [ 0.1308891, 51.474568 ], [ 0.1297867, 51.4741654 ], [ 0.1299745, 51.4739766 ], [ 0.1329745, 51.4753306 ], [ 0.1328431, 51.4754476 ], [ 0.1307698, 51.4747008 ] ] ] } },
{ "type": "Feature", "properties": { "id": "1004008727", "name": null }, "geometry": { "type": "Polygon", "coordinates": [ [ [ -0.3460506, 51.6142068 ], [ -0.3460398, 51.614355 ], [ -0.3462853, 51.6143026 ], [ -0.3462864, 51.6141718 ], [ -0.3460506, 51.6142068 ] ] ] } },
{ "type": "Feature", "properties": { "id": "1008717152", "name": "Chesterman-Robinson Allotments" }, "geometry": { "type": "Polygon", "coordinates": [ [ [ -0.137808, 51.4163073 ], [ -0.1381545, 51.4160848 ], [ -0.1381471, 51.4160816 ], [ -0.1379591, 51.415998099999989 ], [ -0.1375612, 51.4158285 ], [ -0.1372922, 51.4157261 ], [ -0.1373744, 51.4156236 ], [ -0.1374725, 51.4155012 ], [ -0.1374647, 51.4154984 ], [ -0.1374595, 51.4154965 ], [ -0.1373411, 51.4156349 ], [ -0.137129, 51.4158901 ], [ -0.1374725, 51.416088 ], [ -0.1378002, 51.4163022 ], [ -0.137808, 51.4163073 ] ] ] } },
{ "type": "Feature", "properties": { "id": "1008726722", "name": null }, "geometry": { "type": "Polygon", "coordinates": [ [ [ 0.1100741, 51.4842786 ], [ 0.1096028, 51.4844714 ], [ 0.1094105, 51.4845352 ], [ 0.109269, 51.4845885 ], [ 0.1092647, 51.4842806 ], [ 0.109886, 51.4840588 ], [ 0.1099779, 51.4841477 ], [ 0.1100741, 51.4842786 ] ] ] } },
{ "type": "Feature", "properties": { "id": "1013794051", "name": "Columbia Primary School Edible Garden" }, "geometry": { "type": "Polygon", "coordinates": [ [ [ -0.0683122, 51.5298287 ], [ -0.0682491, 51.5298353 ], [ -0.0682844, 51.5299673 ], [ -0.0683476, 51.5299609 ], [ -0.0683122, 51.5298287 ] ] ] } },
{ "type": "Feature", "properties": { "id": "1013884793", "name": "Chaselands Allotments" }, "geometry": { "type": "Polygon", "coordinates": [ [ [ -0.098537, 51.6652716 ], [ -0.0982931, 51.6649763 ], [ -0.0988059, 51.6647985 ], [ -0.0988012, 51.6647886 ], [ -0.098261, 51.6649469 ], [ -0.0978416, 51.6651025 ], [ -0.097627, 51.6651857 ], [ -0.097627, 51.6653455 ], [ -0.0977612, 51.6654437 ], [ -0.0979382, 51.6658879 ], [ -0.0983191, 51.6658345 ], [ -0.0985171, 51.666039 ], [ -0.0988526, 51.6664852 ], [ -0.0990309, 51.6668371 ], [ -0.099451, 51.6667741 ], [ -0.0989633, 51.6659825 ], [ -0.0989491, 51.6659596 ], [ -0.098537, 51.6652716 ] ] ] } },
{ "type": "Feature", "properties": { "id": "1025324330", "name": null }, "geometry": { "type": "Polygon", "coordinates": [ [ [ -0.3076742, 51.5285054 ], [ -0.3073194, 51.5278538 ], [ -0.3072182, 51.5278391 ], [ -0.3072051, 51.5280655 ], [ -0.307389, 51.5285511 ], [ -0.3076742, 51.5285054 ] ] ] } },
{ "type": "Feature", "properties": { "id": "1039409250", "name": null }, "geometry": { "type": "Polygon", "coordinates": [ [ [ -0.1912578, 51.4412622 ], [ -0.1911222, 51.4410187 ], [ -0.1909105, 51.4410858 ], [ -0.190789, 51.4411382 ], [ -0.1907318, 51.4411716 ], [ -0.1906193, 51.4413745 ], [ -0.1912578, 51.4412622 ] ] ] } },
{ "type": "Feature", "properties": { "id": "1052281106", "name": "Beecholme and Casimir Community Growing Group" }, "geometry": { "type": "Polygon", "coordinates": [ [ [ -0.0535572, 51.5594245 ], [ -0.0535082, 51.5593044 ], [ -0.0533747, 51.5593254 ], [ -0.0534236, 51.559445499999988 ], [ -0.0534416, 51.5594427 ], [ -0.0535572, 51.5594245 ] ] ] } },
{ "type": "Feature", "properties": { "id": "1063385106", "name": null }, "geometry": { "type": "Polygon", "coordinates": [ [ [ 0.1430788, 51.4916001 ], [ 0.1444105, 51.4915791 ], [ 0.1455893, 51.491597 ], [ 0.1455964, 51.4918707 ], [ 0.1430542, 51.491782 ], [ 0.1430788, 51.4916001 ] ] ] } },
{ "type": "Feature", "properties": { "id": "1089310538", "name": null }, "geometry": { "type": "Polygon", "coordinates": [ [ [ -0.1173073, 51.4278244 ], [ -0.117774, 51.427819 ], [ -0.117766, 51.4277273 ], [ -0.117763, 51.4276281 ], [ -0.11776, 51.4276013 ], [ -0.1178038, 51.4274963 ], [ -0.1177465, 51.427369 ], [ -0.1175516, 51.4273647 ], [ -0.1173146, 51.4273569 ], [ -0.1173073, 51.4278244 ] ] ] } },
{ "type": "Feature", "properties": { "id": "1089310814", "name": null }, "geometry": { "type": "Polygon", "coordinates": [ [ [ -0.1358089, 51.4432839 ], [ -0.1358908, 51.4432468 ], [ -0.1357875, 51.4431503 ], [ -0.13575, 51.4431052 ], [ -0.1357151, 51.4430186 ], [ -0.1356467, 51.4429359 ], [ -0.1355327, 51.4428377 ], [ -0.1352812, 51.4429305 ], [ -0.1354122, 51.4431397 ], [ -0.1354771, 51.4432121 ], [ -0.1356081, 51.4433515 ], [ -0.1358089, 51.4432839 ] ] ] } },
{ "type": "Feature", "properties": { "id": "1089310976", "name": null }, "geometry": { "type": "Polygon", "coordinates": [ [ [ -0.0961143, 51.4460913 ], [ -0.0964522, 51.4459367 ], [ -0.0965206, 51.4458982 ], [ -0.0962926, 51.4456788 ], [ -0.0959171, 51.4458498 ], [ -0.0961143, 51.4460913 ] ] ] } },
{ "type": "Feature", "properties": { "id": "1089312231", "name": null }, "geometry": { "type": "Polygon", "coordinates": [ [ [ -0.0461294, 51.3998511 ], [ -0.0455939, 51.3993262 ], [ -0.0453878, 51.399404 ], [ -0.0456766, 51.3997078 ], [ -0.0459719, 51.3998363 ], [ -0.0461294, 51.3998511 ] ] ] } },
{ "type": "Feature", "properties": { "id": "1089312483", "name": null }, "geometry": { "type": "Polygon", "coordinates": [ [ [ -0.1552008, 51.324446 ], [ -0.1547283, 51.3245034 ], [ -0.1550354, 51.3252137 ], [ -0.1555656, 51.3249348 ], [ -0.1552008, 51.324446 ] ] ] } },
{ "type": "Feature", "properties": { "id": "1089313235", "name": null }, "geometry": { "type": "Polygon", "coordinates": [ [ [ -0.2569574, 51.5155975 ], [ -0.2565531, 51.5154587 ], [ -0.2563497, 51.5156792 ], [ -0.2564783, 51.515729 ], [ -0.2564127, 51.5157878 ], [ -0.256582, 51.5159512 ], [ -0.2568905, 51.5156155 ], [ -0.2569141, 51.5156065 ], [ -0.2569351, 51.5156098 ], [ -0.2569574, 51.5155975 ] ] ] } },
{ "type": "Feature", "properties": { "id": "1089313386", "name": null }, "geometry": { "type": "Polygon", "coordinates": [ [ [ -0.3027682, 51.4970833 ], [ -0.3027162, 51.4969461 ], [ -0.3023948, 51.4970077 ], [ -0.302464, 51.4971353 ], [ -0.3027682, 51.4970833 ] ] ] } },
{ "type": "Feature", "properties": { "id": "1089313647", "name": null }, "geometry": { "type": "Polygon", "coordinates": [ [ [ -0.3800333, 51.476311599999988 ], [ -0.3799756, 51.4761203 ], [ -0.3788919, 51.4762472 ], [ -0.3789496, 51.4764385 ], [ -0.3800333, 51.476311599999988 ] ] ] } },
{ "type": "Feature", "properties": { "id": "1089313834", "name": null }, "geometry": { "type": "Polygon", "coordinates": [ [ [ -0.399958, 51.4555058 ], [ -0.4002884, 51.4557338 ], [ -0.400685, 51.4558419 ], [ -0.4006859, 51.4556054 ], [ -0.399958, 51.4555058 ] ] ] } },
{ "type": "Feature", "properties": { "id": "1089313931", "name": null }, "geometry": { "type": "Polygon", "coordinates": [ [ [ -0.4032374, 51.455051 ], [ -0.401543, 51.4549111 ], [ -0.4015193, 51.4549839 ], [ -0.4017372, 51.4550117 ], [ -0.4017497, 51.4551524 ], [ -0.4019538, 51.4551728 ], [ -0.4019065, 51.4552955 ], [ -0.4022123, 51.4553389 ], [ -0.4022583, 51.4552121 ], [ -0.4024748, 51.455237399999987 ], [ -0.4025063, 51.4551712 ], [ -0.4031823, 51.4552693 ], [ -0.4032374, 51.455051 ] ] ] } },
{ "type": "Feature", "properties": { "id": "1091228734", "name": null }, "geometry": { "type": "Polygon", "coordinates": [ [ [ -0.1646571, 51.544269 ], [ -0.1646489, 51.5442447 ], [ -0.1646407, 51.5442203 ], [ -0.1643322, 51.5442606 ], [ -0.1642305, 51.543959 ], [ -0.1642172, 51.5439196 ], [ -0.1641474, 51.5439287 ], [ -0.1641605, 51.5439678 ], [ -0.1642789, 51.5443184 ], [ -0.1646571, 51.544269 ] ] ] } },
{ "type": "Feature", "properties": { "id": "1120144145", "name": null }, "geometry": { "type": "Polygon", "coordinates": [ [ [ -0.3411104, 51.6234076 ], [ -0.3410841, 51.6233571 ], [ -0.340516, 51.6233828 ], [ -0.3405424, 51.6234389 ], [ -0.3406874, 51.6234309 ], [ -0.3411104, 51.6234076 ] ] ] } },
{ "type": "Feature", "properties": { "id": "1124118149", "name": null }, "geometry": { "type": "Polygon", "coordinates": [ [ [ 0.0598595, 51.5304004 ], [ 0.0595888, 51.5303603 ], [ 0.0593724, 51.5303366 ], [ 0.0589183, 51.5302874 ], [ 0.0589286, 51.5302621 ], [ 0.0589375, 51.5302387 ], [ 0.0593763, 51.5302864 ], [ 0.0594736, 51.5300083 ], [ 0.0595405, 51.5300309 ], [ 0.0595232, 51.5300486 ], [ 0.0596668, 51.5301028 ], [ 0.0596671, 51.5301049 ], [ 0.059853, 51.5302364 ], [ 0.0599141, 51.5302713 ], [ 0.0598743, 51.5303653 ], [ 0.0598595, 51.5304004 ] ] ] } },
{ "type": "Feature", "properties": { "id": "1131131269", "name": null }, "geometry": { "type": "Polygon", "coordinates": [ [ [ -0.2002097, 51.6156609 ], [ -0.1994185, 51.6150331 ], [ -0.1991894, 51.6150559 ], [ -0.1991766, 51.6151101 ], [ -0.1991468, 51.6151975 ], [ -0.1990969, 51.6153185 ], [ -0.1990601, 51.6153847 ], [ -0.1989898, 51.6155113 ], [ -0.2004899, 51.6159523 ], [ -0.2005455, 51.6159273 ], [ -0.2002097, 51.6156609 ] ] ] } },
{ "type": "Feature", "properties": { "id": "1133424305", "name": null }, "geometry": { "type": "Polygon", "coordinates": [ [ [ -0.1304593, 51.4751545 ], [ -0.1305041, 51.475111 ], [ -0.130606, 51.4750125 ], [ -0.1305057, 51.4749777 ], [ -0.1304137, 51.4750785 ], [ -0.1303131, 51.4750447 ], [ -0.1302476, 51.475048 ], [ -0.1302301, 51.4750674 ], [ -0.1304593, 51.4751545 ] ] ] } },
{ "type": "Feature", "properties": { "id": "1134749815", "name": null }, "geometry": { "type": "Polygon", "coordinates": [ [ [ 0.01302, 51.4201231 ], [ 0.0127732, 51.4200952 ], [ 0.0127299, 51.4200649 ], [ 0.012327, 51.4197822 ], [ 0.0122671, 51.4197136 ], [ 0.0137503, 51.4196384 ], [ 0.0137664, 51.4196551 ], [ 0.0135693, 51.419804 ], [ 0.0131965, 51.4200473 ], [ 0.01302, 51.4201231 ] ] ] } },
{ "type": "Feature", "properties": { "id": "1148788832", "name": "Branch Hill Allotments" }, "geometry": { "type": "Polygon", "coordinates": [ [ [ -0.1830656, 51.5591449 ], [ -0.1828709, 51.5588072 ], [ -0.1817106, 51.5589865 ], [ -0.181764, 51.5590433 ], [ -0.1818016, 51.559083199999989 ], [ -0.1820552, 51.559069 ], [ -0.1822109, 51.5592011 ], [ -0.1823171, 51.5592561 ], [ -0.1830656, 51.5591449 ] ] ] } },
{ "type": "Feature", "properties": { "id": "1154749606", "name": null }, "geometry": { "type": "Polygon", "coordinates": [ [ [ -0.1993815, 51.6064852 ], [ -0.2005965, 51.6068291 ], [ -0.2012214, 51.606353 ], [ -0.2010015, 51.606003699999988 ], [ -0.20078, 51.6058557 ], [ -0.2009165, 51.605506 ], [ -0.2009593, 51.6054659 ], [ -0.2010413, 51.6053651 ], [ -0.200314, 51.605147 ], [ -0.1995467, 51.6057905 ], [ -0.2000366, 51.60594 ], [ -0.1993815, 51.6064852 ] ] ] } },
{ "type": "Feature", "properties": { "id": "1161861881", "name": null }, "geometry": { "type": "Polygon", "coordinates": [ [ [ -0.1135422, 51.4904166 ], [ -0.1133439, 51.4903276 ], [ -0.1131421, 51.490502 ], [ -0.1133405, 51.490591 ], [ -0.1135422, 51.4904166 ] ] ] } },
{ "type": "Feature", "properties": { "id": "1162290586", "name": null }, "geometry": { "type": "Polygon", "coordinates": [ [ [ -0.1198131, 51.4855126 ], [ -0.1198897, 51.4854139 ], [ -0.1198148, 51.4853914 ], [ -0.1197382, 51.48549 ], [ -0.1198131, 51.4855126 ] ] ] } },
{ "type": "Feature", "properties": { "id": "1165292866", "name": null }, "geometry": { "type": "Polygon", "coordinates": [ [ [ -0.1159791, 51.4985545 ], [ -0.1157826, 51.4984917 ], [ -0.1157304, 51.4985549 ], [ -0.1159269, 51.4986178 ], [ -0.1159791, 51.4985545 ] ] ] } },
{ "type": "Feature", "properties": { "id": "1185098304", "name": null }, "geometry": { "type": "Polygon", "coordinates": [ [ [ -0.1159871, 51.5301956 ], [ -0.1160262, 51.530404 ], [ -0.1160293, 51.5304208 ], [ -0.1160354, 51.5304212 ], [ -0.1160773, 51.5304169 ], [ -0.1161283, 51.5303952 ], [ -0.116152, 51.5303722 ], [ -0.1162378, 51.5302669 ], [ -0.1160552, 51.5301945 ], [ -0.1159871, 51.5301956 ] ] ] } },
{ "type": "Feature", "properties": { "id": "1201681194", "name": "Carpenter Gardens" }, "geometry": { "type": "Polygon", "coordinates": [ [ [ -0.0936688, 51.6288569 ], [ -0.0936661, 51.6286663 ], [ -0.0934207, 51.6286679 ], [ -0.0934502, 51.6288565 ], [ -0.0936688, 51.6288569 ] ] ] } },
{ "type": "Feature", "properties": { "id": "1201681195", "name": "Carpenter Gardens" }, "geometry": { "type": "Polygon", "coordinates": [ [ [ -0.095338, 51.627877 ], [ -0.0949706, 51.6278536 ], [ -0.0949411, 51.6280251 ], [ -0.095338, 51.627877 ] ] ] } },
{ "type": "Feature", "properties": { "id": "1201681196", "name": "Carpenter Gardens" }, "geometry": { "type": "Polygon", "coordinates": [ [ [ -0.0960204, 51.6277747 ], [ -0.0960573, 51.6275645 ], [ -0.0957999, 51.6275433 ], [ -0.0957553, 51.62778 ], [ -0.0960204, 51.6277747 ] ] ] } },
{ "type": "Feature", "properties": { "id": "1203543228", "name": null }, "geometry": { "type": "Polygon", "coordinates": [ [ [ -0.1267234, 51.5714932 ], [ -0.1265715, 51.5714388 ], [ -0.1263312, 51.5716264 ], [ -0.126374, 51.5716596 ], [ -0.1267234, 51.5714932 ] ] ] } },
{ "type": "Feature", "properties": { "id": "1205352844", "name": "Community plots" }, "geometry": { "type": "Polygon", "coordinates": [ [ [ -0.0342383, 51.4998796 ], [ -0.034221, 51.4994939 ], [ -0.0341724, 51.4994957 ], [ -0.0341724, 51.4998798 ], [ -0.0342383, 51.4998796 ] ] ] } },
{ "type": "Feature", "properties": { "id": "1205352845", "name": "Youth plots" }, "geometry": { "type": "Polygon", "coordinates": [ [ [ -0.034189, 51.50003550000001 ], [ -0.0341872, 51.5000164 ], [ -0.0336386, 51.5000614 ], [ -0.0336393, 51.500086 ], [ -0.0338787, 51.500075 ], [ -0.034189, 51.50003550000001 ] ] ] } },
{ "type": "Feature", "properties": { "id": "1205352850", "name": "Plot to Shop" }, "geometry": { "type": "Polygon", "coordinates": [ [ [ -0.0340142, 51.4994561 ], [ -0.0340109, 51.4993903 ], [ -0.0337941, 51.4993945 ], [ -0.0337975, 51.4994603 ], [ -0.0340142, 51.4994561 ] ] ] } },
{ "type": "Feature", "properties": { "id": "1208735052", "name": null }, "geometry": { "type": "Polygon", "coordinates": [ [ [ -0.1452745, 51.6400064 ], [ -0.1452769, 51.6399698 ], [ -0.1452316, 51.6399678 ], [ -0.1448624, 51.6399516 ], [ -0.1448601, 51.6399933 ], [ -0.1449455, 51.6399973 ], [ -0.1452745, 51.6400064 ] ] ] } },
{ "type": "Feature", "properties": { "id": "1208735054", "name": null }, "geometry": { "type": "Polygon", "coordinates": [ [ [ -0.1448257, 51.6399912 ], [ -0.1448263, 51.6399534 ], [ -0.1446492, 51.6399477 ], [ -0.1445448, 51.639945 ], [ -0.144541, 51.639978899999988 ], [ -0.1448257, 51.6399912 ] ] ] } },
{ "type": "Feature", "properties": { "id": "1210877304", "name": null }, "geometry": { "type": "Polygon", "coordinates": [ [ [ -0.2060176, 51.4733604 ], [ -0.2058793, 51.4734627 ], [ -0.2060444, 51.4735493 ], [ -0.2061827, 51.4734469 ], [ -0.2060176, 51.4733604 ] ] ] } },
{ "type": "Feature", "properties": { "id": "1215299654", "name": null }, "geometry": { "type": "Polygon", "coordinates": [ [ [ -0.1184051, 51.4782017 ], [ -0.1182826, 51.4781553 ], [ -0.1181368, 51.478304599999987 ], [ -0.1182593, 51.478351 ], [ -0.1184051, 51.4782017 ] ] ] } },
{ "type": "Feature", "properties": { "id": "1230980082", "name": null }, "geometry": { "type": "Polygon", "coordinates": [ [ [ -0.0576261, 51.4707126 ], [ -0.0572102, 51.4707968 ], [ -0.0572752, 51.4709457 ], [ -0.0577043, 51.4708621 ], [ -0.0576261, 51.4707126 ] ] ] } },
{ "type": "Feature", "properties": { "id": "1231695932", "name": null }, "geometry": { "type": "Polygon", "coordinates": [ [ [ 0.1097347, 51.4854866 ], [ 0.1099464, 51.4854523 ], [ 0.110176, 51.4858631 ], [ 0.1099046, 51.4859086 ], [ 0.1097347, 51.4854866 ] ] ] } },
{ "type": "Feature", "properties": { "id": "1233182622", "name": null }, "geometry": { "type": "Polygon", "coordinates": [ [ [ -0.1924637, 51.4252282 ], [ -0.1923789, 51.4248341 ], [ -0.1922354, 51.424846099999989 ], [ -0.1923109, 51.4251975 ], [ -0.1923376, 51.4251953 ], [ -0.1923468, 51.425238 ], [ -0.1924637, 51.4252282 ] ] ] } },
{ "type": "Feature", "properties": { "id": "1240496081", "name": null }, "geometry": { "type": "Polygon", "coordinates": [ [ [ -0.1152076, 51.4987133 ], [ -0.1153437, 51.4985524 ], [ -0.115115, 51.4984773 ], [ -0.1150973, 51.4984736 ], [ -0.1150749, 51.4984732 ], [ -0.1150579, 51.4984779 ], [ -0.1150416, 51.4984883 ], [ -0.1150325, 51.4984999 ], [ -0.1150292, 51.4985147 ], [ -0.11504, 51.4985662 ], [ -0.1150622, 51.4986724 ], [ -0.11509, 51.4987751 ], [ -0.1151423, 51.498792 ], [ -0.1152076, 51.4987133 ] ] ] } },
{ "type": "Feature", "properties": { "id": "1244756995", "name": null }, "geometry": { "type": "Polygon", "coordinates": [ [ [ -0.1359548, 51.5423168 ], [ -0.1360051, 51.5422786 ], [ -0.1357995, 51.5421741 ], [ -0.1357456, 51.542215 ], [ -0.1357574, 51.542221 ], [ -0.1357287, 51.5422428 ], [ -0.1357728, 51.5422653 ], [ -0.1358051, 51.5422407 ], [ -0.1359548, 51.5423168 ] ] ] } },
{ "type": "Feature", "properties": { "id": "1244756997", "name": null }, "geometry": { "type": "Polygon", "coordinates": [ [ [ -0.1368895, 51.5430326 ], [ -0.1369247, 51.5430056 ], [ -0.1368408, 51.5429616 ], [ -0.1368151, 51.5429803 ], [ -0.136889, 51.5430183 ], [ -0.136878, 51.5430267 ], [ -0.1368895, 51.5430326 ] ] ] } },
{ "type": "Feature", "properties": { "id": "1244757003", "name": null }, "geometry": { "type": "Polygon", "coordinates": [ [ [ -0.1365318, 51.543261799999989 ], [ -0.1365561, 51.5432443 ], [ -0.1365059, 51.5432172 ], [ -0.1364816, 51.5432347 ], [ -0.1365318, 51.543261799999989 ] ] ] } },
{ "type": "Feature", "properties": { "id": "1309948780", "name": null }, "geometry": { "type": "Polygon", "coordinates": [ [ [ -0.0999324, 51.6674732 ], [ -0.0994992, 51.667647099999989 ], [ -0.0996159, 51.6678201 ], [ -0.100096, 51.6676146 ], [ -0.0999324, 51.6674732 ] ] ] } },
{ "type": "Feature", "properties": { "id": "1332037553", "name": null }, "geometry": { "type": "Polygon", "coordinates": [ [ [ -0.2476884, 51.4679864 ], [ -0.2476986, 51.4678771 ], [ -0.2474182, 51.4678532 ], [ -0.2473682, 51.4679816 ], [ -0.2476884, 51.4679864 ] ] ] } },
{ "type": "Feature", "properties": { "id": "1332037554", "name": null }, "geometry": { "type": "Polygon", "coordinates": [ [ [ -0.2467566, 51.4683342 ], [ -0.2468864, 51.4682146 ], [ -0.2467529, 51.4681583 ], [ -0.246623, 51.4682779 ], [ -0.2467566, 51.4683342 ] ] ] } },
{ "type": "Feature", "properties": { "id": "1332409407", "name": "Burial Ground Allotments" }, "geometry": { "type": "Polygon", "coordinates": [ [ [ -0.263002, 51.4807987 ], [ -0.2636385, 51.4804122 ], [ -0.2639626, 51.4801994 ], [ -0.2642953, 51.4799773 ], [ -0.2643208, 51.4799602 ], [ -0.2643831, 51.4799182 ], [ -0.2644469, 51.4798765 ], [ -0.2645025, 51.479839399999989 ], [ -0.2650231, 51.4794877 ], [ -0.2640228, 51.4789165 ], [ -0.2620212, 51.4802589 ], [ -0.263002, 51.4807987 ] ] ] } },
{ "type": "Feature", "properties": { "id": "1332409408", "name": "Staveley Road Allotments" }, "geometry": { "type": "Polygon", "coordinates": [ [ [ -0.2636385, 51.4804122 ], [ -0.263002, 51.4807987 ], [ -0.2620212, 51.4802589 ], [ -0.2614744, 51.4806256 ], [ -0.261525, 51.4806549 ], [ -0.2626896, 51.4813263 ], [ -0.2628173, 51.4812399 ], [ -0.2628234, 51.4812256 ], [ -0.2627972, 51.4811592 ], [ -0.2629104, 51.4811396 ], [ -0.2631748, 51.4809655 ], [ -0.2635552, 51.4808659 ], [ -0.2635861, 51.4809166 ], [ -0.2643661, 51.4808525 ], [ -0.2636385, 51.4804122 ] ] ] } },
{ "type": "Feature", "properties": { "id": "1342270717", "name": null }, "geometry": { "type": "Polygon", "coordinates": [ [ [ -0.0443523, 51.5180012 ], [ -0.0443919, 51.5178786 ], [ -0.0443906, 51.5178448 ], [ -0.0443765, 51.5178172 ], [ -0.0443544, 51.5177976 ], [ -0.044315, 51.517782 ], [ -0.0442939, 51.5177693 ], [ -0.0442787, 51.5177541 ], [ -0.0442747, 51.517736 ], [ -0.0442863, 51.5177162 ], [ -0.0443057, 51.5176991 ], [ -0.0441527, 51.5176735 ], [ -0.0441324, 51.5176614 ], [ -0.0441146, 51.5176284 ], [ -0.0439189, 51.5176066 ], [ -0.043906, 51.5176292 ], [ -0.0438852, 51.5176391 ], [ -0.0438643, 51.517649 ], [ -0.043822, 51.5177717 ], [ -0.0437862, 51.5178538 ], [ -0.0438809, 51.5178978 ], [ -0.0442389, 51.5179915 ], [ -0.0443523, 51.5180012 ] ] ] } },
{ "type": "Feature", "properties": { "id": "1347145480", "name": null }, "geometry": { "type": "Polygon", "coordinates": [ [ [ -0.106515, 51.6248797 ], [ -0.1066411, 51.624585 ], [ -0.1064481, 51.6245489 ], [ -0.1063188, 51.6248073 ], [ -0.106515, 51.6248797 ] ] ] } },
{ "type": "Feature", "properties": { "id": "1362352080", "name": "Harvey Road Community Garden" }, "geometry": { "type": "Polygon", "coordinates": [ [ [ 0.0131972, 51.5678908 ], [ 0.0132607, 51.5679227 ], [ 0.0134055, 51.5678907 ], [ 0.013473, 51.5678731 ], [ 0.0135127, 51.5679845 ], [ 0.013495, 51.5679811 ], [ 0.0132446, 51.567976099999989 ], [ 0.0131972, 51.5678908 ] ] ] } },
{ "type": "Feature", "properties": { "id": "1421034995", "name": null }, "geometry": { "type": "Polygon", "coordinates": [ [ [ -0.1662565, 51.5432994 ], [ -0.1658933, 51.543349 ], [ -0.1659969, 51.5436917 ], [ -0.1660616, 51.5436834 ], [ -0.1659673, 51.5433929 ], [ -0.1662738, 51.5433516 ], [ -0.1662565, 51.5432994 ] ] ] } },
{ "type": "Feature", "properties": { "id": "1428020621", "name": null }, "geometry": { "type": "Polygon", "coordinates": [ [ [ -0.0677104, 51.556983 ], [ -0.0675285, 51.5565565 ], [ -0.0673676, 51.5565799 ], [ -0.0676012, 51.5570099 ], [ -0.0676934, 51.5569874 ], [ -0.0677104, 51.556983 ] ] ] } },
{ "type": "Feature", "properties": { "id": "1428020622", "name": null }, "geometry": { "type": "Polygon", "coordinates": [ [ [ -0.068165, 51.5577159 ], [ -0.0679568, 51.557363 ], [ -0.0680128, 51.5573491 ], [ -0.0680009, 51.5573305 ], [ -0.0679449, 51.5573443 ], [ -0.067812, 51.5573742 ], [ -0.0680394, 51.5577428 ], [ -0.068165, 51.5577159 ] ] ] } },
{ "type": "Feature", "properties": { "id": "1491243755", "name": "Basing Hill Community Garden" }, "geometry": { "type": "Polygon", "coordinates": [ [ [ -0.2064282, 51.567689 ], [ -0.2063853, 51.567614 ], [ -0.2060768, 51.567664 ], [ -0.2061144, 51.5677473 ], [ -0.2064282, 51.567689 ] ] ] } }
]
}
