{
"type": "FeatureCollection",
"name": "allotments_points",
"crs": { "type": "name", "properties": { "name": "urn:ogc:def:crs:OGC:1.3:CRS84" } },
"features": [
{ "type": "Feature", "properties": { "id": "12319642", "name": "Pickhurst Green Allotments" }, "geometry": { "type": "Point", "coordinates": [ 0.008174909076208, 51.386558384855569 ] } },
{ "type": "Feature", "properties": { "id": "14627390", "name": "Golders Green Allotments" }, "geometry": { "type": "Point", "coordinates": [ -0.212079457748679, 51.571979961360277 ] } },
{ "type": "Feature", "properties": { "id": "15157086", "name": "Fursby Avenue Allotment Society" }, "geometry": { "type": "Point", "coordinates": [ -0.1944380202842, 51.611137373346537 ] } },
{ "type": "Feature", "properties": { "id": "15657066", "name": "Westcott Park Community Garden" }, "geometry": { "type": "Point", "coordinates": [ -0.256999554010265, 51.519841913936432 ] } },
{ "type": "Feature", "properties": { "id": "16855173", "name": "Dollis Valley Allotments" }, "geometry": { "type": "Point", "coordinates": [ -0.201597027249921, 51.642925047259624 ] } },
{ "type": "Feature", "properties": { "id": "19958592", "name": "Leyes Road Allotment Site" }, "geometry": { "type": "Point", "coordinates": [ 0.037773770371652, 51.509773630645853 ] } },
{ "type": "Feature", "properties": { "id": "4074925", "name": "Brook Farm North Allotments" }, "geometry": { "type": "Point", "coordinates": [ -0.181052283789529, 51.637593588796882 ] } },
{ "type": "Feature", "properties": { "id": "4082464", "name": "BedZED allotments" }, "geometry": { "type": "Point", "coordinates": [ -0.155604209560039, 51.383316810212015 ] } },
{ "type": "Feature", "properties": { "id": "4248600", "name": "Colindale Allotments" }, "geometry": { "type": "Point", "coordinates": [ -0.249813732618895, 51.592501493571937 ] } },
{ "type": "Feature", "properties": { "id": "4250529", "name": "Pitshanger allotments" }, "geometry": { "type": "Point", "coordinates": [ -0.323893867004932, 51.527981271424721 ] } },
{ "type": "Feature", "properties": { "id": "4251166", "name": "Northfield Avenue Allotments" }, "geometry": { "type": "Point", "coordinates": [ -0.318769056530891, 51.507956702025332 ] } },
{ "type": "Feature", "properties": { "id": "4251216", "name": "Billets Hart Allotments" }, "geometry": { "type": "Point", "coordinates": [ -0.344173688727966, 51.504909241956561 ] } },
{ "type": "Feature", "properties": { "id": "4251233", "name": "Bixley Field allotments" }, "geometry": { "type": "Point", "coordinates": [ -0.375363736446708, 51.49915366998858 ] } },
{ "type": "Feature", "properties": { "id": "4251238", "name": "Barnes Farm Allotments" }, "geometry": { "type": "Point", "coordinates": [ -0.383560110692675, 51.493823630918854 ] } },
{ "type": "Feature", "properties": { "id": "4252768", "name": "Stanley Road Allotment Estate" }, "geometry": { "type": "Point", "coordinates": [ -0.357813892802705, 51.465472149842597 ] } },
{ "type": "Feature", "properties": { "id": "4252769", "name": "Hounslow Avenue Allotments" }, "geometry": { "type": "Point", "coordinates": [ -0.358045485720715, 51.461330099890219 ] } },
{ "type": "Feature", "properties": { "id": "4252772", "name": null }, "geometry": { "type": "Point", "coordinates": [ -0.358773844533325, 51.464725291074387 ] } },
{ "type": "Feature", "properties": { "id": "4252773", "name": null }, "geometry": { "type": "Point", "coordinates": [ -0.352538920299062, 51.46015034579851 ] } },
{ "type": "Feature", "properties": { "id": "4253501", "name": "Cole Park Allotments" }, "geometry": { "type": "Point", "coordinates": [ -0.327703936503966, 51.458457015846079 ] } },
{ "type": "Feature", "properties": { "id": "4254532", "name": "Blondin Allotments" }, "geometry": { "type": "Point", "coordinates": [ -0.320916298831796, 51.495935280590793 ] } },
{ "type": "Feature", "properties": { "id": "4254533", "name": "Haslemere Allotments" }, "geometry": { "type": "Point", "coordinates": [ -0.322963026676455, 51.498991405687534 ] } },
{ "type": "Feature", "properties": { "id": "4254534", "name": "Wellmeadow Road Allotment" }, "geometry": { "type": "Point", "coordinates": [ -0.327894410009362, 51.495009566318792 ] } },
{ "type": "Feature", "properties": { "id": "4256266", "name": null }, "geometry": { "type": "Point", "coordinates": [ -0.119074087976358, 51.487768463587564 ] } },
{ "type": "Feature", "properties": { "id": "4257682", "name": "Forest Farm Allotments" }, "geometry": { "type": "Point", "coordinates": [ 0.09484461200761, 51.600682699873509 ] } },
{ "type": "Feature", "properties": { "id": "4257686", "name": "New North Road Allotments" }, "geometry": { "type": "Point", "coordinates": [ 0.099057144213298, 51.604096181280717 ] } },
{ "type": "Feature", "properties": { "id": "4260013", "name": "Tomswood Hill Allotments" }, "geometry": { "type": "Point", "coordinates": [ 0.080878754836425, 51.595216352379879 ] } },
{ "type": "Feature", "properties": { "id": "4263288", "name": "Roding Lane South" }, "geometry": { "type": "Point", "coordinates": [ 0.042185391713196, 51.582202437714159 ] } },
{ "type": "Feature", "properties": { "id": "4263355", "name": "Vicarage Lane Allotments South" }, "geometry": { "type": "Point", "coordinates": [ 0.08940447936271, 51.564818423618533 ] } },
{ "type": "Feature", "properties": { "id": "4263356", "name": "Wards Road South Alotments" }, "geometry": { "type": "Point", "coordinates": [ 0.089976436901465, 51.567879360158784 ] } },
{ "type": "Feature", "properties": { "id": "4264165", "name": "Fitzroy Park allotments" }, "geometry": { "type": "Point", "coordinates": [ -0.157580750807935, 51.56899267876949 ] } },
{ "type": "Feature", "properties": { "id": "4268173", "name": "Brent Meadow Allotments" }, "geometry": { "type": "Point", "coordinates": [ -0.345068136408235, 51.509585522700625 ] } },
{ "type": "Feature", "properties": { "id": "4270083", "name": "Chigwell Road allotments" }, "geometry": { "type": "Point", "coordinates": [ 0.037166483215059, 51.598330088968481 ] } },
{ "type": "Feature", "properties": { "id": "4270107", "name": null }, "geometry": { "type": "Point", "coordinates": [ 0.116289711870074, 51.587137841533327 ] } },
{ "type": "Feature", "properties": { "id": "4270108", "name": "Hainault Road Allotments" }, "geometry": { "type": "Point", "coordinates": [ 0.11666452111939, 51.585442271150448 ] } },
{ "type": "Feature", "properties": { "id": "4278559", "name": null }, "geometry": { "type": "Point", "coordinates": [ 0.166333063890219, 51.601168101711799 ] } },
{ "type": "Feature", "properties": { "id": "4278560", "name": null }, "geometry": { "type": "Point", "coordinates": [ 0.177858150713595, 51.607610132972951 ] } },
{ "type": "Feature", "properties": { "id": "4278561", "name": null }, "geometry": { "type": "Point", "coordinates": [ 0.168599839111922, 51.609943719429481 ] } },
{ "type": "Feature", "properties": { "id": "4289534", "name": null }, "geometry": { "type": "Point", "coordinates": [ 0.201865553125814, 51.600312265027235 ] } },
{ "type": "Feature", "properties": { "id": "4289861", "name": "Romford Smallholders Society" }, "geometry": { "type": "Point", "coordinates": [ 0.163684179263817, 51.577689504059435 ] } },
{ "type": "Feature", "properties": { "id": "4358860", "name": "Spencer Road Allotments" }, "geometry": { "type": "Point", "coordinates": [ -0.16247240631936, 51.38377982656381 ] } },
{ "type": "Feature", "properties": { "id": "4364818", "name": "Child's Hill Allotments" }, "geometry": { "type": "Point", "coordinates": [ -0.204001227042911, 51.565737851699524 ] } },
{ "type": "Feature", "properties": { "id": "4377804", "name": "Highgate Allotments" }, "geometry": { "type": "Point", "coordinates": [ -0.15748389024521, 51.578071245500972 ] } },
{ "type": "Feature", "properties": { "id": "4384246", "name": "King George's Park Allotment Site" }, "geometry": { "type": "Point", "coordinates": [ -0.195891264065969, 51.44452781367233 ] } },
{ "type": "Feature", "properties": { "id": "4384278", "name": null }, "geometry": { "type": "Point", "coordinates": [ -0.188795702555672, 51.438109498508162 ] } },
{ "type": "Feature", "properties": { "id": "4402129", "name": "Sketty Road Allotments" }, "geometry": { "type": "Point", "coordinates": [ -0.068693707125306, 51.653694005878613 ] } },
{ "type": "Feature", "properties": { "id": "4402488", "name": "Falcon Fields allotments" }, "geometry": { "type": "Point", "coordinates": [ -0.041438664430782, 51.640274834094491 ] } },
{ "type": "Feature", "properties": { "id": "4402553", "name": "Alma Road allotments" }, "geometry": { "type": "Point", "coordinates": [ -0.033171170208044, 51.649216771932217 ] } },
{ "type": "Feature", "properties": { "id": "4409770", "name": null }, "geometry": { "type": "Point", "coordinates": [ -0.053331138167817, 51.638307392108736 ] } },
{ "type": "Feature", "properties": { "id": "4426644", "name": "Lawrence Street Allotments" }, "geometry": { "type": "Point", "coordinates": [ -0.239759980804772, 51.624292824634111 ] } },
{ "type": "Feature", "properties": { "id": "4442150", "name": "Tanners Hall allotments" }, "geometry": { "type": "Point", "coordinates": [ -0.07844509021334, 51.615114515329047 ] } },
{ "type": "Feature", "properties": { "id": "4443298", "name": "Aylands allotments" }, "geometry": { "type": "Point", "coordinates": [ -0.043761938659598, 51.676186812308288 ] } },
{ "type": "Feature", "properties": { "id": "4711447", "name": "Honeybone allotments" }, "geometry": { "type": "Point", "coordinates": [ -0.032729474158066, 51.577267869576389 ] } },
{ "type": "Feature", "properties": { "id": "4773324", "name": "Markhole Allotments" }, "geometry": { "type": "Point", "coordinates": [ -0.383061520295397, 51.419363656797742 ] } },
{ "type": "Feature", "properties": { "id": "4799218", "name": "Harland Avenue Allotments" }, "geometry": { "type": "Point", "coordinates": [ 0.086973023110228, 51.435664710846602 ] } },
{ "type": "Feature", "properties": { "id": "4817154", "name": "Westfield Allotments" }, "geometry": { "type": "Point", "coordinates": [ -0.251892918524465, 51.468249830237632 ] } },
{ "type": "Feature", "properties": { "id": "4843260", "name": "Roxeth Allotment Site" }, "geometry": { "type": "Point", "coordinates": [ -0.352906380258527, 51.560053012825669 ] } },
{ "type": "Feature", "properties": { "id": "4940321", "name": "Greenford Hall allotments" }, "geometry": { "type": "Point", "coordinates": [ -0.347301211019704, 51.532766782913562 ] } },
{ "type": "Feature", "properties": { "id": "4940450", "name": "High Lane allotments" }, "geometry": { "type": "Point", "coordinates": [ -0.348838839224729, 51.521214326437722 ] } },
{ "type": "Feature", "properties": { "id": "4941125", "name": "Framfield Allotments" }, "geometry": { "type": "Point", "coordinates": [ -0.332947679044368, 51.51690337421271 ] } },
{ "type": "Feature", "properties": { "id": "4941297", "name": null }, "geometry": { "type": "Point", "coordinates": [ -0.317614866432129, 51.442122113736879 ] } },
{ "type": "Feature", "properties": { "id": "4951403", "name": "Brentham allotments" }, "geometry": { "type": "Point", "coordinates": [ -0.304257353878311, 51.530167527675012 ] } },
{ "type": "Feature", "properties": { "id": "4951805", "name": "Jubilee Road allotments" }, "geometry": { "type": "Point", "coordinates": [ -0.318484561910382, 51.541741449641556 ] } },
{ "type": "Feature", "properties": { "id": "4958483", "name": "Eastfields Allotments" }, "geometry": { "type": "Point", "coordinates": [ -0.156602012258501, 51.408378225573117 ] } },
{ "type": "Feature", "properties": { "id": "5030953", "name": "Demesne Road Allotments" }, "geometry": { "type": "Point", "coordinates": [ -0.138568152778021, 51.363587991636983 ] } },
{ "type": "Feature", "properties": { "id": "5035411", "name": "Sudbury Court Road allotments" }, "geometry": { "type": "Point", "coordinates": [ -0.326067467787228, 51.562327533773711 ] } },
{ "type": "Feature", "properties": { "id": "5038019", "name": "Bute Road Allotments" }, "geometry": { "type": "Point", "coordinates": [ -0.148034935569726, 51.366684743146749 ] } },
{ "type": "Feature", "properties": { "id": "5038025", "name": null }, "geometry": { "type": "Point", "coordinates": [ -0.147918348485553, 51.367785891284925 ] } },
{ "type": "Feature", "properties": { "id": "5050144", "name": null }, "geometry": { "type": "Point", "coordinates": [ -0.153875259148735, 51.36580333716136 ] } },
{ "type": "Feature", "properties": { "id": "5081761", "name": "Duke's Meadows Allotments" }, "geometry": { "type": "Point", "coordinates": [ -0.257145749591386, 51.479870493594596 ] } },
{ "type": "Feature", "properties": { "id": "5081764", "name": "Staveley Road and Burial Ground Allotments" }, "geometry": { "type": "Point", "coordinates": [ -0.263272201587627, 51.480159779715343 ] } },
{ "type": "Feature", "properties": { "id": "5107742", "name": "Forest Road allotments" }, "geometry": { "type": "Point", "coordinates": [ 0.005479928377744, 51.591258039334917 ] } },
{ "type": "Feature", "properties": { "id": "5108568", "name": "Hale End Road allotments" }, "geometry": { "type": "Point", "coordinates": [ 0.000113912415082, 51.596392559674356 ] } },
{ "type": "Feature", "properties": { "id": "5135744", "name": "Wandle Side Allotments" }, "geometry": { "type": "Point", "coordinates": [ -0.154464811398316, 51.3716080011177 ] } },
{ "type": "Feature", "properties": { "id": "5135816", "name": "Wandle Road Allotments" }, "geometry": { "type": "Point", "coordinates": [ -0.155037642722408, 51.373706850654365 ] } },
{ "type": "Feature", "properties": { "id": "5191469", "name": "Oldfield allotments" }, "geometry": { "type": "Point", "coordinates": [ -0.355857288994195, 51.546439366520723 ] } },
{ "type": "Feature", "properties": { "id": "5196648", "name": null }, "geometry": { "type": "Point", "coordinates": [ 0.170883493216221, 51.450607560563732 ] } },
{ "type": "Feature", "properties": { "id": "5198762", "name": "Camberwell Gardens Guild Allotments" }, "geometry": { "type": "Point", "coordinates": [ -0.082328489551335, 51.466650024562142 ] } },
{ "type": "Feature", "properties": { "id": "5228112", "name": "Cottenham Park Allotments" }, "geometry": { "type": "Point", "coordinates": [ -0.242386180624454, 51.413712336568956 ] } },
{ "type": "Feature", "properties": { "id": "5246794", "name": "The Paddock Allotments" }, "geometry": { "type": "Point", "coordinates": [ -0.223194946297913, 51.401110238349837 ] } },
{ "type": "Feature", "properties": { "id": "5248819", "name": "Higham Hill Common allotments" }, "geometry": { "type": "Point", "coordinates": [ -0.029940505397314, 51.593925189281329 ] } },
{ "type": "Feature", "properties": { "id": "5248868", "name": "Trencherfield allotments" }, "geometry": { "type": "Point", "coordinates": [ -0.035989868845584, 51.594794607512057 ] } },
{ "type": "Feature", "properties": { "id": "5261049", "name": "Westmead Road Allotments" }, "geometry": { "type": "Point", "coordinates": [ -0.17272387181347, 51.369126546703221 ] } },
{ "type": "Feature", "properties": { "id": "5982690", "name": "Fulham Palace Meadows Allotments" }, "geometry": { "type": "Point", "coordinates": [ -0.213606358174922, 51.471291374878746 ] } },
{ "type": "Feature", "properties": { "id": "6056707", "name": "Halliwick Park Allotments" }, "geometry": { "type": "Point", "coordinates": [ -0.154073216570323, 51.60476892534583 ] } },
{ "type": "Feature", "properties": { "id": "6117284", "name": "Vale Farm Allotments" }, "geometry": { "type": "Point", "coordinates": [ -0.176617929989543, 51.598670656023089 ] } },
{ "type": "Feature", "properties": { "id": "6960644", "name": "Alric Avenue Allotments" }, "geometry": { "type": "Point", "coordinates": [ -0.251888957230692, 51.40730499638083 ] } },
{ "type": "Feature", "properties": { "id": "7663587", "name": "Creighton Road Allotments" }, "geometry": { "type": "Point", "coordinates": [ -0.075810109891344, 51.604467455685082 ] } },
{ "type": "Feature", "properties": { "id": "7741842", "name": null }, "geometry": { "type": "Point", "coordinates": [ -0.164231400322299, 51.606274458641437 ] } },
{ "type": "Feature", "properties": { "id": "7975124", "name": null }, "geometry": { "type": "Point", "coordinates": [ -0.356167801367646, 51.465752411849515 ] } },
{ "type": "Feature", "properties": { "id": "7979438", "name": "Millwood Road Allotments" }, "geometry": { "type": "Point", "coordinates": [ 0.118484995323945, 51.397582402310718 ] } },
{ "type": "Feature", "properties": { "id": "7995016", "name": "Lower road allotments" }, "geometry": { "type": "Point", "coordinates": [ 0.110133402186677, 51.385683938636816 ] } },
{ "type": "Feature", "properties": { "id": "8010072", "name": "Whetstone Stray Allotments" }, "geometry": { "type": "Point", "coordinates": [ -0.182512247993665, 51.624994613746459 ] } },
{ "type": "Feature", "properties": { "id": "8038069", "name": "Alexandra Palace Allotments" }, "geometry": { "type": "Point", "coordinates": [ -0.134255849205105, 51.590009361519598 ] } },
{ "type": "Feature", "properties": { "id": "8069373", "name": "Hatley Close Allotments" }, "geometry": { "type": "Point", "coordinates": [ -0.157127047588839, 51.617154836533189 ] } },
{ "type": "Feature", "properties": { "id": "8069378", "name": "Crescent Road Allotments" }, "geometry": { "type": "Point", "coordinates": [ -0.151872792973503, 51.61807053521219 ] } },
{ "type": "Feature", "properties": { "id": "8116461", "name": null }, "geometry": { "type": "Point", "coordinates": [ -0.376071497577337, 51.484060703036782 ] } },
{ "type": "Feature", "properties": { "id": "8385134", "name": "Station Road Allotments" }, "geometry": { "type": "Point", "coordinates": [ -0.423663153603873, 51.496997764192393 ] } },
{ "type": "Feature", "properties": { "id": "8599052", "name": "Kent House Leisure Gardens" }, "geometry": { "type": "Point", "coordinates": [ -0.040712613949493, 51.423386467748941 ] } },
{ "type": "Feature", "properties": { "id": "8610068", "name": "West Harrow Large Site" }, "geometry": { "type": "Point", "coordinates": [ -0.357896840057799, 51.578995885824106 ] } },
{ "type": "Feature", "properties": { "id": "8613904", "name": "Stanley Road Allotments" }, "geometry": { "type": "Point", "coordinates": [ -0.1644331686845, 51.351526796150473 ] } },
{ "type": "Feature", "properties": { "id": "8884822", "name": "Rosendale allotments" }, "geometry": { "type": "Point", "coordinates": [ -0.099940810900207, 51.443188054992277 ] } },
{ "type": "Feature", "properties": { "id": "8902787", "name": "Headstone" }, "geometry": { "type": "Point", "coordinates": [ -0.354231413417644, 51.591878856702401 ] } },
{ "type": "Feature", "properties": { "id": "8902917", "name": "Melbourne Avenue" }, "geometry": { "type": "Point", "coordinates": [ -0.361036753525931, 51.597288160847178 ] } },
{ "type": "Feature", "properties": { "id": "8916681", "name": "Lime Trees 1 allotments" }, "geometry": { "type": "Point", "coordinates": [ -0.386498440426557, 51.539769638988119 ] } },
{ "type": "Feature", "properties": { "id": "9171923", "name": null }, "geometry": { "type": "Point", "coordinates": [ -0.397385302613583, 51.522615817710488 ] } },
{ "type": "Feature", "properties": { "id": "9173275", "name": "Belmore" }, "geometry": { "type": "Point", "coordinates": [ -0.41359612701596, 51.526501894990105 ] } },
{ "type": "Feature", "properties": { "id": "9177509", "name": "Lime Trees 2 allotments" }, "geometry": { "type": "Point", "coordinates": [ -0.389149220743629, 51.538273394246694 ] } },
{ "type": "Feature", "properties": { "id": "9252716", "name": "Duke Street Allotments" }, "geometry": { "type": "Point", "coordinates": [ -0.184094114426176, 51.368197233055433 ] } },
{ "type": "Feature", "properties": { "id": "9402116", "name": "Ascott Allotments" }, "geometry": { "type": "Point", "coordinates": [ -0.302286799550581, 51.50367537426785 ] } },
{ "type": "Feature", "properties": { "id": "9546700", "name": "Weston Drive" }, "geometry": { "type": "Point", "coordinates": [ -0.31550160243044, 51.602894830648253 ] } },
{ "type": "Feature", "properties": { "id": "9557743", "name": "Kenton Lane" }, "geometry": { "type": "Point", "coordinates": [ -0.324674780502093, 51.603264794632054 ] } },
{ "type": "Feature", "properties": { "id": "9638080", "name": "Church Street allotments" }, "geometry": { "type": "Point", "coordinates": [ -0.071813744029795, 51.631832709704831 ] } },
{ "type": "Feature", "properties": { "id": "9639548", "name": null }, "geometry": { "type": "Point", "coordinates": [ -0.242794102753346, 51.613560104553279 ] } },
{ "type": "Feature", "properties": { "id": "9710130", "name": "Mill Hill Allotments" }, "geometry": { "type": "Point", "coordinates": [ -0.267406555692889, 51.612044808342851 ] } },
{ "type": "Feature", "properties": { "id": "9790091", "name": "Goat Lane allotments" }, "geometry": { "type": "Point", "coordinates": [ -0.063658136817279, 51.666183551574505 ] } },
{ "type": "Feature", "properties": { "id": "9790256", "name": null }, "geometry": { "type": "Point", "coordinates": [ -0.064022634704712, 51.660624464641337 ] } },
{ "type": "Feature", "properties": { "id": "9790552", "name": "Church Street allotments" }, "geometry": { "type": "Point", "coordinates": [ -0.073222202181669, 51.631006169189149 ] } },
{ "type": "Feature", "properties": { "id": "9792448", "name": "East Finchley Allotments" }, "geometry": { "type": "Point", "coordinates": [ -0.164650080883302, 51.595952175747769 ] } },
{ "type": "Feature", "properties": { "id": "9792454", "name": "Creighton Avenue Allotments" }, "geometry": { "type": "Point", "coordinates": [ -0.148958226612438, 51.596803808230121 ] } },
{ "type": "Feature", "properties": { "id": "9793787", "name": "Pointalls Allotments" }, "geometry": { "type": "Point", "coordinates": [ -0.182501782554842, 51.597893687607552 ] } },
{ "type": "Feature", "properties": { "id": "9798833", "name": "Cat Hill Allotments" }, "geometry": { "type": "Point", "coordinates": [ -0.159131904794386, 51.646263124254673 ] } },
{ "type": "Feature", "properties": { "id": "9928636", "name": null }, "geometry": { "type": "Point", "coordinates": [ 0.076759176405309, 51.358082708745435 ] } },
{ "type": "Feature", "properties": { "id": "10051686", "name": "Benhill Allotments" }, "geometry": { "type": "Point", "coordinates": [ -0.182426314657824, 51.371428550620017 ] } },
{ "type": "Feature", "properties": { "id": "10052361", "name": "Poverest Allotments" }, "geometry": { "type": "Point", "coordinates": [ 0.100571720469494, 51.38492315161303 ] } },
{ "type": "Feature", "properties": { "id": "10052737", "name": "Newbury Avenue allotments" }, "geometry": { "type": "Point", "coordinates": [ -0.025547834226805, 51.668076587724116 ] } },
{ "type": "Feature", "properties": { "id": "10054423", "name": "Pine Walk Allotments" }, "geometry": { "type": "Point", "coordinates": [ 0.030558951595739, 51.411724763026271 ] } },
{ "type": "Feature", "properties": { "id": "10069514", "name": "Eltham Palace Allotments" }, "geometry": { "type": "Point", "coordinates": [ 0.033121311512873, 51.450378546815195 ] } },
{ "type": "Feature", "properties": { "id": "10275114", "name": "Archfields Allotment Association" }, "geometry": { "type": "Point", "coordinates": [ -0.221240871906049, 51.599361618670379 ] } },
{ "type": "Feature", "properties": { "id": "10374627", "name": "Pippenhall Allotments" }, "geometry": { "type": "Point", "coordinates": [ 0.070762960137844, 51.450945202641961 ] } },
{ "type": "Feature", "properties": { "id": "10425310", "name": "Old Kenton Lane allotments" }, "geometry": { "type": "Point", "coordinates": [ -0.270843124056123, 51.583478645377483 ] } },
{ "type": "Feature", "properties": { "id": "10425458", "name": "West Hendon Allotment Society" }, "geometry": { "type": "Point", "coordinates": [ -0.247060711683018, 51.574986573288918 ] } },
{ "type": "Feature", "properties": { "id": "10508341", "name": "Woodfield Avenue allotments" }, "geometry": { "type": "Point", "coordinates": [ -0.308886917080957, 51.561373830396526 ] } },
{ "type": "Feature", "properties": { "id": "10580487", "name": "Weir Hall Allotments" }, "geometry": { "type": "Point", "coordinates": [ -0.087433534590003, 51.611129535080764 ] } },
{ "type": "Feature", "properties": { "id": "10699251", "name": null }, "geometry": { "type": "Point", "coordinates": [ 0.101750573606656, 51.492597934847865 ] } },
{ "type": "Feature", "properties": { "id": "10803311", "name": "Oliver Road allotments" }, "geometry": { "type": "Point", "coordinates": [ -0.018212096154314, 51.560470959072994 ] } },
{ "type": "Feature", "properties": { "id": "10804779", "name": "Auckland Road allotments" }, "geometry": { "type": "Point", "coordinates": [ -0.01443754042556, 51.557873545055742 ] } },
{ "type": "Feature", "properties": { "id": "11844485", "name": "Greenhill Allotment Site" }, "geometry": { "type": "Point", "coordinates": [ -0.32573153934397, 51.584574956712892 ] } },
{ "type": "Feature", "properties": { "id": "12548279", "name": "Clifford Road Allotments" }, "geometry": { "type": "Point", "coordinates": [ -0.179750293438909, 51.654870312596962 ] } },
{ "type": "Feature", "properties": { "id": "13003916", "name": "Knight's Hill allotments" }, "geometry": { "type": "Point", "coordinates": [ -0.102223666818892, 51.441697100775606 ] } },
{ "type": "Feature", "properties": { "id": "13520319", "name": "Stuart Road Allotments" }, "geometry": { "type": "Point", "coordinates": [ -0.052819221271688, 51.459528578134197 ] } },
{ "type": "Feature", "properties": { "id": "13853995", "name": "Norbury Park Allotments" }, "geometry": { "type": "Point", "coordinates": [ -0.117769169354633, 51.411666938433896 ] } },
{ "type": "Feature", "properties": { "id": "13854172", "name": null }, "geometry": { "type": "Point", "coordinates": [ -0.097355517366099, 51.411361353138474 ] } },
{ "type": "Feature", "properties": { "id": "13873560", "name": null }, "geometry": { "type": "Point", "coordinates": [ -0.100262486639695, 51.392498229865495 ] } },
{ "type": "Feature", "properties": { "id": "13891695", "name": null }, "geometry": { "type": "Point", "coordinates": [ -0.262861247304959, 51.47225615916097 ] } },
{ "type": "Feature", "properties": { "id": "13891697", "name": "Chertsey Road Allotments" }, "geometry": { "type": "Point", "coordinates": [ -0.260150138343669, 51.476009208832807 ] } },
{ "type": "Feature", "properties": { "id": "13953122", "name": "Addiscombe, Woodside & Shirley Leisure Gardens Allotments" }, "geometry": { "type": "Point", "coordinates": [ -0.056847433397414, 51.379889136701671 ] } },
{ "type": "Feature", "properties": { "id": "14369937", "name": "Barnmead Allotments" }, "geometry": { "type": "Point", "coordinates": [ -0.041645296347307, 51.410692468333941 ] } },
{ "type": "Feature", "properties": { "id": "14369947", "name": null }, "geometry": { "type": "Point", "coordinates": [ -0.036356929828914, 51.411607413655219 ] } },
{ "type": "Feature", "properties": { "id": "14370752", "name": "Ravensbourne Allotments" }, "geometry": { "type": "Point", "coordinates": [ 0.012879719335742, 51.400712057738517 ] } },
{ "type": "Feature", "properties": { "id": "14769088", "name": null }, "geometry": { "type": "Point", "coordinates": [ -0.083154020163415, 51.3927800215709 ] } },
{ "type": "Feature", "properties": { "id": "15091731", "name": "Clay Hill allotments" }, "geometry": { "type": "Point", "coordinates": [ -0.076638833525492, 51.669110247738438 ] } },
{ "type": "Feature", "properties": { "id": "15223201", "name": null }, "geometry": { "type": "Point", "coordinates": [ -0.047468138933157, 51.393081557967093 ] } },
{ "type": "Feature", "properties": { "id": "15731461", "name": "Hatton Road Allotments" }, "geometry": { "type": "Point", "coordinates": [ -0.427822610750878, 51.458642598817391 ] } },
{ "type": "Feature", "properties": { "id": "16728485", "name": null }, "geometry": { "type": "Point", "coordinates": [ 0.109532502255877, 51.452741291643491 ] } },
{ "type": "Feature", "properties": { "id": "16773778", "name": "Waye Avenue Park Allotments" }, "geometry": { "type": "Point", "coordinates": [ -0.413204991574129, 51.474960582344615 ] } },
{ "type": "Feature", "properties": { "id": "17274586", "name": "Barking Park Allotment Site" }, "geometry": { "type": "Point", "coordinates": [ 0.091675749231302, 51.547369268592298 ] } },
{ "type": "Feature", "properties": { "id": "17274599", "name": "Loxford Lane Allotments" }, "geometry": { "type": "Point", "coordinates": [ 0.086598124543523, 51.550257348937521 ] } },
{ "type": "Feature", "properties": { "id": "17456672", "name": null }, "geometry": { "type": "Point", "coordinates": [ 0.127175489696144, 51.551229720480436 ] } },
{ "type": "Feature", "properties": { "id": "17703128", "name": "Goodmayes Lane Allotments" }, "geometry": { "type": "Point", "coordinates": [ 0.110216444679038, 51.556203339195704 ] } },
{ "type": "Feature", "properties": { "id": "17932665", "name": "Stewart Avenue Allotments" }, "geometry": { "type": "Point", "coordinates": [ 0.241480725287957, 51.553057792922274 ] } },
{ "type": "Feature", "properties": { "id": "18613335", "name": null }, "geometry": { "type": "Point", "coordinates": [ -0.181256344884845, 51.444365770815324 ] } },
{ "type": "Feature", "properties": { "id": "19195823", "name": "Woodhouse Allotments" }, "geometry": { "type": "Point", "coordinates": [ -0.169391717273352, 51.61436998132622 ] } },
{ "type": "Feature", "properties": { "id": "19801636", "name": null }, "geometry": { "type": "Point", "coordinates": [ -0.150306809108828, 51.319684406156789 ] } },
{ "type": "Feature", "properties": { "id": "19914016", "name": "Bushy Park Allotments" }, "geometry": { "type": "Point", "coordinates": [ -0.35782161239149, 51.420534575326698 ] } },
{ "type": "Feature", "properties": { "id": "20344094", "name": "Kenton Recreation Ground allotments" }, "geometry": { "type": "Point", "coordinates": [ -0.316881045596607, 51.586026041493533 ] } },
{ "type": "Feature", "properties": { "id": "20355275", "name": "Orchard Grove" }, "geometry": { "type": "Point", "coordinates": [ -0.28550696181975, 51.587231277675308 ] } },
{ "type": "Feature", "properties": { "id": "20415002", "name": "Bishop Ken" }, "geometry": { "type": "Point", "coordinates": [ -0.33084799276377, 51.600883663260745 ] } },
{ "type": "Feature", "properties": { "id": "20416439", "name": "Paulhan Road North" }, "geometry": { "type": "Point", "coordinates": [ -0.304312773139388, 51.59132417579886 ] } },
{ "type": "Feature", "properties": { "id": "20417475", "name": "Paulhan Road South" }, "geometry": { "type": "Point", "coordinates": [ -0.304801070304708, 51.590264978007426 ] } },
{ "type": "Feature", "properties": { "id": "20422627", "name": "Vernon Drive" }, "geometry": { "type": "Point", "coordinates": [ -0.319667605174491, 51.605163882297283 ] } },
{ "type": "Feature", "properties": { "id": "20424262", "name": "Isolation Hospital" }, "geometry": { "type": "Point", "coordinates": [ -0.290970495005493, 51.596064154165624 ] } },
{ "type": "Feature", "properties": { "id": "20425193", "name": "Chandos Recreation Ground" }, "geometry": { "type": "Point", "coordinates": [ -0.285458845740517, 51.604236919354442 ] } },
{ "type": "Feature", "properties": { "id": "20428593", "name": "Church Fields Allotment Site" }, "geometry": { "type": "Point", "coordinates": [ -0.341006562722882, 51.573789982697676 ] } },
{ "type": "Feature", "properties": { "id": "20430383", "name": "Pleasant Place" }, "geometry": { "type": "Point", "coordinates": [ -0.348074209279833, 51.569995333926819 ] } },
{ "type": "Feature", "properties": { "id": "20431545", "name": "Marshalls" }, "geometry": { "type": "Point", "coordinates": [ -0.348563183539266, 51.576672515914225 ] } },
{ "type": "Feature", "properties": { "id": "20432792", "name": "West Harrow Small Site" }, "geometry": { "type": "Point", "coordinates": [ -0.351552183332534, 51.580643219214785 ] } },
{ "type": "Feature", "properties": { "id": "20433187", "name": "Rayners Mead" }, "geometry": { "type": "Point", "coordinates": [ -0.366568886062275, 51.578317201402548 ] } },
{ "type": "Feature", "properties": { "id": "20486729", "name": "Park View" }, "geometry": { "type": "Point", "coordinates": [ -0.370313884556307, 51.605658074361266 ] } },
{ "type": "Feature", "properties": { "id": "20533685", "name": "Cuckoo Hill - Cranbourne Drive" }, "geometry": { "type": "Point", "coordinates": [ -0.388833200766829, 51.589240953007533 ] } },
{ "type": "Feature", "properties": { "id": "20535916", "name": "Montesoles" }, "geometry": { "type": "Point", "coordinates": [ -0.390338253723684, 51.601678493910761 ] } },
{ "type": "Feature", "properties": { "id": "20538069", "name": "Wakehams Hill" }, "geometry": { "type": "Point", "coordinates": [ -0.369872133333333, 51.5943273 ] } },
{ "type": "Feature", "properties": { "id": "20540188", "name": "Kingsley Road North" }, "geometry": { "type": "Point", "coordinates": [ -0.370043690071824, 51.589195201612668 ] } },
{ "type": "Feature", "properties": { "id": "20540276", "name": "Kingsley Road South" }, "geometry": { "type": "Point", "coordinates": [ -0.367256775246014, 51.588351950538488 ] } },
{ "type": "Feature", "properties": { "id": "20541088", "name": "Lincoln Road" }, "geometry": { "type": "Point", "coordinates": [ -0.368784619075384, 51.585808366264509 ] } },
{ "type": "Feature", "properties": { "id": "21359762", "name": "Isle of Dogs and District Allotment Society" }, "geometry": { "type": "Point", "coordinates": [ -0.012753211010778, 51.491192137531058 ] } },
{ "type": "Feature", "properties": { "id": "21359989", "name": "Mudchute Allotment Society" }, "geometry": { "type": "Point", "coordinates": [ -0.008512537069978, 51.49175437303554 ] } },
{ "type": "Feature", "properties": { "id": "22381020", "name": "Roundshaw Allotments" }, "geometry": { "type": "Point", "coordinates": [ -0.129999485927958, 51.348493952344405 ] } },
{ "type": "Feature", "properties": { "id": "22476668", "name": null }, "geometry": { "type": "Point", "coordinates": [ -0.315764460468548, 51.412511141627796 ] } },
{ "type": "Feature", "properties": { "id": "22492059", "name": "Elm Road Allotments" }, "geometry": { "type": "Point", "coordinates": [ -0.266425122070918, 51.407722836562435 ] } },
{ "type": "Feature", "properties": { "id": "22676862", "name": "SVPOA Allotments" }, "geometry": { "type": "Point", "coordinates": [ -0.140075800193485, 51.413405745568021 ] } },
{ "type": "Feature", "properties": { "id": "22676938", "name": null }, "geometry": { "type": "Point", "coordinates": [ -0.146094528742341, 51.416885326987689 ] } },
{ "type": "Feature", "properties": { "id": "22696558", "name": null }, "geometry": { "type": "Point", "coordinates": [ -0.252338228005103, 51.511211414920382 ] } },
{ "type": "Feature", "properties": { "id": "22696575", "name": null }, "geometry": { "type": "Point", "coordinates": [ -0.251797117983383, 51.508696494493435 ] } },
{ "type": "Feature", "properties": { "id": "22715783", "name": "Highcombe Allotments" }, "geometry": { "type": "Point", "coordinates": [ 0.027378094297804, 51.481600975505273 ] } },
{ "type": "Feature", "properties": { "id": "22753792", "name": null }, "geometry": { "type": "Point", "coordinates": [ -0.124601530568928, 51.395190063796903 ] } },
{ "type": "Feature", "properties": { "id": "22794549", "name": "Dickerage Road Allotments" }, "geometry": { "type": "Point", "coordinates": [ -0.272296552358869, 51.409426717384548 ] } },
{ "type": "Feature", "properties": { "id": "22794665", "name": "Grange Road Allotments" }, "geometry": { "type": "Point", "coordinates": [ -0.302081792244037, 51.406092584662339 ] } },
{ "type": "Feature", "properties": { "id": "22797873", "name": "Dacre Park Allotments" }, "geometry": { "type": "Point", "coordinates": [ 0.006183727222383, 51.460279684543018 ] } },
{ "type": "Feature", "properties": { "id": "22868487", "name": null }, "geometry": { "type": "Point", "coordinates": [ 0.152326647392495, 51.566426796658206 ] } },
{ "type": "Feature", "properties": { "id": "22868536", "name": null }, "geometry": { "type": "Point", "coordinates": [ 0.171444287751559, 51.591262906748931 ] } },
{ "type": "Feature", "properties": { "id": "22869074", "name": "Wolves Lane Allotments" }, "geometry": { "type": "Point", "coordinates": [ -0.100556833021541, 51.607704312869174 ] } },
{ "type": "Feature", "properties": { "id": "22870084", "name": null }, "geometry": { "type": "Point", "coordinates": [ 0.150055890543156, 51.538661140970852 ] } },
{ "type": "Feature", "properties": { "id": "22870095", "name": null }, "geometry": { "type": "Point", "coordinates": [ 0.141168900610099, 51.540411516631949 ] } },
{ "type": "Feature", "properties": { "id": "22870374", "name": "Connaught Allotments" }, "geometry": { "type": "Point", "coordinates": [ 0.045930906579907, 51.509823149847584 ] } },
{ "type": "Feature", "properties": { "id": "22887172", "name": null }, "geometry": { "type": "Point", "coordinates": [ -0.344291118841075, 51.466365112779748 ] } },
{ "type": "Feature", "properties": { "id": "22894052", "name": "Kingston Road Allotments" }, "geometry": { "type": "Point", "coordinates": [ -0.280279796952025, 51.403978042733257 ] } },
{ "type": "Feature", "properties": { "id": "22924450", "name": null }, "geometry": { "type": "Point", "coordinates": [ -0.395837463260606, 51.430798735553957 ] } },
{ "type": "Feature", "properties": { "id": "22933918", "name": "Bonar Road Allotments" }, "geometry": { "type": "Point", "coordinates": [ -0.070575810188171, 51.476809068340152 ] } },
{ "type": "Feature", "properties": { "id": "22950278", "name": "Addison Gardens Allotments" }, "geometry": { "type": "Point", "coordinates": [ -0.290244810828195, 51.399484928073505 ] } },
{ "type": "Feature", "properties": { "id": "22992575", "name": null }, "geometry": { "type": "Point", "coordinates": [ -0.394576894626619, 51.431472406478669 ] } },
{ "type": "Feature", "properties": { "id": "23013972", "name": "Barley Lane Allotments" }, "geometry": { "type": "Point", "coordinates": [ 0.110173824930676, 51.573716632485926 ] } },
{ "type": "Feature", "properties": { "id": "23015807", "name": "Groveland Way Allotments" }, "geometry": { "type": "Point", "coordinates": [ -0.27095862873719, 51.396736972779038 ] } },
{ "type": "Feature", "properties": { "id": "23023287", "name": null }, "geometry": { "type": "Point", "coordinates": [ 0.181415394471572, 51.536702880953634 ] } },
{ "type": "Feature", "properties": { "id": "23023425", "name": null }, "geometry": { "type": "Point", "coordinates": [ 0.230021957254093, 51.583471897725502 ] } },
{ "type": "Feature", "properties": { "id": "23039170", "name": "Beverley Park Allotments" }, "geometry": { "type": "Point", "coordinates": [ -0.246176651023446, 51.40217104307348 ] } },
{ "type": "Feature", "properties": { "id": "23042191", "name": null }, "geometry": { "type": "Point", "coordinates": [ 0.23663837937222, 51.554237638709658 ] } },
{ "type": "Feature", "properties": { "id": "23050593", "name": null }, "geometry": { "type": "Point", "coordinates": [ 0.211757316047895, 51.56409824795427 ] } },
{ "type": "Feature", "properties": { "id": "23050707", "name": null }, "geometry": { "type": "Point", "coordinates": [ 0.207711395798676, 51.558089914405471 ] } },
{ "type": "Feature", "properties": { "id": "23060909", "name": "Sixth Cross Road Allotments" }, "geometry": { "type": "Point", "coordinates": [ -0.357512839019832, 51.437114777567622 ] } },
{ "type": "Feature", "properties": { "id": "23062602", "name": null }, "geometry": { "type": "Point", "coordinates": [ -0.408149485548395, 51.598106529545646 ] } },
{ "type": "Feature", "properties": { "id": "23063245", "name": "Low Hall Farm Allotments" }, "geometry": { "type": "Point", "coordinates": [ -0.03397948797815, 51.571358949302862 ] } },
{ "type": "Feature", "properties": { "id": "23063313", "name": "Cheshire Fields" }, "geometry": { "type": "Point", "coordinates": [ -0.038740435309313, 51.576308515896336 ] } },
{ "type": "Feature", "properties": { "id": "23063434", "name": "Seymour Road allotments" }, "geometry": { "type": "Point", "coordinates": [ -0.026823328936787, 51.567644581482099 ] } },
{ "type": "Feature", "properties": { "id": "23069631", "name": "Markhouse Common allotments" }, "geometry": { "type": "Point", "coordinates": [ -0.026152472321055, 51.576189051538229 ] } },
{ "type": "Feature", "properties": { "id": "23069920", "name": "Hoxton Manor allotments" }, "geometry": { "type": "Point", "coordinates": [ -0.017939363646455, 51.605070707246156 ] } },
{ "type": "Feature", "properties": { "id": "23072517", "name": "Heath Gardens Allotments" }, "geometry": { "type": "Point", "coordinates": [ -0.338287402760623, 51.443382908134971 ] } },
{ "type": "Feature", "properties": { "id": "23072837", "name": null }, "geometry": { "type": "Point", "coordinates": [ -0.343200544032914, 51.432505250507347 ] } },
{ "type": "Feature", "properties": { "id": "23081283", "name": "Cable Street Community Gardens" }, "geometry": { "type": "Point", "coordinates": [ -0.049901395065053, 51.511840677489438 ] } },
{ "type": "Feature", "properties": { "id": "23086311", "name": "Cavendish House Allotments" }, "geometry": { "type": "Point", "coordinates": [ -0.327677668195286, 51.455749113413916 ] } },
{ "type": "Feature", "properties": { "id": "23116421", "name": "Montrose Avenue Allotments" }, "geometry": { "type": "Point", "coordinates": [ -0.254191203118807, 51.597898451049254 ] } },
{ "type": "Feature", "properties": { "id": "23124854", "name": "Culvers Avenue allotments" }, "geometry": { "type": "Point", "coordinates": [ -0.160610600990497, 51.379577671353083 ] } },
{ "type": "Feature", "properties": { "id": "23124951", "name": "Hawkwood allotments" }, "geometry": { "type": "Point", "coordinates": [ -0.009944415224461, 51.63980721229688 ] } },
{ "type": "Feature", "properties": { "id": "23126526", "name": "Simmons Lane allotments" }, "geometry": { "type": "Point", "coordinates": [ 0.003537563811952, 51.624690713430631 ] } },
{ "type": "Feature", "properties": { "id": "23126538", "name": "Pimp Hall allotments" }, "geometry": { "type": "Point", "coordinates": [ 0.005686233362317, 51.626427666539989 ] } },
{ "type": "Feature", "properties": { "id": "23126541", "name": "Kings Road allotments" }, "geometry": { "type": "Point", "coordinates": [ 0.004122543399226, 51.629021314271789 ] } },
{ "type": "Feature", "properties": { "id": "23127343", "name": "Malden Manor Allotments" }, "geometry": { "type": "Point", "coordinates": [ -0.267590026145101, 51.38769134845144 ] } },
{ "type": "Feature", "properties": { "id": "23133727", "name": "Moor Lane Allotments" }, "geometry": { "type": "Point", "coordinates": [ -0.290822902499673, 51.36160484609492 ] } },
{ "type": "Feature", "properties": { "id": "23143069", "name": null }, "geometry": { "type": "Point", "coordinates": [ 0.160016429259484, 51.542529045417162 ] } },
{ "type": "Feature", "properties": { "id": "23167598", "name": "Bateman Road allotments" }, "geometry": { "type": "Point", "coordinates": [ -0.022689640008482, 51.6094258025825 ] } },
{ "type": "Feature", "properties": { "id": "23185047", "name": "Martin Way West Allotments" }, "geometry": { "type": "Point", "coordinates": [ -0.220459998056076, 51.406030774115976 ] } },
{ "type": "Feature", "properties": { "id": "23185053", "name": "Martin Way East Allotments" }, "geometry": { "type": "Point", "coordinates": [ -0.217052507275132, 51.407136517542376 ] } },
{ "type": "Feature", "properties": { "id": "23206472", "name": "Mount Avenue allotments" }, "geometry": { "type": "Point", "coordinates": [ -0.012564285634987, 51.619622761696945 ] } },
{ "type": "Feature", "properties": { "id": "23228665", "name": "Elliots Field allotments" }, "geometry": { "type": "Point", "coordinates": [ -0.036859318060161, 51.67845592725709 ] } },
{ "type": "Feature", "properties": { "id": "23238714", "name": null }, "geometry": { "type": "Point", "coordinates": [ -0.206901136602991, 51.602584619533012 ] } },
{ "type": "Feature", "properties": { "id": "23252572", "name": "Rectory Farm Allotments" }, "geometry": { "type": "Point", "coordinates": [ -0.083853850140956, 51.607581683768906 ] } },
{ "type": "Feature", "properties": { "id": "23254803", "name": "Western Road Allotments" }, "geometry": { "type": "Point", "coordinates": [ -0.176591369526047, 51.410482474117657 ] } },
{ "type": "Feature", "properties": { "id": "23255321", "name": "Tamworth Farm Allotments" }, "geometry": { "type": "Point", "coordinates": [ -0.163662245088406, 51.41382537068548 ] } },
{ "type": "Feature", "properties": { "id": "23255420", "name": "Park Hill Allotments" }, "geometry": { "type": "Point", "coordinates": [ -0.079830030308965, 51.367927077636949 ] } },
{ "type": "Feature", "properties": { "id": "23256036", "name": "South Croydon Allotments" }, "geometry": { "type": "Point", "coordinates": [ -0.093680251989942, 51.35143074832763 ] } },
{ "type": "Feature", "properties": { "id": "23256171", "name": null }, "geometry": { "type": "Point", "coordinates": [ -0.110021439626328, 51.349166520444747 ] } },
{ "type": "Feature", "properties": { "id": "23274986", "name": "Barrowfield allotments" }, "geometry": { "type": "Point", "coordinates": [ -0.053996315908767, 51.623016293502836 ] } },
{ "type": "Feature", "properties": { "id": "23296253", "name": "Empress Avenue Allotments" }, "geometry": { "type": "Point", "coordinates": [ 0.046327337375699, 51.563466108901366 ] } },
{ "type": "Feature", "properties": { "id": "23298381", "name": null }, "geometry": { "type": "Point", "coordinates": [ -0.195648676824137, 51.345910458915633 ] } },
{ "type": "Feature", "properties": { "id": "23302939", "name": "Hendon Grove Allotments" }, "geometry": { "type": "Point", "coordinates": [ -0.232136118518029, 51.589286124717759 ] } },
{ "type": "Feature", "properties": { "id": "23366029", "name": "Redbridge Lane North Allotments" }, "geometry": { "type": "Point", "coordinates": [ 0.037949689364321, 51.578125823960875 ] } },
{ "type": "Feature", "properties": { "id": "23404759", "name": null }, "geometry": { "type": "Point", "coordinates": [ -0.40641443972115, 51.436182624995418 ] } },
{ "type": "Feature", "properties": { "id": "23452492", "name": "Snakey Lane Allotments" }, "geometry": { "type": "Point", "coordinates": [ -0.412111608765624, 51.433293154557902 ] } },
{ "type": "Feature", "properties": { "id": "23481206", "name": "Green Wrythe Lane allotments" }, "geometry": { "type": "Point", "coordinates": [ -0.170839267353749, 51.374549559913866 ] } },
{ "type": "Feature", "properties": { "id": "23507308", "name": "Bridge Road allotments" }, "geometry": { "type": "Point", "coordinates": [ -0.25429721849554, 51.54899566431866 ] } },
{ "type": "Feature", "properties": { "id": "23517360", "name": null }, "geometry": { "type": "Point", "coordinates": [ -0.28345804022372, 51.515654805058716 ] } },
{ "type": "Feature", "properties": { "id": "23517801", "name": "Great Western Allotments" }, "geometry": { "type": "Point", "coordinates": [ -0.273026313332969, 51.517406654766432 ] } },
{ "type": "Feature", "properties": { "id": "23576837", "name": "Wolsey Drive Allotments" }, "geometry": { "type": "Point", "coordinates": [ -0.299970004457719, 51.42568475628633 ] } },
{ "type": "Feature", "properties": { "id": "23583999", "name": null }, "geometry": { "type": "Point", "coordinates": [ -0.040374993043285, 51.433527335022404 ] } },
{ "type": "Feature", "properties": { "id": "23609780", "name": "Shepherds Hill Allotments" }, "geometry": { "type": "Point", "coordinates": [ -0.136744221391253, 51.579826708118034 ] } },
{ "type": "Feature", "properties": { "id": "23628476", "name": "The Fairway allotments" }, "geometry": { "type": "Point", "coordinates": [ -0.391933157539234, 51.560944138458652 ] } },
{ "type": "Feature", "properties": { "id": "23628488", "name": "Field End Road allotments" }, "geometry": { "type": "Point", "coordinates": [ -0.389982468498964, 51.567816329526458 ] } },
{ "type": "Feature", "properties": { "id": "23649685", "name": null }, "geometry": { "type": "Point", "coordinates": [ 0.269652240614571, 51.555975667643629 ] } },
{ "type": "Feature", "properties": { "id": "23649955", "name": "Gale Street Allotments" }, "geometry": { "type": "Point", "coordinates": [ 0.130203350390161, 51.539842407908488 ] } },
{ "type": "Feature", "properties": { "id": "23798763", "name": "Raeburn Avenue Allotments" }, "geometry": { "type": "Point", "coordinates": [ -0.280629565923292, 51.391514328531443 ] } },
{ "type": "Feature", "properties": { "id": "23884833", "name": "Kingshill Avenue Allotments" }, "geometry": { "type": "Point", "coordinates": [ -0.240641170745068, 51.3890058070319 ] } },
{ "type": "Feature", "properties": { "id": "23897878", "name": "Bells Hill Allotments" }, "geometry": { "type": "Point", "coordinates": [ -0.211875834114577, 51.647159585290147 ] } },
{ "type": "Feature", "properties": { "id": "24397694", "name": "Lamlash Street allotments" }, "geometry": { "type": "Point", "coordinates": [ -0.104205918887039, 51.493934773987881 ] } },
{ "type": "Feature", "properties": { "id": "24420528", "name": "Rathbone Allotments" }, "geometry": { "type": "Point", "coordinates": [ -0.153985995178912, 51.621991150372907 ] } },
{ "type": "Feature", "properties": { "id": "24505274", "name": "Kingston Vale Allotments" }, "geometry": { "type": "Point", "coordinates": [ -0.257234838376498, 51.426058864228104 ] } },
{ "type": "Feature", "properties": { "id": "24513371", "name": "Southbourne Gardens allotments" }, "geometry": { "type": "Point", "coordinates": [ -0.404394484010534, 51.573275075295754 ] } },
{ "type": "Feature", "properties": { "id": "24524662", "name": null }, "geometry": { "type": "Point", "coordinates": [ -0.231524276890346, 51.382582907727489 ] } },
{ "type": "Feature", "properties": { "id": "24531825", "name": null }, "geometry": { "type": "Point", "coordinates": [ -0.206147918198345, 51.371050555106592 ] } },
{ "type": "Feature", "properties": { "id": "24531886", "name": null }, "geometry": { "type": "Point", "coordinates": [ -0.200690371822961, 51.369523193665202 ] } },
{ "type": "Feature", "properties": { "id": "24540522", "name": null }, "geometry": { "type": "Point", "coordinates": [ -0.210034599755638, 51.379505650841367 ] } },
{ "type": "Feature", "properties": { "id": "24540526", "name": null }, "geometry": { "type": "Point", "coordinates": [ -0.212619786619419, 51.380715398923911 ] } },
{ "type": "Feature", "properties": { "id": "24549703", "name": null }, "geometry": { "type": "Point", "coordinates": [ -0.219732357825862, 51.360300192108987 ] } },
{ "type": "Feature", "properties": { "id": "24549706", "name": null }, "geometry": { "type": "Point", "coordinates": [ -0.222113776963625, 51.360113807500845 ] } },
{ "type": "Feature", "properties": { "id": "24576190", "name": "George Hill East Allotments" }, "geometry": { "type": "Point", "coordinates": [ -0.201469381247426, 51.387589507539197 ] } },
{ "type": "Feature", "properties": { "id": "24576191", "name": "George Hill West Allotments" }, "geometry": { "type": "Point", "coordinates": [ -0.203878520261156, 51.388671952616747 ] } },
{ "type": "Feature", "properties": { "id": "24654918", "name": "Whitton Drive Allotments" }, "geometry": { "type": "Point", "coordinates": [ -0.325015981201122, 51.551333384330569 ] } },
{ "type": "Feature", "properties": { "id": "24654925", "name": "Horsenden Allotments" }, "geometry": { "type": "Point", "coordinates": [ -0.330771951053882, 51.55268205056354 ] } },
{ "type": "Feature", "properties": { "id": "24773080", "name": "The Warren Allotments" }, "geometry": { "type": "Point", "coordinates": [ -0.17850858253168, 51.361250600910935 ] } },
{ "type": "Feature", "properties": { "id": "24817857", "name": "Thames Road Allotments" }, "geometry": { "type": "Point", "coordinates": [ -0.278031452366286, 51.485929733101869 ] } },
{ "type": "Feature", "properties": { "id": "25321157", "name": "Maberley Road Allotments" }, "geometry": { "type": "Point", "coordinates": [ -0.074835080652933, 51.413154874321521 ] } },
{ "type": "Feature", "properties": { "id": "25338110", "name": "The Crescent Allotments" }, "geometry": { "type": "Point", "coordinates": [ -0.257060404012467, 51.517007521335692 ] } },
{ "type": "Feature", "properties": { "id": "25408662", "name": "Brook Farm South Allotments" }, "geometry": { "type": "Point", "coordinates": [ -0.178720891508242, 51.634911523512628 ] } },
{ "type": "Feature", "properties": { "id": "25461760", "name": "Lordship Lane Allotments" }, "geometry": { "type": "Point", "coordinates": [ -0.066354909680727, 51.440534372812479 ] } },
{ "type": "Feature", "properties": { "id": "25461777", "name": "Grove Allotments" }, "geometry": { "type": "Point", "coordinates": [ -0.07035928752094, 51.442466745380869 ] } },
{ "type": "Feature", "properties": { "id": "25502211", "name": "Glebe Avenue allotments" }, "geometry": { "type": "Point", "coordinates": [ -0.436382300766186, 51.560465835941251 ] } },
{ "type": "Feature", "properties": { "id": "25631030", "name": null }, "geometry": { "type": "Point", "coordinates": [ -0.217656326628566, 51.355393035598688 ] } },
{ "type": "Feature", "properties": { "id": "25646016", "name": "Glebelands Allotments (North Finchley Allotment League)" }, "geometry": { "type": "Point", "coordinates": [ -0.167933148666902, 51.606680139622739 ] } },
{ "type": "Feature", "properties": { "id": "25696378", "name": "Heathfield Rise allotments" }, "geometry": { "type": "Point", "coordinates": [ -0.439381234614231, 51.574983472900342 ] } },
{ "type": "Feature", "properties": { "id": "25725248", "name": "Queens Road allotment" }, "geometry": { "type": "Point", "coordinates": [ -0.285876413462252, 51.458852511372925 ] } },
{ "type": "Feature", "properties": { "id": "25914666", "name": "Allotments (LAHA @ Roding Farm)" }, "geometry": { "type": "Point", "coordinates": [ 0.038024646730619, 51.582319745537717 ] } },
{ "type": "Feature", "properties": { "id": "25952689", "name": "Windlass Place Allotments" }, "geometry": { "type": "Point", "coordinates": [ -0.035789178247875, 51.490412638755473 ] } },
{ "type": "Feature", "properties": { "id": "26272278", "name": null }, "geometry": { "type": "Point", "coordinates": [ -0.271200472732823, 51.499198378488124 ] } },
{ "type": "Feature", "properties": { "id": "26578838", "name": "One Tree Hill allotments" }, "geometry": { "type": "Point", "coordinates": [ -0.049272742292469, 51.4507558063289 ] } },
{ "type": "Feature", "properties": { "id": "26756758", "name": "Sherwood Park allotments" }, "geometry": { "type": "Point", "coordinates": [ 0.11240313881932, 51.445899612985308 ] } },
{ "type": "Feature", "properties": { "id": "26946870", "name": "Park Road Allotments" }, "geometry": { "type": "Point", "coordinates": [ -0.291652735960417, 51.428742011070291 ] } },
{ "type": "Feature", "properties": { "id": "26946883", "name": "Parkfields Allotments" }, "geometry": { "type": "Point", "coordinates": [ -0.292812491015661, 51.426390022057944 ] } },
{ "type": "Feature", "properties": { "id": "26948712", "name": "Aden Terrace Allotments" }, "geometry": { "type": "Point", "coordinates": [ -0.089233498686097, 51.557061978539124 ] } },
{ "type": "Feature", "properties": { "id": "26999578", "name": "Marsh Farm Allotments" }, "geometry": { "type": "Point", "coordinates": [ -0.338518677174993, 51.448691070321587 ] } },
{ "type": "Feature", "properties": { "id": "27026327", "name": null }, "geometry": { "type": "Point", "coordinates": [ 0.12539745166033, 51.453604145910596 ] } },
{ "type": "Feature", "properties": { "id": "27619777", "name": "Lyon Park Avenue Allotments" }, "geometry": { "type": "Point", "coordinates": [ -0.289957264514326, 51.546878888221087 ] } },
{ "type": "Feature", "properties": { "id": "27693943", "name": "Gibbons Road allotments" }, "geometry": { "type": "Point", "coordinates": [ -0.257378051185897, 51.546914462096701 ] } },
{ "type": "Feature", "properties": { "id": "27793396", "name": "Longstone Avenue (North End) allotments" }, "geometry": { "type": "Point", "coordinates": [ -0.24467240062256, 51.543173916700844 ] } },
{ "type": "Feature", "properties": { "id": "27804532", "name": "Clifford Road Allotments" }, "geometry": { "type": "Point", "coordinates": [ -0.306693058985576, 51.541902351061474 ] } },
{ "type": "Feature", "properties": { "id": "27826262", "name": "Grosvenor Avenue allotments" }, "geometry": { "type": "Point", "coordinates": [ -0.420437383925552, 51.53753324271127 ] } },
{ "type": "Feature", "properties": { "id": "27870750", "name": null }, "geometry": { "type": "Point", "coordinates": [ -0.215539067409755, 51.609660644907976 ] } },
{ "type": "Feature", "properties": { "id": "28036821", "name": "Knollmead Allotments" }, "geometry": { "type": "Point", "coordinates": [ -0.271981633222258, 51.379245858516455 ] } },
{ "type": "Feature", "properties": { "id": "28235897", "name": "Gunsite Allotments" }, "geometry": { "type": "Point", "coordinates": [ -0.070699598720962, 51.436527665587164 ] } },
{ "type": "Feature", "properties": { "id": "28237059", "name": "Grange Lane Allotments" }, "geometry": { "type": "Point", "coordinates": [ -0.076460969015637, 51.43629738426224 ] } },
{ "type": "Feature", "properties": { "id": "28296992", "name": "Wise Lane" }, "geometry": { "type": "Point", "coordinates": [ -0.228304520024778, 51.609597174153684 ] } },
{ "type": "Feature", "properties": { "id": "28476880", "name": "Holy Trinity Allotments" }, "geometry": { "type": "Point", "coordinates": [ 0.042261343482526, 51.380553812535155 ] } },
{ "type": "Feature", "properties": { "id": "28476963", "name": null }, "geometry": { "type": "Point", "coordinates": [ 0.033194176572789, 51.389808013264343 ] } },
{ "type": "Feature", "properties": { "id": "28477076", "name": "Bourne Vale Allotment Association" }, "geometry": { "type": "Point", "coordinates": [ 0.012937026441326, 51.385076242369493 ] } },
{ "type": "Feature", "properties": { "id": "28477078", "name": "Bourne Vale Allotments" }, "geometry": { "type": "Point", "coordinates": [ 0.008272253213166, 51.380532561440475 ] } },
{ "type": "Feature", "properties": { "id": "28497875", "name": null }, "geometry": { "type": "Point", "coordinates": [ 0.082485711947512, 51.382698328518032 ] } },
{ "type": "Feature", "properties": { "id": "28497879", "name": null }, "geometry": { "type": "Point", "coordinates": [ 0.070736431427599, 51.382943606410791 ] } },
{ "type": "Feature", "properties": { "id": "28584933", "name": "St Mary's Road" }, "geometry": { "type": "Point", "coordinates": [ 0.030558415949935, 51.532151305312041 ] } },
{ "type": "Feature", "properties": { "id": "28658955", "name": null }, "geometry": { "type": "Point", "coordinates": [ 0.193631564761064, 51.45393948576374 ] } },
{ "type": "Feature", "properties": { "id": "28806702", "name": "Adams Road Allotments" }, "geometry": { "type": "Point", "coordinates": [ -0.043021605691586, 51.393771883261373 ] } },
{ "type": "Feature", "properties": { "id": "28836413", "name": "Browning Road Allotments" }, "geometry": { "type": "Point", "coordinates": [ 0.015527105254039, 51.568924898115128 ] } },
{ "type": "Feature", "properties": { "id": "28836702", "name": "King's Passage Allotments" }, "geometry": { "type": "Point", "coordinates": [ 0.007440283292815, 51.570884704594597 ] } },
{ "type": "Feature", "properties": { "id": "28968676", "name": null }, "geometry": { "type": "Point", "coordinates": [ -0.486005192911402, 51.592237725100283 ] } },
{ "type": "Feature", "properties": { "id": "28982901", "name": "Moor Lane Allotment Site" }, "geometry": { "type": "Point", "coordinates": [ -0.484364502493079, 51.489759355829698 ] } },
{ "type": "Feature", "properties": { "id": "28992861", "name": null }, "geometry": { "type": "Point", "coordinates": [ -0.485569239027818, 51.601376288853125 ] } },
{ "type": "Feature", "properties": { "id": "28992878", "name": null }, "geometry": { "type": "Point", "coordinates": [ -0.477074904887581, 51.607219590641961 ] } },
{ "type": "Feature", "properties": { "id": "29160111", "name": "Reynolds Allotments" }, "geometry": { "type": "Point", "coordinates": [ 0.067655366840986, 51.546636800095129 ] } },
{ "type": "Feature", "properties": { "id": "29429795", "name": "Newton Park East" }, "geometry": { "type": "Point", "coordinates": [ -0.36733004403699, 51.569142337498839 ] } },
{ "type": "Feature", "properties": { "id": "29931764", "name": "Chadwell Lane Allotments" }, "geometry": { "type": "Point", "coordinates": [ 0.130554334127924, 51.572043693180134 ] } },
{ "type": "Feature", "properties": { "id": "30124487", "name": null }, "geometry": { "type": "Point", "coordinates": [ 0.133471694814719, 51.572683524378242 ] } },
{ "type": "Feature", "properties": { "id": "30141198", "name": "Caspian Street Allotments" }, "geometry": { "type": "Point", "coordinates": [ -0.091368913628343, 51.479167459906044 ] } },
{ "type": "Feature", "properties": { "id": "30246579", "name": null }, "geometry": { "type": "Point", "coordinates": [ 0.138710552611332, 51.58525114374546 ] } },
{ "type": "Feature", "properties": { "id": "31719873", "name": "Lennard Road Allotments" }, "geometry": { "type": "Point", "coordinates": [ -0.041452208043596, 51.417944826365144 ] } },
{ "type": "Feature", "properties": { "id": "32055218", "name": "Arvon Road allotments" }, "geometry": { "type": "Point", "coordinates": [ -0.105045282127946, 51.551653742649357 ] } },
{ "type": "Feature", "properties": { "id": "32134963", "name": null }, "geometry": { "type": "Point", "coordinates": [ -0.024377179069958, 51.391731572429329 ] } },
{ "type": "Feature", "properties": { "id": "32137072", "name": "Culpeper Community Garden" }, "geometry": { "type": "Point", "coordinates": [ -0.109651217887429, 51.534851367876222 ] } },
{ "type": "Feature", "properties": { "id": "32998175", "name": null }, "geometry": { "type": "Point", "coordinates": [ -0.199319405162671, 51.370110214318146 ] } },
{ "type": "Feature", "properties": { "id": "33489734", "name": null }, "geometry": { "type": "Point", "coordinates": [ -0.022033691455186, 51.404376210017318 ] } },
{ "type": "Feature", "properties": { "id": "33569319", "name": "Chestnut Avenue allotments" }, "geometry": { "type": "Point", "coordinates": [ -0.417423849432339, 51.602127483962306 ] } },
{ "type": "Feature", "properties": { "id": "33795612", "name": "Thurleston Allotments" }, "geometry": { "type": "Point", "coordinates": [ -0.218958914604971, 51.396769735321215 ] } },
{ "type": "Feature", "properties": { "id": "33795741", "name": "Cannizaro Park Allotments" }, "geometry": { "type": "Point", "coordinates": [ -0.233060205093069, 51.425213158532813 ] } },
{ "type": "Feature", "properties": { "id": "33795887", "name": "Durnsford Allotments" }, "geometry": { "type": "Point", "coordinates": [ -0.191945859858563, 51.428688712699639 ] } },
{ "type": "Feature", "properties": { "id": "33795924", "name": "Havelock Allotments" }, "geometry": { "type": "Point", "coordinates": [ -0.186836373818224, 51.426684632825108 ] } },
{ "type": "Feature", "properties": { "id": "33796454", "name": "Effra Allotments" }, "geometry": { "type": "Point", "coordinates": [ -0.192770620744808, 51.423148957439764 ] } },
{ "type": "Feature", "properties": { "id": "33796565", "name": "Eveline Allotments" }, "geometry": { "type": "Point", "coordinates": [ -0.164741841585851, 51.411048264565039 ] } },
{ "type": "Feature", "properties": { "id": "33796658", "name": "New Barns Allotments" }, "geometry": { "type": "Point", "coordinates": [ -0.137541445394241, 51.397687437302089 ] } },
{ "type": "Feature", "properties": { "id": "33797261", "name": "Phipps Bridge Allotments" }, "geometry": { "type": "Point", "coordinates": [ -0.18405079885622, 51.406361699986519 ] } },
{ "type": "Feature", "properties": { "id": "33818507", "name": "Wilverley Crescent Allotments" }, "geometry": { "type": "Point", "coordinates": [ -0.255858136165298, 51.390046524511654 ] } },
{ "type": "Feature", "properties": { "id": "33818894", "name": "Hook Leisure Gardens Allotments" }, "geometry": { "type": "Point", "coordinates": [ -0.3089747433061, 51.373970857979735 ] } },
{ "type": "Feature", "properties": { "id": "33818984", "name": "Churchfields Allotments" }, "geometry": { "type": "Point", "coordinates": [ -0.300128089514296, 51.359188513236894 ] } },
{ "type": "Feature", "properties": { "id": "34187712", "name": "Pollard Close Allotment Gardens" }, "geometry": { "type": "Point", "coordinates": [ -0.115375313817387, 51.552989343385157 ] } },
{ "type": "Feature", "properties": { "id": "34239147", "name": null }, "geometry": { "type": "Point", "coordinates": [ -0.06785690592765, 51.453979529732685 ] } },
{ "type": "Feature", "properties": { "id": "34752578", "name": null }, "geometry": { "type": "Point", "coordinates": [ -0.105722939092335, 51.416830565037536 ] } },
{ "type": "Feature", "properties": { "id": "35481194", "name": "New Eltham Allotment Society" }, "geometry": { "type": "Point", "coordinates": [ 0.066600794575726, 51.436680814448103 ] } },
{ "type": "Feature", "properties": { "id": "35559062", "name": null }, "geometry": { "type": "Point", "coordinates": [ -0.101189334953337, 51.394041213670079 ] } },
{ "type": "Feature", "properties": { "id": "35735293", "name": "Meadow Close Allotments" }, "geometry": { "type": "Point", "coordinates": [ -0.025565191622736, 51.423903346201925 ] } },
{ "type": "Feature", "properties": { "id": "35735503", "name": null }, "geometry": { "type": "Point", "coordinates": [ -0.022202444920964, 51.439127443106003 ] } },
{ "type": "Feature", "properties": { "id": "35737005", "name": null }, "geometry": { "type": "Point", "coordinates": [ 0.003387617445507, 51.437821653809962 ] } },
{ "type": "Feature", "properties": { "id": "35737029", "name": null }, "geometry": { "type": "Point", "coordinates": [ 0.00317771877894, 51.436573074434492 ] } },
{ "type": "Feature", "properties": { "id": "35738515", "name": "Chinbrook Meadows Allotments" }, "geometry": { "type": "Point", "coordinates": [ 0.033251002425975, 51.424909123849147 ] } },
{ "type": "Feature", "properties": { "id": "35738575", "name": "Lee & District Land Club Allotments" }, "geometry": { "type": "Point", "coordinates": [ 0.019264592233329, 51.434584426430803 ] } },
{ "type": "Feature", "properties": { "id": "35738702", "name": "Exford Road Allotments" }, "geometry": { "type": "Point", "coordinates": [ 0.024301113826679, 51.437407852632866 ] } },
{ "type": "Feature", "properties": { "id": "35776797", "name": null }, "geometry": { "type": "Point", "coordinates": [ 0.169127945213549, 51.459421468328728 ] } },
{ "type": "Feature", "properties": { "id": "35781263", "name": "The Pleasance Allotments" }, "geometry": { "type": "Point", "coordinates": [ -0.237182252917779, 51.462095040134187 ] } },
{ "type": "Feature", "properties": { "id": "35781419", "name": "Dover House Road Allotments" }, "geometry": { "type": "Point", "coordinates": [ -0.238908792897398, 51.458612424731754 ] } },
{ "type": "Feature", "properties": { "id": "35801294", "name": "Beck Lane Allotments" }, "geometry": { "type": "Point", "coordinates": [ -0.051087390403653, 51.403992201368091 ] } },
{ "type": "Feature", "properties": { "id": "35801302", "name": "Dorset Road Allotments" }, "geometry": { "type": "Point", "coordinates": [ -0.050011289304459, 51.402428845623177 ] } },
{ "type": "Feature", "properties": { "id": "35822744", "name": "Firhill South Allotments" }, "geometry": { "type": "Point", "coordinates": [ -0.028169855640904, 51.428922535527136 ] } },
{ "type": "Feature", "properties": { "id": "35920274", "name": "Middle Park Allotments" }, "geometry": { "type": "Point", "coordinates": [ 0.045169494601413, 51.442196354115374 ] } },
{ "type": "Feature", "properties": { "id": "35926447", "name": "Halls Farm Allotment Association" }, "geometry": { "type": "Point", "coordinates": [ 0.023833735788639, 51.420430930641956 ] } },
{ "type": "Feature", "properties": { "id": "35958762", "name": "Southlands Road Allotments" }, "geometry": { "type": "Point", "coordinates": [ 0.037566875568377, 51.396660206679613 ] } },
{ "type": "Feature", "properties": { "id": "35958764", "name": "Southlands Road Allotments" }, "geometry": { "type": "Point", "coordinates": [ 0.039325170777377, 51.397379433378852 ] } },
{ "type": "Feature", "properties": { "id": "36008975", "name": "Foxbury Allotments" }, "geometry": { "type": "Point", "coordinates": [ 0.018084113252024, 51.417943668326487 ] } },
{ "type": "Feature", "properties": { "id": "36121057", "name": "Roslin Way Allotments" }, "geometry": { "type": "Point", "coordinates": [ 0.019428596040693, 51.421711067243692 ] } },
{ "type": "Feature", "properties": { "id": "36121380", "name": null }, "geometry": { "type": "Point", "coordinates": [ 0.018757248718042, 51.394174511775141 ] } },
{ "type": "Feature", "properties": { "id": "36855371", "name": null }, "geometry": { "type": "Point", "coordinates": [ -0.163746252691789, 51.584803459230756 ] } },
{ "type": "Feature", "properties": { "id": "36882881", "name": "Streamside" }, "geometry": { "type": "Point", "coordinates": [ -0.376393790218465, 51.583160701452613 ] } },
{ "type": "Feature", "properties": { "id": "36882938", "name": "Yeading Avenue allotments" }, "geometry": { "type": "Point", "coordinates": [ -0.384685551927083, 51.571381881850144 ] } },
{ "type": "Feature", "properties": { "id": "36972123", "name": "Barn Elms Allotments" }, "geometry": { "type": "Point", "coordinates": [ -0.233653198386806, 51.483273921860857 ] } },
{ "type": "Feature", "properties": { "id": "37878462", "name": "Wood End Green" }, "geometry": { "type": "Point", "coordinates": [ -0.429483418359366, 51.522358794204862 ] } },
{ "type": "Feature", "properties": { "id": "37878493", "name": "Hayes End allotments" }, "geometry": { "type": "Point", "coordinates": [ -0.429531060953399, 51.526484819386546 ] } },
{ "type": "Feature", "properties": { "id": "37880697", "name": null }, "geometry": { "type": "Point", "coordinates": [ -0.031525636243902, 51.476672377080519 ] } },
{ "type": "Feature", "properties": { "id": "37888822", "name": "Windmill Lane allotments" }, "geometry": { "type": "Point", "coordinates": [ -0.356510240336671, 51.524253311915459 ] } },
{ "type": "Feature", "properties": { "id": "37977051", "name": "Hayes Bridge allotments" }, "geometry": { "type": "Point", "coordinates": [ -0.391198566230456, 51.509967707919401 ] } },
{ "type": "Feature", "properties": { "id": "38258790", "name": "Pield Heath allotments" }, "geometry": { "type": "Point", "coordinates": [ -0.456710520411293, 51.52537515339278 ] } },
{ "type": "Feature", "properties": { "id": "38453307", "name": "Hackney Tree Nursery" }, "geometry": { "type": "Point", "coordinates": [ -0.024476358808642, 51.552338812958475 ] } },
{ "type": "Feature", "properties": { "id": "39171605", "name": "Tenterden Close Allotments" }, "geometry": { "type": "Point", "coordinates": [ -0.297846100361509, 51.573669644315437 ] } },
{ "type": "Feature", "properties": { "id": "39471383", "name": null }, "geometry": { "type": "Point", "coordinates": [ 0.140628263713174, 51.488072273785676 ] } },
{ "type": "Feature", "properties": { "id": "39658246", "name": "Pinn Way allotments" }, "geometry": { "type": "Point", "coordinates": [ -0.430688657481574, 51.579549597735138 ] } },
{ "type": "Feature", "properties": { "id": "40224555", "name": "Prospect Walk Allotments" }, "geometry": { "type": "Point", "coordinates": [ -0.045532582628338, 51.528360322123362 ] } },
{ "type": "Feature", "properties": { "id": "40253027", "name": "Augustus And Redhill Allotments" }, "geometry": { "type": "Point", "coordinates": [ -0.142804350900349, 51.530928047464727 ] } },
{ "type": "Feature", "properties": { "id": "40313996", "name": null }, "geometry": { "type": "Point", "coordinates": [ 0.14390222263405, 51.446702403166924 ] } },
{ "type": "Feature", "properties": { "id": "40743370", "name": "Stable Meadows Allotments" }, "geometry": { "type": "Point", "coordinates": [ 0.135666674978033, 51.429453849408539 ] } },
{ "type": "Feature", "properties": { "id": "41383724", "name": null }, "geometry": { "type": "Point", "coordinates": [ 0.130615969852691, 51.356703656864894 ] } },
{ "type": "Feature", "properties": { "id": "41389554", "name": null }, "geometry": { "type": "Point", "coordinates": [ 0.108473651211978, 51.420394136602155 ] } },
{ "type": "Feature", "properties": { "id": "41956895", "name": "White Hart Lane Allotments" }, "geometry": { "type": "Point", "coordinates": [ -0.093313913415151, 51.604943689398361 ] } },
{ "type": "Feature", "properties": { "id": "42122266", "name": null }, "geometry": { "type": "Point", "coordinates": [ -0.254566475301471, 51.508404042949188 ] } },
{ "type": "Feature", "properties": { "id": "43312854", "name": "Stafford Road allotments" }, "geometry": { "type": "Point", "coordinates": [ -0.421929060145353, 51.558852946205043 ] } },
{ "type": "Feature", "properties": { "id": "43633026", "name": "Old Palace Lane Allotment" }, "geometry": { "type": "Point", "coordinates": [ -0.311295111077551, 51.461453750339594 ] } },
{ "type": "Feature", "properties": { "id": "44532337", "name": "Manor Road Allotments" }, "geometry": { "type": "Point", "coordinates": [ -0.285604946274169, 51.464741735194764 ] } },
{ "type": "Feature", "properties": { "id": "44533025", "name": null }, "geometry": { "type": "Point", "coordinates": [ -0.264488001335945, 51.460901372954545 ] } },
{ "type": "Feature", "properties": { "id": "44533029", "name": null }, "geometry": { "type": "Point", "coordinates": [ -0.256614308942389, 51.462701060430796 ] } },
{ "type": "Feature", "properties": { "id": "44600965", "name": null }, "geometry": { "type": "Point", "coordinates": [ -0.350685573418152, 51.468500462957039 ] } },
{ "type": "Feature", "properties": { "id": "44618687", "name": null }, "geometry": { "type": "Point", "coordinates": [ -0.346145212426871, 51.463946584523072 ] } },
{ "type": "Feature", "properties": { "id": "44653171", "name": "South Close Allotments" }, "geometry": { "type": "Point", "coordinates": [ -0.370914185602273, 51.438122247155121 ] } },
{ "type": "Feature", "properties": { "id": "44733817", "name": "Stanhope Park allotments" }, "geometry": { "type": "Point", "coordinates": [ -0.353150566575031, 51.530216560645911 ] } },
{ "type": "Feature", "properties": { "id": "44733826", "name": "Ravenor Park allotments" }, "geometry": { "type": "Point", "coordinates": [ -0.357299387653977, 51.53271693789862 ] } },
{ "type": "Feature", "properties": { "id": "44733961", "name": "Braund Avenue allotments" }, "geometry": { "type": "Point", "coordinates": [ -0.364066295791158, 51.529687646535962 ] } },
{ "type": "Feature", "properties": { "id": "44745440", "name": "West Drayton Cemetery allotments" }, "geometry": { "type": "Point", "coordinates": [ -0.468603152844546, 51.500659957415508 ] } },
{ "type": "Feature", "properties": { "id": "44745450", "name": "West Drayton Depot allotments" }, "geometry": { "type": "Point", "coordinates": [ -0.462698878528981, 51.503552511386417 ] } },
{ "type": "Feature", "properties": { "id": "44772214", "name": "Peachey Lane allotments" }, "geometry": { "type": "Point", "coordinates": [ -0.475376159602691, 51.52544661198317 ] } },
{ "type": "Feature", "properties": { "id": "44824097", "name": "Hill End Allotments" }, "geometry": { "type": "Point", "coordinates": [ -0.485832123737385, 51.612457927810155 ] } },
{ "type": "Feature", "properties": { "id": "44916827", "name": "Brighton Drive allotments" }, "geometry": { "type": "Point", "coordinates": [ -0.367671416537242, 51.549823941941959 ] } },
{ "type": "Feature", "properties": { "id": "45167847", "name": null }, "geometry": { "type": "Point", "coordinates": [ -0.288125717299586, 51.504265070839864 ] } },
{ "type": "Feature", "properties": { "id": "45199321", "name": "Bovingdon Avenue Allotments" }, "geometry": { "type": "Point", "coordinates": [ -0.277932283219105, 51.54652042439298 ] } },
{ "type": "Feature", "properties": { "id": "45349223", "name": "Townsend Lane allotments" }, "geometry": { "type": "Point", "coordinates": [ -0.256916837022617, 51.57859155026307 ] } },
{ "type": "Feature", "properties": { "id": "45349256", "name": "Dors Close allotments" }, "geometry": { "type": "Point", "coordinates": [ -0.260046245254633, 51.572019069361261 ] } },
{ "type": "Feature", "properties": { "id": "45349261", "name": "Birchen Grove allotments" }, "geometry": { "type": "Point", "coordinates": [ -0.258878877051435, 51.569467950056975 ] } },
{ "type": "Feature", "properties": { "id": "45441314", "name": "Kinch Grove Allotments" }, "geometry": { "type": "Point", "coordinates": [ -0.289483365936189, 51.576766175838991 ] } },
{ "type": "Feature", "properties": { "id": "45670713", "name": "Whitton Place Allotments" }, "geometry": { "type": "Point", "coordinates": [ -0.333876691816234, 51.552903776587854 ] } },
{ "type": "Feature", "properties": { "id": "45673720", "name": "Upper Chesham Allotments" }, "geometry": { "type": "Point", "coordinates": [ -0.056140658483097, 51.40872003440014 ] } },
{ "type": "Feature", "properties": { "id": "45674029", "name": "Lower Chesham Allotments" }, "geometry": { "type": "Point", "coordinates": [ -0.052894897658499, 51.408278902896086 ] } },
{ "type": "Feature", "properties": { "id": "45674033", "name": "Forster Road Allotments" }, "geometry": { "type": "Point", "coordinates": [ -0.047221301867899, 51.399481956230282 ] } },
{ "type": "Feature", "properties": { "id": "45683734", "name": "Enmore Road" }, "geometry": { "type": "Point", "coordinates": [ -0.070279663672731, 51.393633821555007 ] } },
{ "type": "Feature", "properties": { "id": "45875368", "name": "Abbots Road Allotments" }, "geometry": { "type": "Point", "coordinates": [ -0.261653067560851, 51.609116845017674 ] } },
{ "type": "Feature", "properties": { "id": "45877723", "name": "Western Avenue allotments" }, "geometry": { "type": "Point", "coordinates": [ -0.443424430109143, 51.550328350738241 ] } },
{ "type": "Feature", "properties": { "id": "46098285", "name": "Southgate Chase Allotments" }, "geometry": { "type": "Point", "coordinates": [ -0.130197529516464, 51.635200899747822 ] } },
{ "type": "Feature", "properties": { "id": "46099445", "name": "Barfield Avenue Allotments" }, "geometry": { "type": "Point", "coordinates": [ -0.157741449369631, 51.626293143654948 ] } },
{ "type": "Feature", "properties": { "id": "46114155", "name": "Barnsfield Place Allotment Site" }, "geometry": { "type": "Point", "coordinates": [ -0.485894495105808, 51.545667912765218 ] } },
{ "type": "Feature", "properties": { "id": "47847929", "name": "Barrowell Green Allotments" }, "geometry": { "type": "Point", "coordinates": [ -0.096201759762057, 51.624389389229059 ] } },
{ "type": "Feature", "properties": { "id": "47847958", "name": "Church Street allotments" }, "geometry": { "type": "Point", "coordinates": [ -0.077317044200715, 51.631633881947735 ] } },
{ "type": "Feature", "properties": { "id": "47975447", "name": "Brookfield allotments" }, "geometry": { "type": "Point", "coordinates": [ 0.007870173181463, 51.608054914603834 ] } },
{ "type": "Feature", "properties": { "id": "48040125", "name": "Horn Lane Allotments" }, "geometry": { "type": "Point", "coordinates": [ 0.031485403520405, 51.603478674095861 ] } },
{ "type": "Feature", "properties": { "id": "48040146", "name": "Lincoln Road Allotments" }, "geometry": { "type": "Point", "coordinates": [ 0.020119254844058, 51.596648821028445 ] } },
{ "type": "Feature", "properties": { "id": "48188800", "name": "Bowes Road allotments" }, "geometry": { "type": "Point", "coordinates": [ -0.117005858252572, 51.611640034515901 ] } },
{ "type": "Feature", "properties": { "id": "48188806", "name": null }, "geometry": { "type": "Point", "coordinates": [ -0.116199037308243, 51.605281912027124 ] } },
{ "type": "Feature", "properties": { "id": "48232388", "name": "Marsh Lane Allotments" }, "geometry": { "type": "Point", "coordinates": [ -0.050710684609137, 51.601089075286097 ] } },
{ "type": "Feature", "properties": { "id": "48244897", "name": "East Hale Allotments" }, "geometry": { "type": "Point", "coordinates": [ -0.054672810303107, 51.592405815371983 ] } },
{ "type": "Feature", "properties": { "id": "48253990", "name": "Fairbrook Allotments" }, "geometry": { "type": "Point", "coordinates": [ -0.098369898736437, 51.613538603751095 ] } },
{ "type": "Feature", "properties": { "id": "48286103", "name": "Gospatrick Road Allotments" }, "geometry": { "type": "Point", "coordinates": [ -0.094707738278297, 51.602783667266102 ] } },
{ "type": "Feature", "properties": { "id": "48286115", "name": "Courtman Road Allotments" }, "geometry": { "type": "Point", "coordinates": [ -0.090684847659639, 51.602787999741828 ] } },
{ "type": "Feature", "properties": { "id": "48286116", "name": "Stockton Road Allotments" }, "geometry": { "type": "Point", "coordinates": [ -0.093251978461818, 51.603490724760817 ] } },
{ "type": "Feature", "properties": { "id": "48288060", "name": "Fielding Street Allotments" }, "geometry": { "type": "Point", "coordinates": [ -0.096597899116833, 51.485162544792381 ] } },
{ "type": "Feature", "properties": { "id": "48371975", "name": "Sinnott Road Allotments" }, "geometry": { "type": "Point", "coordinates": [ -0.04169823858543, 51.598734343396551 ] } },
{ "type": "Feature", "properties": { "id": "48551862", "name": "Redbridge Lane South Allotments" }, "geometry": { "type": "Point", "coordinates": [ 0.037913377765196, 51.576050336212937 ] } },
{ "type": "Feature", "properties": { "id": "48700375", "name": "Folkestone Road" }, "geometry": { "type": "Point", "coordinates": [ 0.069841947536379, 51.526916107765416 ] } },
{ "type": "Feature", "properties": { "id": "48700376", "name": "Folkestone Road" }, "geometry": { "type": "Point", "coordinates": [ 0.069949467503953, 51.525097337897314 ] } },
{ "type": "Feature", "properties": { "id": "48734549", "name": "Pennyroyal Avenue" }, "geometry": { "type": "Point", "coordinates": [ 0.066630269889682, 51.511352371713258 ] } },
{ "type": "Feature", "properties": { "id": "48865097", "name": "Gladstone Park Gardens Allotments" }, "geometry": { "type": "Point", "coordinates": [ -0.226457954589499, 51.560279661614608 ] } },
{ "type": "Feature", "properties": { "id": "48922675", "name": "Finchley Manor Allotments" }, "geometry": { "type": "Point", "coordinates": [ -0.186413935836682, 51.589722394190289 ] } },
{ "type": "Feature", "properties": { "id": "48968160", "name": "Vale Farm Allotments" }, "geometry": { "type": "Point", "coordinates": [ -0.175604002596229, 51.599369178592681 ] } },
{ "type": "Feature", "properties": { "id": "49011905", "name": "Fortis Green Allotments" }, "geometry": { "type": "Point", "coordinates": [ -0.152756947271853, 51.587623027694832 ] } },
{ "type": "Feature", "properties": { "id": "49136185", "name": null }, "geometry": { "type": "Point", "coordinates": [ -0.03916909735995, 51.460763553543785 ] } },
{ "type": "Feature", "properties": { "id": "49522650", "name": "Nutfield Road allotments" }, "geometry": { "type": "Point", "coordinates": [ -0.239510578834479, 51.562764405291396 ] } },
{ "type": "Feature", "properties": { "id": "49677622", "name": "Tower Road allotments" }, "geometry": { "type": "Point", "coordinates": [ -0.23778671475252, 51.5450769436112 ] } },
{ "type": "Feature", "properties": { "id": "49696017", "name": "Leigh Gardens Allotments" }, "geometry": { "type": "Point", "coordinates": [ -0.228285726818806, 51.536772055341729 ] } },
{ "type": "Feature", "properties": { "id": "50030004", "name": "Leaside Road Allotments" }, "geometry": { "type": "Point", "coordinates": [ -0.052462295209583, 51.56629197026335 ] } },
{ "type": "Feature", "properties": { "id": "50752649", "name": null }, "geometry": { "type": "Point", "coordinates": [ -0.032224950429753, 51.511208170835275 ] } },
{ "type": "Feature", "properties": { "id": "50832956", "name": "Reeves Road Allotment Society" }, "geometry": { "type": "Point", "coordinates": [ -0.016496074884973, 51.524315803643674 ] } },
{ "type": "Feature", "properties": { "id": "53627502", "name": "Cossall estate raised bed" }, "geometry": { "type": "Point", "coordinates": [ -0.06150036481176, 51.472071389314301 ] } },
{ "type": "Feature", "properties": { "id": "54235055", "name": "Hartley Down Allotments" }, "geometry": { "type": "Point", "coordinates": [ -0.127331781615165, 51.325818546503157 ] } },
{ "type": "Feature", "properties": { "id": "55372695", "name": "Paterson Park Allotments" }, "geometry": { "type": "Point", "coordinates": [ -0.068674244612114, 51.489406260799647 ] } },
{ "type": "Feature", "properties": { "id": "56158385", "name": null }, "geometry": { "type": "Point", "coordinates": [ 0.19046586017331, 51.563508662664518 ] } },
{ "type": "Feature", "properties": { "id": "56158574", "name": null }, "geometry": { "type": "Point", "coordinates": [ 0.196789244569149, 51.562962894209882 ] } },
{ "type": "Feature", "properties": { "id": "58701064", "name": "Ickenham Green allotments" }, "geometry": { "type": "Point", "coordinates": [ -0.44355638676386, 51.569915450820325 ] } },
{ "type": "Feature", "properties": { "id": "60026812", "name": null }, "geometry": { "type": "Point", "coordinates": [ 0.11871095, 51.55073715 ] } },
{ "type": "Feature", "properties": { "id": "60030095", "name": null }, "geometry": { "type": "Point", "coordinates": [ 0.125770140620496, 51.552252802283327 ] } },
{ "type": "Feature", "properties": { "id": "60030096", "name": null }, "geometry": { "type": "Point", "coordinates": [ 0.127388825586557, 51.553176642828348 ] } },
{ "type": "Feature", "properties": { "id": "60082530", "name": "Kidbrooke Park Allotments" }, "geometry": { "type": "Point", "coordinates": [ 0.02437044805055, 51.464793028415635 ] } },
{ "type": "Feature", "properties": { "id": "60085306", "name": "Melville Road Allotments" }, "geometry": { "type": "Point", "coordinates": [ 0.198257282940943, 51.517510151875527 ] } },
{ "type": "Feature", "properties": { "id": "60107420", "name": null }, "geometry": { "type": "Point", "coordinates": [ 0.188740380408634, 51.54760508698606 ] } },
{ "type": "Feature", "properties": { "id": "60128668", "name": null }, "geometry": { "type": "Point", "coordinates": [ 0.202709104373579, 51.579244160047068 ] } },
{ "type": "Feature", "properties": { "id": "61928807", "name": null }, "geometry": { "type": "Point", "coordinates": [ -0.271831736310241, 51.471240255476211 ] } },
{ "type": "Feature", "properties": { "id": "73537915", "name": "Cooks Hole Allotment Site" }, "geometry": { "type": "Point", "coordinates": [ -0.090523438479332, 51.667364207246479 ] } },
{ "type": "Feature", "properties": { "id": "76372524", "name": "Dunstans Road Allotments" }, "geometry": { "type": "Point", "coordinates": [ -0.064883231043109, 51.450661575658899 ] } },
{ "type": "Feature", "properties": { "id": "76398234", "name": "Sandringham Road Allotments" }, "geometry": { "type": "Point", "coordinates": [ 0.016182712468362, 51.421551953687299 ] } },
{ "type": "Feature", "properties": { "id": "76398235", "name": "South Beckton" }, "geometry": { "type": "Point", "coordinates": [ 0.056750429947667, 51.513006990744415 ] } },
{ "type": "Feature", "properties": { "id": "77382076", "name": "West End Road allotments" }, "geometry": { "type": "Point", "coordinates": [ -0.422883655727508, 51.568321683578134 ] } },
{ "type": "Feature", "properties": { "id": "77411951", "name": "Pinner Village allotments" }, "geometry": { "type": "Point", "coordinates": [ -0.37726896532032, 51.576521050657711 ] } },
{ "type": "Feature", "properties": { "id": "77413149", "name": "Highgrove Allotments" }, "geometry": { "type": "Point", "coordinates": [ -0.405914095175123, 51.579520403845372 ] } },
{ "type": "Feature", "properties": { "id": "77414851", "name": "Meadway allotments" }, "geometry": { "type": "Point", "coordinates": [ -0.430761296938213, 51.581580991327527 ] } },
{ "type": "Feature", "properties": { "id": "77417007", "name": "Nursery Lane allotments" }, "geometry": { "type": "Point", "coordinates": [ -0.46813099667171, 51.530420125772224 ] } },
{ "type": "Feature", "properties": { "id": "77418041", "name": "Bourne Farm Allotments" }, "geometry": { "type": "Point", "coordinates": [ -0.445685837397858, 51.500521455359554 ] } },
{ "type": "Feature", "properties": { "id": "77458951", "name": "Western Road allotments" }, "geometry": { "type": "Point", "coordinates": [ -0.392428257417201, 51.497884702495291 ] } },
{ "type": "Feature", "properties": { "id": "77458953", "name": "Manor Way allotments" }, "geometry": { "type": "Point", "coordinates": [ -0.3948164, 51.4973188 ] } },
{ "type": "Feature", "properties": { "id": "77459459", "name": "Wolf Fields allotments" }, "geometry": { "type": "Point", "coordinates": [ -0.376057427701997, 51.495745025331018 ] } },
{ "type": "Feature", "properties": { "id": "77459682", "name": "Mansell Road Allotments" }, "geometry": { "type": "Point", "coordinates": [ -0.362989369954629, 51.524421709640244 ] } },
{ "type": "Feature", "properties": { "id": "77465100", "name": "Aylesbury Road allotments" }, "geometry": { "type": "Point", "coordinates": [ -0.087972739018064, 51.487344483561252 ] } },
{ "type": "Feature", "properties": { "id": "77465819", "name": "Beddington Park allotments" }, "geometry": { "type": "Point", "coordinates": [ -0.139071441483484, 51.37291822927979 ] } },
{ "type": "Feature", "properties": { "id": "77465820", "name": "Mill Green allotments" }, "geometry": { "type": "Point", "coordinates": [ -0.160745940911821, 51.385665277224696 ] } },
{ "type": "Feature", "properties": { "id": "77527260", "name": "Costons Lane Nature Reserve" }, "geometry": { "type": "Point", "coordinates": [ -0.34927797845757, 51.528163565895959 ] } },
{ "type": "Feature", "properties": { "id": "77723708", "name": "Southwest Road Allotments" }, "geometry": { "type": "Point", "coordinates": [ 0.001411892527359, 51.567903510492719 ] } },
{ "type": "Feature", "properties": { "id": "77723729", "name": "Dawlish Road allotments" }, "geometry": { "type": "Point", "coordinates": [ -0.005716663151856, 51.563123938131497 ] } },
{ "type": "Feature", "properties": { "id": "77723798", "name": "Ruckholt Road allotments" }, "geometry": { "type": "Point", "coordinates": [ -0.012875984245699, 51.556172052764722 ] } },
{ "type": "Feature", "properties": { "id": "77723824", "name": "Downsell Road allotments" }, "geometry": { "type": "Point", "coordinates": [ -0.002863765241822, 51.553585628692304 ] } },
{ "type": "Feature", "properties": { "id": "77723957", "name": "Overbury Street allotments" }, "geometry": { "type": "Point", "coordinates": [ -0.040506526624253, 51.554943416109921 ] } },
{ "type": "Feature", "properties": { "id": "77724496", "name": "Low Hall Lane allotments" }, "geometry": { "type": "Point", "coordinates": [ -0.032899361009562, 51.576792684703747 ] } },
{ "type": "Feature", "properties": { "id": "77765750", "name": "Hatfields Green Allotments" }, "geometry": { "type": "Point", "coordinates": [ -0.106686739230946, 51.505253292953419 ] } },
{ "type": "Feature", "properties": { "id": "77827617", "name": "Spring Lane Allotments" }, "geometry": { "type": "Point", "coordinates": [ -0.055608472467673, 51.570196152103286 ] } },
{ "type": "Feature", "properties": { "id": "77951637", "name": "Village Park Allotments" }, "geometry": { "type": "Point", "coordinates": [ -0.301329124974478, 51.500079592325783 ] } },
{ "type": "Feature", "properties": { "id": "78056132", "name": "Tabard Community Allotments" }, "geometry": { "type": "Point", "coordinates": [ -0.0872063, 51.49865765 ] } },
{ "type": "Feature", "properties": { "id": "78625800", "name": "South Road Allotments" }, "geometry": { "type": "Point", "coordinates": [ -0.302747614759997, 51.497388920377908 ] } },
{ "type": "Feature", "properties": { "id": "79008604", "name": "Suffield Hatch allotments" }, "geometry": { "type": "Point", "coordinates": [ -0.011180009124239, 51.619530582203602 ] } },
{ "type": "Feature", "properties": { "id": "79009560", "name": "Cherrydown Close allotments" }, "geometry": { "type": "Point", "coordinates": [ -0.022881737834432, 51.621462735734724 ] } },
{ "type": "Feature", "properties": { "id": "79010267", "name": "Mulberry Close allotments" }, "geometry": { "type": "Point", "coordinates": [ -0.016816959813966, 51.6267402164058 ] } },
{ "type": "Feature", "properties": { "id": "79010617", "name": "Statis allotments" }, "geometry": { "type": "Point", "coordinates": [ 0.00118188355255, 51.616450402035689 ] } },
{ "type": "Feature", "properties": { "id": "79010618", "name": "Beechwood allotments" }, "geometry": { "type": "Point", "coordinates": [ 0.001083766701373, 51.615268890255138 ] } },
{ "type": "Feature", "properties": { "id": "79017459", "name": "Wickham Road allotments" }, "geometry": { "type": "Point", "coordinates": [ -0.004292087398378, 51.604841810541117 ] } },
{ "type": "Feature", "properties": { "id": "79127444", "name": "Ackroyd Drive Allotments" }, "geometry": { "type": "Point", "coordinates": [ -0.029221489406561, 51.519139281680033 ] } },
{ "type": "Feature", "properties": { "id": "79127710", "name": null }, "geometry": { "type": "Point", "coordinates": [ -0.043516282635795, 51.517385896987605 ] } },
{ "type": "Feature", "properties": { "id": "79130381", "name": "Humber Road Allotments" }, "geometry": { "type": "Point", "coordinates": [ 0.01315438994997, 51.483311875608059 ] } },
{ "type": "Feature", "properties": { "id": "79130515", "name": "Dallin allotments" }, "geometry": { "type": "Point", "coordinates": [ 0.074143368332722, 51.477355322996871 ] } },
{ "type": "Feature", "properties": { "id": "79130599", "name": "Dot Hill allotments" }, "geometry": { "type": "Point", "coordinates": [ 0.078889450949061, 51.477223821260438 ] } },
{ "type": "Feature", "properties": { "id": "79131286", "name": "Monks Farm allotments" }, "geometry": { "type": "Point", "coordinates": [ 0.09948509879279, 51.474514500555756 ] } },
{ "type": "Feature", "properties": { "id": "79131293", "name": "Rosemary Road allotments" }, "geometry": { "type": "Point", "coordinates": [ 0.100090819189652, 51.470434338086172 ] } },
{ "type": "Feature", "properties": { "id": "79131297", "name": "Olyffe Avenue allotments" }, "geometry": { "type": "Point", "coordinates": [ 0.104836010606661, 51.468383027604673 ] } },
{ "type": "Feature", "properties": { "id": "79135096", "name": "Adelaide Community Garden and Allotments" }, "geometry": { "type": "Point", "coordinates": [ -0.160305143111237, 51.544152195113618 ] } },
{ "type": "Feature", "properties": { "id": "79135629", "name": "Antrim Grove Allotments" }, "geometry": { "type": "Point", "coordinates": [ -0.163210768917207, 51.548353786634863 ] } },
{ "type": "Feature", "properties": { "id": "79235703", "name": "Dog Lane allotments" }, "geometry": { "type": "Point", "coordinates": [ -0.254770100503835, 51.550819535923104 ] } },
{ "type": "Feature", "properties": { "id": "79236333", "name": "Cecil Avenue allotments" }, "geometry": { "type": "Point", "coordinates": [ -0.290381295675925, 51.550669767547376 ] } },
{ "type": "Feature", "properties": { "id": "79236535", "name": "Vale Farm allotments" }, "geometry": { "type": "Point", "coordinates": [ -0.317112777699263, 51.558149427944251 ] } },
{ "type": "Feature", "properties": { "id": "79237238", "name": "Elms Gardens allotments" }, "geometry": { "type": "Point", "coordinates": [ -0.328585340503332, 51.55751364021399 ] } },
{ "type": "Feature", "properties": { "id": "79275108", "name": "Dabbs Hill allotments" }, "geometry": { "type": "Point", "coordinates": [ -0.371482542365453, 51.554659461232603 ] } },
{ "type": "Feature", "properties": { "id": "79485235", "name": "The Grove and Railway Bank allotments" }, "geometry": { "type": "Point", "coordinates": [ -0.114047173956938, 51.573317994074706 ] } },
{ "type": "Feature", "properties": { "id": "79485277", "name": "Quernmore Road allotments" }, "geometry": { "type": "Point", "coordinates": [ -0.107969167991484, 51.577448215242221 ] } },
{ "type": "Feature", "properties": { "id": "79485907", "name": "Franklin Street allotments" }, "geometry": { "type": "Point", "coordinates": [ -0.080912736916645, 51.577185996494364 ] } },
{ "type": "Feature", "properties": { "id": "79486885", "name": "Elmar Road allotments" }, "geometry": { "type": "Point", "coordinates": [ -0.083007732509244, 51.584547128918196 ] } },
{ "type": "Feature", "properties": { "id": "79489977", "name": "Higham Road Allotments" }, "geometry": { "type": "Point", "coordinates": [ -0.08461033071467, 51.592717355168546 ] } },
{ "type": "Feature", "properties": { "id": "79492234", "name": "Rivulet Road Allotments" }, "geometry": { "type": "Point", "coordinates": [ -0.088218323445927, 51.604262249507642 ] } },
{ "type": "Feature", "properties": { "id": "79492310", "name": "De Quincey Road Allotments" }, "geometry": { "type": "Point", "coordinates": [ -0.085281078478026, 51.601994703815024 ] } },
{ "type": "Feature", "properties": { "id": "86259399", "name": "Northfield House soft fruit orchard" }, "geometry": { "type": "Point", "coordinates": [ -0.066869470773005, 51.482411341958304 ] } },
{ "type": "Feature", "properties": { "id": "89807508", "name": "Secret Greenhouse" }, "geometry": { "type": "Point", "coordinates": [ -0.091465344057447, 51.453795596331339 ] } },
{ "type": "Feature", "properties": { "id": "92511720", "name": null }, "geometry": { "type": "Point", "coordinates": [ -0.071001056392584, 51.668167840534323 ] } },
{ "type": "Feature", "properties": { "id": "96108591", "name": null }, "geometry": { "type": "Point", "coordinates": [ -0.112441149412499, 51.493356333088961 ] } },
{ "type": "Feature", "properties": { "id": "96598185", "name": null }, "geometry": { "type": "Point", "coordinates": [ -0.125879947351891, 51.453665058341144 ] } },
{ "type": "Feature", "properties": { "id": "101503589", "name": "Alscot Road Allotments" }, "geometry": { "type": "Point", "coordinates": [ -0.072384692202325, 51.494477751006535 ] } },
{ "type": "Feature", "properties": { "id": "105609880", "name": "Byng Road Allotments" }, "geometry": { "type": "Point", "coordinates": [ -0.216544829538574, 51.659141667658155 ] } },
{ "type": "Feature", "properties": { "id": "109729479", "name": "Cricket Lane" }, "geometry": { "type": "Point", "coordinates": [ -0.040450974308877, 51.419631864445236 ] } },
{ "type": "Feature", "properties": { "id": "113734321", "name": null }, "geometry": { "type": "Point", "coordinates": [ -0.042318647012803, 51.655121231836937 ] } },
{ "type": "Feature", "properties": { "id": "127735713", "name": "Glengall Wharf Gardens" }, "geometry": { "type": "Point", "coordinates": [ -0.072725821116915, 51.482425886128581 ] } },
{ "type": "Feature", "properties": { "id": "138398950", "name": "Chestnuts Farm Allotments" }, "geometry": { "type": "Point", "coordinates": [ -0.014685947470675, 51.592227660146143 ] } },
{ "type": "Feature", "properties": { "id": "143068959", "name": "Tugmutton Allotment Association Willow Walk Site" }, "geometry": { "type": "Point", "coordinates": [ 0.062232487046755, 51.366247159968253 ] } },
{ "type": "Feature", "properties": { "id": "143076540", "name": "Tugmutton Allotment Association Lovibonds Avenue Site" }, "geometry": { "type": "Point", "coordinates": [ 0.063948461815214, 51.366772236805112 ] } },
{ "type": "Feature", "properties": { "id": "144037599", "name": null }, "geometry": { "type": "Point", "coordinates": [ -0.11856788311514, 51.600112976230065 ] } },
{ "type": "Feature", "properties": { "id": "144043082", "name": null }, "geometry": { "type": "Point", "coordinates": [ -0.115158079972762, 51.599613769323895 ] } },
{ "type": "Feature", "properties": { "id": "148891581", "name": "Lavender Road Allotments" }, "geometry": { "type": "Point", "coordinates": [ -0.15614174091913, 51.365854198877642 ] } },
{ "type": "Feature", "properties": { "id": "149669637", "name": null }, "geometry": { "type": "Point", "coordinates": [ -0.1687051, 51.37528906666666 ] } },
{ "type": "Feature", "properties": { "id": "155768337", "name": "Manor Farm Gardener Allotments" }, "geometry": { "type": "Point", "coordinates": [ -0.026641888691822, 51.562749505927989 ] } },
{ "type": "Feature", "properties": { "id": "156413708", "name": "Simmons Way Allotments" }, "geometry": { "type": "Point", "coordinates": [ -0.160948704558075, 51.630577889686805 ] } },
{ "type": "Feature", "properties": { "id": "159184396", "name": "West Road Allotments" }, "geometry": { "type": "Point", "coordinates": [ -0.14820809033108, 51.6326317953149 ] } },
{ "type": "Feature", "properties": { "id": "160952576", "name": "Ladywood Road Allotments" }, "geometry": { "type": "Point", "coordinates": [ -0.287148332822985, 51.376449303002879 ] } },
{ "type": "Feature", "properties": { "id": "164250364", "name": null }, "geometry": { "type": "Point", "coordinates": [ -0.13015153492574, 51.372134349022197 ] } },
{ "type": "Feature", "properties": { "id": "168241828", "name": null }, "geometry": { "type": "Point", "coordinates": [ -0.097597467892894, 51.412926039420576 ] } },
{ "type": "Feature", "properties": { "id": "171799286", "name": "West Wickham Allotments" }, "geometry": { "type": "Point", "coordinates": [ -0.005642062924707, 51.374015216434572 ] } },
{ "type": "Feature", "properties": { "id": "172285500", "name": "Ashford Clumps Allotments" }, "geometry": { "type": "Point", "coordinates": [ -0.438992967096024, 51.434172058729395 ] } },
{ "type": "Feature", "properties": { "id": "172781138", "name": "Lynton Road / St James Road East Allotments" }, "geometry": { "type": "Point", "coordinates": [ -0.064917492453603, 51.489670163381923 ] } },
{ "type": "Feature", "properties": { "id": "172781139", "name": "Lynton Road / St James Road West Allotments" }, "geometry": { "type": "Point", "coordinates": [ -0.065754873807726, 51.489776570055845 ] } },
{ "type": "Feature", "properties": { "id": "181838244", "name": "Glyn Hopkin Abbey Hub" }, "geometry": { "type": "Point", "coordinates": [ -0.003340358259259, 51.531397140390155 ] } },
{ "type": "Feature", "properties": { "id": "181842103", "name": null }, "geometry": { "type": "Point", "coordinates": [ -0.004412615090632, 51.529768000258898 ] } },
{ "type": "Feature", "properties": { "id": "185883178", "name": "Shepherds Hill Railway Gardens" }, "geometry": { "type": "Point", "coordinates": [ -0.14296825197952, 51.576812424377714 ] } },
{ "type": "Feature", "properties": { "id": "187706124", "name": null }, "geometry": { "type": "Point", "coordinates": [ -0.153206390630804, 51.603237173761215 ] } },
{ "type": "Feature", "properties": { "id": "192698550", "name": "William Hobbayne Community Gardens" }, "geometry": { "type": "Point", "coordinates": [ -0.339855979469891, 51.50293162438885 ] } },
{ "type": "Feature", "properties": { "id": "193313664", "name": null }, "geometry": { "type": "Point", "coordinates": [ 0.035709431930598, 51.367611206756543 ] } },
{ "type": "Feature", "properties": { "id": "196618627", "name": null }, "geometry": { "type": "Point", "coordinates": [ -0.385597360496321, 51.518391018320067 ] } },
{ "type": "Feature", "properties": { "id": "198515211", "name": "Meadfield Allotments" }, "geometry": { "type": "Point", "coordinates": [ -0.27075970814265, 51.631750684042828 ] } },
{ "type": "Feature", "properties": { "id": "198762876", "name": null }, "geometry": { "type": "Point", "coordinates": [ -0.195857490530924, 51.609674955610942 ] } },
{ "type": "Feature", "properties": { "id": "204010035", "name": null }, "geometry": { "type": "Point", "coordinates": [ -0.032726060474849, 51.478041268631159 ] } },
{ "type": "Feature", "properties": { "id": "204010036", "name": null }, "geometry": { "type": "Point", "coordinates": [ -0.032691109330882, 51.478431269055591 ] } },
{ "type": "Feature", "properties": { "id": "204960344", "name": null }, "geometry": { "type": "Point", "coordinates": [ -0.266835027343121, 51.524763751390417 ] } },
{ "type": "Feature", "properties": { "id": "205703530", "name": null }, "geometry": { "type": "Point", "coordinates": [ -0.089083537520409, 51.340435487707026 ] } },
{ "type": "Feature", "properties": { "id": "216444804", "name": null }, "geometry": { "type": "Point", "coordinates": [ -0.294895396942372, 51.534775933150158 ] } },
{ "type": "Feature", "properties": { "id": "216951102", "name": null }, "geometry": { "type": "Point", "coordinates": [ 0.038750059549399, 51.314411571213249 ] } },
{ "type": "Feature", "properties": { "id": "219680547", "name": "Stanley Avenue allotments" }, "geometry": { "type": "Point", "coordinates": [ -0.353826444518559, 51.541639566703118 ] } },
{ "type": "Feature", "properties": { "id": "220221724", "name": "Roding Lane North Allotments" }, "geometry": { "type": "Point", "coordinates": [ 0.053980043606066, 51.599702653761078 ] } },
{ "type": "Feature", "properties": { "id": "220221737", "name": "The Glade Allotments" }, "geometry": { "type": "Point", "coordinates": [ 0.058699102670773, 51.597860540213453 ] } },
{ "type": "Feature", "properties": { "id": "221191529", "name": "Dormers Wells allotments" }, "geometry": { "type": "Point", "coordinates": [ -0.361645931282741, 51.51552241776843 ] } },
{ "type": "Feature", "properties": { "id": "221650669", "name": "Perivale West allotments" }, "geometry": { "type": "Point", "coordinates": [ -0.332069928910008, 51.531653664029804 ] } },
{ "type": "Feature", "properties": { "id": "222635611", "name": null }, "geometry": { "type": "Point", "coordinates": [ -0.367216717427117, 51.535626079040235 ] } },
{ "type": "Feature", "properties": { "id": "223330999", "name": "Rushdene Crescent West allotments" }, "geometry": { "type": "Point", "coordinates": [ -0.400266486534791, 51.5342246988208 ] } },
{ "type": "Feature", "properties": { "id": "223331000", "name": "Rushdene Crescent East allotments" }, "geometry": { "type": "Point", "coordinates": [ -0.399293548821967, 51.534370750046861 ] } },
{ "type": "Feature", "properties": { "id": "224512153", "name": "St Anne's Gardens allotments" }, "geometry": { "type": "Point", "coordinates": [ -0.291742023628674, 51.531677783362817 ] } },
{ "type": "Feature", "properties": { "id": "224649664", "name": "Wards Road North Allotments" }, "geometry": { "type": "Point", "coordinates": [ 0.089441361219997, 51.57117090169119 ] } },
{ "type": "Feature", "properties": { "id": "225335787", "name": "Bridle Path Allotments" }, "geometry": { "type": "Point", "coordinates": [ 0.05591375685778, 51.558853559371499 ] } },
{ "type": "Feature", "properties": { "id": "225335796", "name": null }, "geometry": { "type": "Point", "coordinates": [ 0.044983689288285, 51.563269798179022 ] } },
{ "type": "Feature", "properties": { "id": "225767438", "name": "Northolt Road Allotments" }, "geometry": { "type": "Point", "coordinates": [ -0.349869963400924, 51.566105820321951 ] } },
{ "type": "Feature", "properties": { "id": "228370461", "name": "Longton Nursery Allotments" }, "geometry": { "type": "Point", "coordinates": [ -0.06184434242266, 51.429757295881615 ] } },
{ "type": "Feature", "properties": { "id": "228370463", "name": "Taylors Lane Allotments" }, "geometry": { "type": "Point", "coordinates": [ -0.065244493391189, 51.42894630459736 ] } },
{ "type": "Feature", "properties": { "id": "228375457", "name": "Sydenham Park Allotments" }, "geometry": { "type": "Point", "coordinates": [ -0.054039153054471, 51.432966255629999 ] } },
{ "type": "Feature", "properties": { "id": "230059446", "name": "Long Meadows Allotment Society" }, "geometry": { "type": "Point", "coordinates": [ -0.027533710526799, 51.438838552148532 ] } },
{ "type": "Feature", "properties": { "id": "230455782", "name": null }, "geometry": { "type": "Point", "coordinates": [ -0.244814143702011, 51.435804181951475 ] } },
{ "type": "Feature", "properties": { "id": "234930895", "name": null }, "geometry": { "type": "Point", "coordinates": [ -0.013100566826458, 51.556853246707085 ] } },
{ "type": "Feature", "properties": { "id": "237456928", "name": "Rush Green Allotments & Gardens Association" }, "geometry": { "type": "Point", "coordinates": [ 0.171129475194514, 51.566730265739828 ] } },
{ "type": "Feature", "properties": { "id": "241232252", "name": null }, "geometry": { "type": "Point", "coordinates": [ 0.093732167380435, 51.431989794492026 ] } },
{ "type": "Feature", "properties": { "id": "241232256", "name": null }, "geometry": { "type": "Point", "coordinates": [ 0.0924522422706, 51.431488622554234 ] } },
{ "type": "Feature", "properties": { "id": "243413052", "name": "Barriedale Allotments" }, "geometry": { "type": "Point", "coordinates": [ -0.037328044496396, 51.469985403504673 ] } },
{ "type": "Feature", "properties": { "id": "255199192", "name": "Oakhall Allotments" }, "geometry": { "type": "Point", "coordinates": [ -0.424269496173063, 51.430487662357095 ] } },
{ "type": "Feature", "properties": { "id": "256177769", "name": null }, "geometry": { "type": "Point", "coordinates": [ 0.151781802613728, 51.480583799375047 ] } },
{ "type": "Feature", "properties": { "id": "259570529", "name": null }, "geometry": { "type": "Point", "coordinates": [ -0.065175889727989, 51.512280476782358 ] } },
{ "type": "Feature", "properties": { "id": "259578465", "name": "Rope Walk Gardens" }, "geometry": { "type": "Point", "coordinates": [ -0.063495548534604, 51.512337131531183 ] } },
{ "type": "Feature", "properties": { "id": "262749051", "name": null }, "geometry": { "type": "Point", "coordinates": [ 0.10519954805409, 51.483029452218062 ] } },
{ "type": "Feature", "properties": { "id": "265619341", "name": null }, "geometry": { "type": "Point", "coordinates": [ 0.046655891831961, 51.430311908972733 ] } },
{ "type": "Feature", "properties": { "id": "267951950", "name": "Bromley Common Allotments - Turpington Lane Site" }, "geometry": { "type": "Point", "coordinates": [ 0.041168235169665, 51.387395030690804 ] } },
{ "type": "Feature", "properties": { "id": "268023861", "name": "Faggs Road Allotments" }, "geometry": { "type": "Point", "coordinates": [ -0.413357197355834, 51.463364834416303 ] } },
{ "type": "Feature", "properties": { "id": "279613383", "name": "Mannock Road Allotments" }, "geometry": { "type": "Point", "coordinates": [ -0.098734437466227, 51.591215864884909 ] } },
{ "type": "Feature", "properties": { "id": "284138758", "name": "Mill Road Allotments" }, "geometry": { "type": "Point", "coordinates": [ -0.356219601990378, 51.443400826595905 ] } },
{ "type": "Feature", "properties": { "id": "289243214", "name": null }, "geometry": { "type": "Point", "coordinates": [ -0.269496607146701, 51.500251179440745 ] } },
{ "type": "Feature", "properties": { "id": "289562587", "name": "Tolworth Main Allotments" }, "geometry": { "type": "Point", "coordinates": [ -0.284864379631988, 51.385079166427325 ] } },
{ "type": "Feature", "properties": { "id": "291469081", "name": "St John community garden" }, "geometry": { "type": "Point", "coordinates": [ -0.080571023518358, 51.411292258399804 ] } },
{ "type": "Feature", "properties": { "id": "293671919", "name": "Edible garden" }, "geometry": { "type": "Point", "coordinates": [ -0.082969987234178, 51.416246954882311 ] } },
{ "type": "Feature", "properties": { "id": "293671922", "name": "Tipsy Garden" }, "geometry": { "type": "Point", "coordinates": [ -0.078356642886978, 51.41969134345365 ] } },
{ "type": "Feature", "properties": { "id": "298785056", "name": "Whites Grounds Community Garden" }, "geometry": { "type": "Point", "coordinates": [ -0.080675232461787, 51.501592733751863 ] } },
{ "type": "Feature", "properties": { "id": "305476558", "name": "Archibald Road Allotment" }, "geometry": { "type": "Point", "coordinates": [ 0.237566253118435, 51.592512779763545 ] } },
{ "type": "Feature", "properties": { "id": "305476632", "name": null }, "geometry": { "type": "Point", "coordinates": [ 0.238472739592126, 51.598196116910593 ] } },
{ "type": "Feature", "properties": { "id": "311644383", "name": null }, "geometry": { "type": "Point", "coordinates": [ 0.134128854698639, 51.490312735607851 ] } },
{ "type": "Feature", "properties": { "id": "311644389", "name": null }, "geometry": { "type": "Point", "coordinates": [ 0.13292317393488, 51.49028171924455 ] } },
{ "type": "Feature", "properties": { "id": "317354920", "name": null }, "geometry": { "type": "Point", "coordinates": [ -0.192852221567784, 51.439346585325154 ] } },
{ "type": "Feature", "properties": { "id": "323443477", "name": null }, "geometry": { "type": "Point", "coordinates": [ -0.258715893095313, 51.459246638723982 ] } },
{ "type": "Feature", "properties": { "id": "326239248", "name": null }, "geometry": { "type": "Point", "coordinates": [ 0.190461894217219, 51.540725228685424 ] } },
{ "type": "Feature", "properties": { "id": "328577637", "name": "Morden Lane Allotments Site" }, "geometry": { "type": "Point", "coordinates": [ -0.233499546122958, 51.39358934345502 ] } },
{ "type": "Feature", "properties": { "id": "334768859", "name": null }, "geometry": { "type": "Point", "coordinates": [ -0.187129262572307, 51.656365028492338 ] } },
{ "type": "Feature", "properties": { "id": "350664632", "name": "Old Farm Avenue Allotments" }, "geometry": { "type": "Point", "coordinates": [ 0.084879029290282, 51.436710498494627 ] } },
{ "type": "Feature", "properties": { "id": "353168401", "name": null }, "geometry": { "type": "Point", "coordinates": [ 0.154234947214586, 51.593153795304424 ] } },
{ "type": "Feature", "properties": { "id": "372324163", "name": "Townmead Road Allotments" }, "geometry": { "type": "Point", "coordinates": [ -0.273923099889598, 51.474874062209722 ] } },
{ "type": "Feature", "properties": { "id": "372329954", "name": "Short Lots Allotments" }, "geometry": { "type": "Point", "coordinates": [ -0.282378986980979, 51.484358459102594 ] } },
{ "type": "Feature", "properties": { "id": "386103988", "name": null }, "geometry": { "type": "Point", "coordinates": [ 0.023512685470246, 51.452449674497892 ] } },
{ "type": "Feature", "properties": { "id": "391050481", "name": null }, "geometry": { "type": "Point", "coordinates": [ -0.109736007625915, 51.656069196409973 ] } },
{ "type": "Feature", "properties": { "id": "397351814", "name": "Trewsbury Road Allotments" }, "geometry": { "type": "Point", "coordinates": [ -0.048950092895009, 51.423511760552394 ] } },
{ "type": "Feature", "properties": { "id": "398022033", "name": "Horn Park Allotments" }, "geometry": { "type": "Point", "coordinates": [ 0.026221517789156, 51.443632129486389 ] } },
{ "type": "Feature", "properties": { "id": "404556730", "name": "Coldharbour Allotments" }, "geometry": { "type": "Point", "coordinates": [ 0.061639366150654, 51.42926275658094 ] } },
{ "type": "Feature", "properties": { "id": "404571029", "name": null }, "geometry": { "type": "Point", "coordinates": [ 0.092055341001434, 51.477429685680811 ] } },
{ "type": "Feature", "properties": { "id": "427514158", "name": null }, "geometry": { "type": "Point", "coordinates": [ 0.11444042884743, 51.417125258608536 ] } },
{ "type": "Feature", "properties": { "id": "435924645", "name": "Blythe Hill Allotments" }, "geometry": { "type": "Point", "coordinates": [ -0.035880485015518, 51.445366430425793 ] } },
{ "type": "Feature", "properties": { "id": "459183377", "name": null }, "geometry": { "type": "Point", "coordinates": [ -0.098871241130173, 51.646483379161218 ] } },
{ "type": "Feature", "properties": { "id": "464571539", "name": "Pudding Mill Allotments" }, "geometry": { "type": "Point", "coordinates": [ -0.009823401211829, 51.535919990332815 ] } },
{ "type": "Feature", "properties": { "id": "471639333", "name": "Edward Street Allotment" }, "geometry": { "type": "Point", "coordinates": [ -0.034897460425104, 51.478956625424523 ] } },
{ "type": "Feature", "properties": { "id": "472121748", "name": null }, "geometry": { "type": "Point", "coordinates": [ 0.07951722902757, 51.411525720851394 ] } },
{ "type": "Feature", "properties": { "id": "497630680", "name": null }, "geometry": { "type": "Point", "coordinates": [ 0.271152153963638, 51.569962032006224 ] } },
{ "type": "Feature", "properties": { "id": "501081362", "name": null }, "geometry": { "type": "Point", "coordinates": [ -0.04964731834062, 51.510289821412606 ] } },
{ "type": "Feature", "properties": { "id": "502320591", "name": null }, "geometry": { "type": "Point", "coordinates": [ -0.20773927082779, 51.364058536435714 ] } },
{ "type": "Feature", "properties": { "id": "502435046", "name": "Deloraine Street Allotments" }, "geometry": { "type": "Point", "coordinates": [ -0.027472459798042, 51.472419220073618 ] } },
{ "type": "Feature", "properties": { "id": "506953160", "name": "Phoenix School allotment" }, "geometry": { "type": "Point", "coordinates": [ -0.0276025, 51.52776125 ] } },
{ "type": "Feature", "properties": { "id": "509474412", "name": "Golf Course Allotments" }, "geometry": { "type": "Point", "coordinates": [ -0.135483319318473, 51.60422105162862 ] } },
{ "type": "Feature", "properties": { "id": "518737477", "name": "Bexley Allotments - Lesney Farm" }, "geometry": { "type": "Point", "coordinates": [ 0.175151170661194, 51.474717792402885 ] } },
{ "type": "Feature", "properties": { "id": "519963687", "name": null }, "geometry": { "type": "Point", "coordinates": [ -0.38971325289525, 51.615522273374701 ] } },
{ "type": "Feature", "properties": { "id": "519963690", "name": null }, "geometry": { "type": "Point", "coordinates": [ -0.424595247000598, 51.617871930709683 ] } },
{ "type": "Feature", "properties": { "id": "519963696", "name": "Rodney Gardens Allotments" }, "geometry": { "type": "Point", "coordinates": [ -0.400481546268932, 51.588400131363677 ] } },
{ "type": "Feature", "properties": { "id": "520925915", "name": "Knoll Road Allotments" }, "geometry": { "type": "Point", "coordinates": [ 0.113687526174562, 51.422071514400976 ] } },
{ "type": "Feature", "properties": { "id": "520928592", "name": null }, "geometry": { "type": "Point", "coordinates": [ 0.025573478785386, 51.451682174758162 ] } },
{ "type": "Feature", "properties": { "id": "546582054", "name": null }, "geometry": { "type": "Point", "coordinates": [ -0.02266729928394, 51.47883340270711 ] } },
{ "type": "Feature", "properties": { "id": "553454608", "name": null }, "geometry": { "type": "Point", "coordinates": [ -0.008249701505153, 51.351354714868812 ] } },
{ "type": "Feature", "properties": { "id": "555660860", "name": "Bexley Allotments - Ripley Road" }, "geometry": { "type": "Point", "coordinates": [ 0.144500057941505, 51.489559828397027 ] } },
{ "type": "Feature", "properties": { "id": "555986368", "name": null }, "geometry": { "type": "Point", "coordinates": [ 0.171365115993579, 51.5898699173244 ] } },
{ "type": "Feature", "properties": { "id": "556389812", "name": "South End Green and Mansfield Allotments" }, "geometry": { "type": "Point", "coordinates": [ -0.161776535984297, 51.556032122181207 ] } },
{ "type": "Feature", "properties": { "id": "557991197", "name": null }, "geometry": { "type": "Point", "coordinates": [ 0.193371373847327, 51.542330391634017 ] } },
{ "type": "Feature", "properties": { "id": "599701141", "name": null }, "geometry": { "type": "Point", "coordinates": [ -0.192851786460206, 51.585508670991651 ] } },
{ "type": "Feature", "properties": { "id": "599701142", "name": null }, "geometry": { "type": "Point", "coordinates": [ -0.191840844065633, 51.583824711564368 ] } },
{ "type": "Feature", "properties": { "id": "616525589", "name": "Briar Road Allotments" }, "geometry": { "type": "Point", "coordinates": [ -0.348723023682334, 51.445806739953611 ] } },
{ "type": "Feature", "properties": { "id": "626617060", "name": null }, "geometry": { "type": "Point", "coordinates": [ 0.065864255477059, 51.417334816751627 ] } },
{ "type": "Feature", "properties": { "id": "626630718", "name": null }, "geometry": { "type": "Point", "coordinates": [ 0.073876395095027, 51.423871336546625 ] } },
{ "type": "Feature", "properties": { "id": "626630719", "name": null }, "geometry": { "type": "Point", "coordinates": [ 0.070778858890182, 51.419607526565386 ] } },
{ "type": "Feature", "properties": { "id": "629497455", "name": "Bromley Allotments Elmstead Lane" }, "geometry": { "type": "Point", "coordinates": [ 0.053559106784805, 51.424877553988317 ] } },
{ "type": "Feature", "properties": { "id": "641002423", "name": "Ive Farm Community Garden" }, "geometry": { "type": "Point", "coordinates": [ -0.019897194385393, 51.562606217762877 ] } },
{ "type": "Feature", "properties": { "id": "667704605", "name": "Newton Park Horticultural Society" }, "geometry": { "type": "Point", "coordinates": [ -0.372223979516524, 51.569308472933521 ] } },
{ "type": "Feature", "properties": { "id": "670671105", "name": "Woodyard Park" }, "geometry": { "type": "Point", "coordinates": [ -0.147573985124984, 51.550986146924672 ] } },
{ "type": "Feature", "properties": { "id": "671852999", "name": null }, "geometry": { "type": "Point", "coordinates": [ -0.358082857337178, 51.578079629508032 ] } },
{ "type": "Feature", "properties": { "id": "679215972", "name": null }, "geometry": { "type": "Point", "coordinates": [ -0.283815327345316, 51.498816353106996 ] } },
{ "type": "Feature", "properties": { "id": "680583129", "name": "Gale Street Organic Gardeners' Association" }, "geometry": { "type": "Point", "coordinates": [ 0.128721517030734, 51.539986333287807 ] } },
{ "type": "Feature", "properties": { "id": "685988359", "name": null }, "geometry": { "type": "Point", "coordinates": [ 0.189739262390488, 51.56304212165815 ] } },
{ "type": "Feature", "properties": { "id": "694981387", "name": "Gardening club" }, "geometry": { "type": "Point", "coordinates": [ 0.0236599, 51.3788335 ] } },
{ "type": "Feature", "properties": { "id": "729225990", "name": null }, "geometry": { "type": "Point", "coordinates": [ -0.19144814456886, 51.522221333093704 ] } },
{ "type": "Feature", "properties": { "id": "766018993", "name": null }, "geometry": { "type": "Point", "coordinates": [ -0.189465993132233, 51.435676033151196 ] } },
{ "type": "Feature", "properties": { "id": "770016744", "name": null }, "geometry": { "type": "Point", "coordinates": [ -0.1239464629001, 51.477784943168579 ] } },
{ "type": "Feature", "properties": { "id": "791129218", "name": "Cultivating K&C" }, "geometry": { "type": "Point", "coordinates": [ -0.209177689906993, 51.497389810692667 ] } },
{ "type": "Feature", "properties": { "id": "794425775", "name": null }, "geometry": { "type": "Point", "coordinates": [ -0.133619066007249, 51.540907287182321 ] } },
{ "type": "Feature", "properties": { "id": "816342038", "name": "Sailor Prince Allotments Site" }, "geometry": { "type": "Point", "coordinates": [ -0.1907359987377, 51.442966627000366 ] } },
{ "type": "Feature", "properties": { "id": "817866692", "name": "Aylmer Road Allotments" }, "geometry": { "type": "Point", "coordinates": [ -0.159618159853705, 51.580958890291434 ] } },
{ "type": "Feature", "properties": { "id": "818055440", "name": null }, "geometry": { "type": "Point", "coordinates": [ -0.2521682, 51.46873245 ] } },
{ "type": "Feature", "properties": { "id": "822896961", "name": null }, "geometry": { "type": "Point", "coordinates": [ 0.132462265391578, 51.437144719882056 ] } },
{ "type": "Feature", "properties": { "id": "824525327", "name": "City Wood" }, "geometry": { "type": "Point", "coordinates": [ -0.009157343762608, 51.51742682830902 ] } },
{ "type": "Feature", "properties": { "id": "824596785", "name": "Sutton Lane Allotments" }, "geometry": { "type": "Point", "coordinates": [ -0.373694989903031, 51.472597263395507 ] } },
{ "type": "Feature", "properties": { "id": "824603282", "name": "Oakwood North Allotment" }, "geometry": { "type": "Point", "coordinates": [ -0.133074589220677, 51.644658696356878 ] } },
{ "type": "Feature", "properties": { "id": "824722779", "name": "Highfield Crescent Allotments" }, "geometry": { "type": "Point", "coordinates": [ -0.424360864257799, 51.605690489393893 ] } },
{ "type": "Feature", "properties": { "id": "830725572", "name": null }, "geometry": { "type": "Point", "coordinates": [ -0.023259917435137, 51.432260319221328 ] } },
{ "type": "Feature", "properties": { "id": "830751866", "name": null }, "geometry": { "type": "Point", "coordinates": [ -0.025369031955818, 51.432376503134904 ] } },
{ "type": "Feature", "properties": { "id": "833867681", "name": null }, "geometry": { "type": "Point", "coordinates": [ -0.022330346853607, 51.434818457509273 ] } },
{ "type": "Feature", "properties": { "id": "834681444", "name": null }, "geometry": { "type": "Point", "coordinates": [ -0.02929834546419, 51.430849991019628 ] } },
{ "type": "Feature", "properties": { "id": "834966809", "name": null }, "geometry": { "type": "Point", "coordinates": [ -0.020074750350932, 51.429765436545715 ] } },
{ "type": "Feature", "properties": { "id": "834966851", "name": null }, "geometry": { "type": "Point", "coordinates": [ -0.019790254913018, 51.428813288654474 ] } },
{ "type": "Feature", "properties": { "id": "835007416", "name": null }, "geometry": { "type": "Point", "coordinates": [ -0.021205568967457, 51.42674977729073 ] } },
{ "type": "Feature", "properties": { "id": "842384941", "name": "Blackhorse Road Allotments" }, "geometry": { "type": "Point", "coordinates": [ -0.036427899462843, 51.485024240627567 ] } },
{ "type": "Feature", "properties": { "id": "843187531", "name": null }, "geometry": { "type": "Point", "coordinates": [ -0.11633821403422, 51.437350436046202 ] } },
{ "type": "Feature", "properties": { "id": "852387310", "name": "Park Road Allotments" }, "geometry": { "type": "Point", "coordinates": [ -0.320812174030795, 51.472789111203468 ] } },
{ "type": "Feature", "properties": { "id": "855409634", "name": "Rockingham Allotments" }, "geometry": { "type": "Point", "coordinates": [ -0.09421865, 51.4955757 ] } },
{ "type": "Feature", "properties": { "id": "862952483", "name": "Saplings Project" }, "geometry": { "type": "Point", "coordinates": [ -0.152259632995778, 51.587102974661022 ] } },
{ "type": "Feature", "properties": { "id": "867902316", "name": null }, "geometry": { "type": "Point", "coordinates": [ -0.21108219742026, 51.536085888774451 ] } },
{ "type": "Feature", "properties": { "id": "876124168", "name": "Central Road Allotments" }, "geometry": { "type": "Point", "coordinates": [ -0.243525809754331, 51.377579456273963 ] } },
{ "type": "Feature", "properties": { "id": "876124452", "name": null }, "geometry": { "type": "Point", "coordinates": [ -0.221130522685168, 51.368518969080078 ] } },
{ "type": "Feature", "properties": { "id": "876126745", "name": null }, "geometry": { "type": "Point", "coordinates": [ -0.221392464416472, 51.355460950019946 ] } },
{ "type": "Feature", "properties": { "id": "876127374", "name": null }, "geometry": { "type": "Point", "coordinates": [ -0.201746374414151, 51.377827461549977 ] } },
{ "type": "Feature", "properties": { "id": "876128277", "name": null }, "geometry": { "type": "Point", "coordinates": [ -0.214863284177741, 51.377317878175347 ] } },
{ "type": "Feature", "properties": { "id": "876129558", "name": null }, "geometry": { "type": "Point", "coordinates": [ -0.143709650593251, 51.367866999255185 ] } },
{ "type": "Feature", "properties": { "id": "876130931", "name": null }, "geometry": { "type": "Point", "coordinates": [ -0.04397713967575, 51.382103466413284 ] } },
{ "type": "Feature", "properties": { "id": "876131169", "name": null }, "geometry": { "type": "Point", "coordinates": [ -0.043008543437992, 51.389281091316995 ] } },
{ "type": "Feature", "properties": { "id": "878623666", "name": null }, "geometry": { "type": "Point", "coordinates": [ -0.1544931, 51.59394845 ] } },
{ "type": "Feature", "properties": { "id": "878732503", "name": null }, "geometry": { "type": "Point", "coordinates": [ 0.172799358744404, 51.600475298496498 ] } },
{ "type": "Feature", "properties": { "id": "881719619", "name": null }, "geometry": { "type": "Point", "coordinates": [ -0.008253263772221, 51.457550072792635 ] } },
{ "type": "Feature", "properties": { "id": "881721114", "name": null }, "geometry": { "type": "Point", "coordinates": [ -0.275109966067863, 51.519423003412626 ] } },
{ "type": "Feature", "properties": { "id": "882046802", "name": "Lorn Road Allotments" }, "geometry": { "type": "Point", "coordinates": [ -0.114555147606109, 51.472520864253411 ] } },
{ "type": "Feature", "properties": { "id": "884209708", "name": null }, "geometry": { "type": "Point", "coordinates": [ 0.12619910564117, 51.553589204113734 ] } },
{ "type": "Feature", "properties": { "id": "886421778", "name": null }, "geometry": { "type": "Point", "coordinates": [ -0.217499295617433, 51.560592788306479 ] } },
{ "type": "Feature", "properties": { "id": "886425641", "name": null }, "geometry": { "type": "Point", "coordinates": [ -0.194530820417253, 51.582957754325655 ] } },
{ "type": "Feature", "properties": { "id": "886425773", "name": null }, "geometry": { "type": "Point", "coordinates": [ -0.195630988714049, 51.583910854169247 ] } },
{ "type": "Feature", "properties": { "id": "886429734", "name": null }, "geometry": { "type": "Point", "coordinates": [ -0.19636355, 51.585828 ] } },
{ "type": "Feature", "properties": { "id": "886429756", "name": null }, "geometry": { "type": "Point", "coordinates": [ -0.197118709041416, 51.586124394973794 ] } },
{ "type": "Feature", "properties": { "id": "886430021", "name": null }, "geometry": { "type": "Point", "coordinates": [ -0.196156706912564, 51.58689614426909 ] } },
{ "type": "Feature", "properties": { "id": "886430236", "name": null }, "geometry": { "type": "Point", "coordinates": [ -0.198804000791188, 51.588024641533544 ] } },
{ "type": "Feature", "properties": { "id": "886430603", "name": null }, "geometry": { "type": "Point", "coordinates": [ -0.192615852112837, 51.581925633328524 ] } },
{ "type": "Feature", "properties": { "id": "888285530", "name": "Honeycroft Hill Allotment Site" }, "geometry": { "type": "Point", "coordinates": [ -0.469926221427082, 51.547787732992099 ] } },
{ "type": "Feature", "properties": { "id": "890769712", "name": null }, "geometry": { "type": "Point", "coordinates": [ -0.041091239236499, 51.555428190140354 ] } },
{ "type": "Feature", "properties": { "id": "891074153", "name": null }, "geometry": { "type": "Point", "coordinates": [ -0.043537097830869, 51.661868080461723 ] } },
{ "type": "Feature", "properties": { "id": "893154901", "name": null }, "geometry": { "type": "Point", "coordinates": [ -0.03570425, 51.4123459 ] } },
{ "type": "Feature", "properties": { "id": "895854153", "name": null }, "geometry": { "type": "Point", "coordinates": [ 0.069352828416218, 51.388589914057235 ] } },
{ "type": "Feature", "properties": { "id": "900412115", "name": null }, "geometry": { "type": "Point", "coordinates": [ -0.078109040077965, 51.647994522091864 ] } },
{ "type": "Feature", "properties": { "id": "900412119", "name": null }, "geometry": { "type": "Point", "coordinates": [ -0.073655387634762, 51.645085973255071 ] } },
{ "type": "Feature", "properties": { "id": "900412120", "name": null }, "geometry": { "type": "Point", "coordinates": [ -0.097612726988143, 51.627600915520894 ] } },
{ "type": "Feature", "properties": { "id": "900412121", "name": null }, "geometry": { "type": "Point", "coordinates": [ -0.093059172100811, 51.624495619426789 ] } },
{ "type": "Feature", "properties": { "id": "900412122", "name": null }, "geometry": { "type": "Point", "coordinates": [ -0.093731469030232, 51.622968909213412 ] } },
{ "type": "Feature", "properties": { "id": "900412123", "name": "Salisbury Road Allotments" }, "geometry": { "type": "Point", "coordinates": [ -0.103027467695826, 51.598238957323773 ] } },
{ "type": "Feature", "properties": { "id": "900412124", "name": "Risley Avenue Allotments" }, "geometry": { "type": "Point", "coordinates": [ -0.08520402771793, 51.600226289057282 ] } },
{ "type": "Feature", "properties": { "id": "900412125", "name": null }, "geometry": { "type": "Point", "coordinates": [ -0.083456832491885, 51.581342474622708 ] } },
{ "type": "Feature", "properties": { "id": "900412128", "name": null }, "geometry": { "type": "Point", "coordinates": [ -0.081021161578199, 51.576244790158277 ] } },
{ "type": "Feature", "properties": { "id": "900412129", "name": null }, "geometry": { "type": "Point", "coordinates": [ -0.08046455736899, 51.576278720406236 ] } },
{ "type": "Feature", "properties": { "id": "900412130", "name": null }, "geometry": { "type": "Point", "coordinates": [ -0.062395901957828, 51.574128966342904 ] } },
{ "type": "Feature", "properties": { "id": "900412131", "name": null }, "geometry": { "type": "Point", "coordinates": [ -0.083899161056473, 51.554083459942724 ] } },
{ "type": "Feature", "properties": { "id": "900412132", "name": null }, "geometry": { "type": "Point", "coordinates": [ -0.10302980905249, 51.56064957096676 ] } },
{ "type": "Feature", "properties": { "id": "900412133", "name": null }, "geometry": { "type": "Point", "coordinates": [ -0.105309349848819, 51.560531719788329 ] } },
{ "type": "Feature", "properties": { "id": "900412134", "name": null }, "geometry": { "type": "Point", "coordinates": [ -0.141722004803947, 51.527405543803916 ] } },
{ "type": "Feature", "properties": { "id": "900412135", "name": null }, "geometry": { "type": "Point", "coordinates": [ -0.141094494248933, 51.468837952768709 ] } },
{ "type": "Feature", "properties": { "id": "900412136", "name": null }, "geometry": { "type": "Point", "coordinates": [ -0.148440471174727, 51.471468659740246 ] } },
{ "type": "Feature", "properties": { "id": "900412137", "name": null }, "geometry": { "type": "Point", "coordinates": [ -0.161016678606246, 51.445044108201905 ] } },
{ "type": "Feature", "properties": { "id": "900412138", "name": null }, "geometry": { "type": "Point", "coordinates": [ -0.165959731701289, 51.431522730558775 ] } },
{ "type": "Feature", "properties": { "id": "900412142", "name": null }, "geometry": { "type": "Point", "coordinates": [ -0.191222444813552, 51.610744602694602 ] } },
{ "type": "Feature", "properties": { "id": "900412143", "name": null }, "geometry": { "type": "Point", "coordinates": [ -0.214970025789702, 51.643777165886434 ] } },
{ "type": "Feature", "properties": { "id": "900412144", "name": null }, "geometry": { "type": "Point", "coordinates": [ -0.201880466666667, 51.662315266666667 ] } },
{ "type": "Feature", "properties": { "id": "900412145", "name": null }, "geometry": { "type": "Point", "coordinates": [ -0.246358176885395, 51.622413516101048 ] } },
{ "type": "Feature", "properties": { "id": "900412147", "name": null }, "geometry": { "type": "Point", "coordinates": [ -0.240657586400666, 51.483703678223328 ] } },
{ "type": "Feature", "properties": { "id": "902694672", "name": null }, "geometry": { "type": "Point", "coordinates": [ -0.006361889441444, 51.457124572862192 ] } },
{ "type": "Feature", "properties": { "id": "902694673", "name": null }, "geometry": { "type": "Point", "coordinates": [ -0.011970965486991, 51.45575088243271 ] } },
{ "type": "Feature", "properties": { "id": "902694674", "name": null }, "geometry": { "type": "Point", "coordinates": [ -0.013187388586126, 51.455874365696779 ] } },
{ "type": "Feature", "properties": { "id": "902694677", "name": null }, "geometry": { "type": "Point", "coordinates": [ -0.012292106348732, 51.443055384666437 ] } },
{ "type": "Feature", "properties": { "id": "902694678", "name": "Olstead Road Alotments" }, "geometry": { "type": "Point", "coordinates": [ -0.00584265197402, 51.427952497922305 ] } },
{ "type": "Feature", "properties": { "id": "902694679", "name": null }, "geometry": { "type": "Point", "coordinates": [ 0.000280049689472, 51.4209069148175 ] } },
{ "type": "Feature", "properties": { "id": "902694680", "name": null }, "geometry": { "type": "Point", "coordinates": [ 0.015019180091513, 51.423010914309614 ] } },
{ "type": "Feature", "properties": { "id": "902694681", "name": null }, "geometry": { "type": "Point", "coordinates": [ 0.01562624900102, 51.431074673509606 ] } },
{ "type": "Feature", "properties": { "id": "902694682", "name": "St, Mildred's Road Allotments" }, "geometry": { "type": "Point", "coordinates": [ 0.007907439643383, 51.445088401512557 ] } },
{ "type": "Feature", "properties": { "id": "902694683", "name": "Prior Street Allotments" }, "geometry": { "type": "Point", "coordinates": [ -0.010524924412409, 51.476417625973674 ] } },
{ "type": "Feature", "properties": { "id": "902694684", "name": null }, "geometry": { "type": "Point", "coordinates": [ 0.032436298594133, 51.475832423293035 ] } },
{ "type": "Feature", "properties": { "id": "902694685", "name": null }, "geometry": { "type": "Point", "coordinates": [ 0.034431600425141, 51.538449173428191 ] } },
{ "type": "Feature", "properties": { "id": "902694686", "name": null }, "geometry": { "type": "Point", "coordinates": [ 0.126404992306727, 51.562233182190333 ] } },
{ "type": "Feature", "properties": { "id": "902694687", "name": null }, "geometry": { "type": "Point", "coordinates": [ 0.177084529774025, 51.602207661986512 ] } },
{ "type": "Feature", "properties": { "id": "902694688", "name": null }, "geometry": { "type": "Point", "coordinates": [ 0.157854075570139, 51.552652835650804 ] } },
{ "type": "Feature", "properties": { "id": "902694692", "name": null }, "geometry": { "type": "Point", "coordinates": [ 0.003030845451272, 51.605595236529354 ] } },
{ "type": "Feature", "properties": { "id": "902694693", "name": "Raith Avenue Allotment Site" }, "geometry": { "type": "Point", "coordinates": [ -0.127581641811547, 51.62086560396228 ] } },
{ "type": "Feature", "properties": { "id": "902694694", "name": "Bourne Allotments" }, "geometry": { "type": "Point", "coordinates": [ -0.120024608302824, 51.628799115129617 ] } },
{ "type": "Feature", "properties": { "id": "902694695", "name": null }, "geometry": { "type": "Point", "coordinates": [ -0.036028651418989, 51.660359605554532 ] } },
{ "type": "Feature", "properties": { "id": "902694696", "name": null }, "geometry": { "type": "Point", "coordinates": [ -0.255353695029942, 51.512696806217456 ] } },
{ "type": "Feature", "properties": { "id": "902694697", "name": null }, "geometry": { "type": "Point", "coordinates": [ -0.251525274175642, 51.516957838964274 ] } },
{ "type": "Feature", "properties": { "id": "902694698", "name": null }, "geometry": { "type": "Point", "coordinates": [ -0.274030619096279, 51.52120876851896 ] } },
{ "type": "Feature", "properties": { "id": "902694699", "name": null }, "geometry": { "type": "Point", "coordinates": [ -0.275047766666667, 51.520691466666669 ] } },
{ "type": "Feature", "properties": { "id": "902694700", "name": null }, "geometry": { "type": "Point", "coordinates": [ -0.277973322323673, 51.51855581305702 ] } },
{ "type": "Feature", "properties": { "id": "902694701", "name": null }, "geometry": { "type": "Point", "coordinates": [ -0.31285221556516, 51.485453533127469 ] } },
{ "type": "Feature", "properties": { "id": "902694702", "name": null }, "geometry": { "type": "Point", "coordinates": [ -0.33419384990667, 51.484396237804397 ] } },
{ "type": "Feature", "properties": { "id": "902694703", "name": null }, "geometry": { "type": "Point", "coordinates": [ -0.32528670150465, 51.45655821614023 ] } },
{ "type": "Feature", "properties": { "id": "902694704", "name": null }, "geometry": { "type": "Point", "coordinates": [ -0.27565019364829, 51.467133596214325 ] } },
{ "type": "Feature", "properties": { "id": "904792087", "name": "Maze Hill Allotments" }, "geometry": { "type": "Point", "coordinates": [ 0.005658384474413, 51.482620073953164 ] } },
{ "type": "Feature", "properties": { "id": "913822036", "name": null }, "geometry": { "type": "Point", "coordinates": [ -0.118934003528029, 51.452449083198239 ] } },
{ "type": "Feature", "properties": { "id": "915504953", "name": null }, "geometry": { "type": "Point", "coordinates": [ -0.045066631334126, 51.548358507261725 ] } },
{ "type": "Feature", "properties": { "id": "915941993", "name": null }, "geometry": { "type": "Point", "coordinates": [ -0.084041295686109, 51.566737226519145 ] } },
{ "type": "Feature", "properties": { "id": "923241957", "name": "Phoenix Farm and Learning Zone" }, "geometry": { "type": "Point", "coordinates": [ -0.235956993593968, 51.512118027566345 ] } },
{ "type": "Feature", "properties": { "id": "925548506", "name": null }, "geometry": { "type": "Point", "coordinates": [ -0.275807038030353, 51.50259648875636 ] } },
{ "type": "Feature", "properties": { "id": "953573093", "name": null }, "geometry": { "type": "Point", "coordinates": [ -0.145366708850061, 51.543476374644833 ] } },
{ "type": "Feature", "properties": { "id": "954799486", "name": "Emlyn Gardens Estate" }, "geometry": { "type": "Point", "coordinates": [ -0.250887235864444, 51.499394105512806 ] } },
{ "type": "Feature", "properties": { "id": "954999338", "name": null }, "geometry": { "type": "Point", "coordinates": [ -0.138427530959175, 51.449670953674783 ] } },
{ "type": "Feature", "properties": { "id": "959566079", "name": "Wanstead Park Road Allotments" }, "geometry": { "type": "Point", "coordinates": [ 0.047072734718981, 51.571470468829069 ] } },
{ "type": "Feature", "properties": { "id": "959794867", "name": "Vicarage Lane North Allotments" }, "geometry": { "type": "Point", "coordinates": [ 0.087405484701801, 51.565962005918493 ] } },
{ "type": "Feature", "properties": { "id": "959796001", "name": "Thornton Road Allotments" }, "geometry": { "type": "Point", "coordinates": [ 0.068982043848566, 51.551285126472543 ] } },
{ "type": "Feature", "properties": { "id": "960169744", "name": null }, "geometry": { "type": "Point", "coordinates": [ 0.096794888705469, 51.446049035060497 ] } },
{ "type": "Feature", "properties": { "id": "962565126", "name": null }, "geometry": { "type": "Point", "coordinates": [ 0.066917548527003, 51.431826853829826 ] } },
{ "type": "Feature", "properties": { "id": "963228878", "name": null }, "geometry": { "type": "Point", "coordinates": [ -0.208452500758246, 51.558079416874342 ] } },
{ "type": "Feature", "properties": { "id": "963228879", "name": null }, "geometry": { "type": "Point", "coordinates": [ -0.208890282391839, 51.557863052561117 ] } },
{ "type": "Feature", "properties": { "id": "963228880", "name": null }, "geometry": { "type": "Point", "coordinates": [ -0.2090213, 51.55862895 ] } },
{ "type": "Feature", "properties": { "id": "963228881", "name": null }, "geometry": { "type": "Point", "coordinates": [ -0.20948085, 51.5584419 ] } },
{ "type": "Feature", "properties": { "id": "966183627", "name": null }, "geometry": { "type": "Point", "coordinates": [ -0.051105523471829, 51.524192769468563 ] } },
{ "type": "Feature", "properties": { "id": "972644198", "name": null }, "geometry": { "type": "Point", "coordinates": [ 0.167293408469504, 51.436756140147722 ] } },
{ "type": "Feature", "properties": { "id": "978078870", "name": null }, "geometry": { "type": "Point", "coordinates": [ -0.037147571711001, 51.438746422712626 ] } },
{ "type": "Feature", "properties": { "id": "978173614", "name": null }, "geometry": { "type": "Point", "coordinates": [ 0.138922140328661, 51.464414986090858 ] } },
{ "type": "Feature", "properties": { "id": "987162516", "name": "Bow Cross Food Growing Project" }, "geometry": { "type": "Point", "coordinates": [ -0.017276576163779, 51.52465559754669 ] } },
{ "type": "Feature", "properties": { "id": "991299765", "name": null }, "geometry": { "type": "Point", "coordinates": [ 0.10889958406065, 51.465785187523785 ] } },
{ "type": "Feature", "properties": { "id": "991540150", "name": null }, "geometry": { "type": "Point", "coordinates": [ 0.107339519159176, 51.465086636253531 ] } },
{ "type": "Feature", "properties": { "id": "991630877", "name": null }, "geometry": { "type": "Point", "coordinates": [ 0.107879451968572, 51.408356727876225 ] } },
{ "type": "Feature", "properties": { "id": "991631869", "name": null }, "geometry": { "type": "Point", "coordinates": [ 0.068945091053021, 51.408950653814195 ] } },
{ "type": "Feature", "properties": { "id": "991635889", "name": null }, "geometry": { "type": "Point", "coordinates": [ 0.006395042431367, 51.402423458749787 ] } },
{ "type": "Feature", "properties": { "id": "997552133", "name": null }, "geometry": { "type": "Point", "coordinates": [ 0.163688925360789, 51.475745745292031 ] } },
{ "type": "Feature", "properties": { "id": "997552439", "name": null }, "geometry": { "type": "Point", "coordinates": [ 0.163559000923348, 51.466824013937334 ] } },
{ "type": "Feature", "properties": { "id": "997552986", "name": null }, "geometry": { "type": "Point", "coordinates": [ 0.137068568380118, 51.465466200887143 ] } },
{ "type": "Feature", "properties": { "id": "997554635", "name": null }, "geometry": { "type": "Point", "coordinates": [ 0.131350212059404, 51.47473025708841 ] } },
{ "type": "Feature", "properties": { "id": "1004008727", "name": null }, "geometry": { "type": "Point", "coordinates": [ -0.346163240690557, 51.614259897535106 ] } },
{ "type": "Feature", "properties": { "id": "1008717152", "name": "Chesterman-Robinson Allotments" }, "geometry": { "type": "Point", "coordinates": [ -0.137623186282511, 51.416002251377428 ] } },
{ "type": "Feature", "properties": { "id": "1008726722", "name": null }, "geometry": { "type": "Point", "coordinates": [ 0.109625639136612, 51.484310012748956 ] } },
{ "type": "Feature", "properties": { "id": "1013794051", "name": "Columbia Primary School Edible Garden" }, "geometry": { "type": "Point", "coordinates": [ -0.068298335263013, 51.529898057046047 ] } },
{ "type": "Feature", "properties": { "id": "1013884793", "name": "Chaselands Allotments" }, "geometry": { "type": "Point", "coordinates": [ -0.098485651333927, 51.665776658926511 ] } },
{ "type": "Feature", "properties": { "id": "1025324330", "name": null }, "geometry": { "type": "Point", "coordinates": [ -0.307399241790194, 51.528232346505497 ] } },
{ "type": "Feature", "properties": { "id": "1039409250", "name": null }, "geometry": { "type": "Point", "coordinates": [ -0.190951603723832, 51.441207026324875 ] } },
{ "type": "Feature", "properties": { "id": "1052281106", "name": "Beecholme and Casimir Community Growing Group" }, "geometry": { "type": "Point", "coordinates": [ -0.053465930181851, 51.559374964016655 ] } },
{ "type": "Feature", "properties": { "id": "1063385106", "name": null }, "geometry": { "type": "Point", "coordinates": [ 0.144411750734678, 51.491709200642752 ] } },
{ "type": "Feature", "properties": { "id": "1089310538", "name": null }, "geometry": { "type": "Point", "coordinates": [ -0.117540379510858, 51.427592562008329 ] } },
{ "type": "Feature", "properties": { "id": "1089310814", "name": null }, "geometry": { "type": "Point", "coordinates": [ -0.135575337440324, 51.44309475275756 ] } },
{ "type": "Feature", "properties": { "id": "1089310976", "name": null }, "geometry": { "type": "Point", "coordinates": [ -0.096213413787877, 51.445882519038811 ] } },
{ "type": "Feature", "properties": { "id": "1089312231", "name": null }, "geometry": { "type": "Point", "coordinates": [ -0.045727291169328, 51.399590251529531 ] } },
{ "type": "Feature", "properties": { "id": "1089312483", "name": null }, "geometry": { "type": "Point", "coordinates": [ -0.155129213524968, 51.324793704555908 ] } },
{ "type": "Feature", "properties": { "id": "1089313235", "name": null }, "geometry": { "type": "Point", "coordinates": [ -0.256618156792938, 51.51567776304217 ] } },
{ "type": "Feature", "properties": { "id": "1089313386", "name": null }, "geometry": { "type": "Point", "coordinates": [ -0.302586655407192, 51.497042182990853 ] } },
{ "type": "Feature", "properties": { "id": "1089313647", "name": null }, "geometry": { "type": "Point", "coordinates": [ -0.3794626, 51.4762794 ] } },
{ "type": "Feature", "properties": { "id": "1089313834", "name": null }, "geometry": { "type": "Point", "coordinates": [ -0.400411025735201, 51.455661350856843 ] } },
{ "type": "Feature", "properties": { "id": "1089313931", "name": null }, "geometry": { "type": "Point", "coordinates": [ -0.402382206043033, 51.455107047248582 ] } },
{ "type": "Feature", "properties": { "id": "1091228734", "name": null }, "geometry": { "type": "Point", "coordinates": [ -0.164335735925873, 51.544170820462242 ] } },
{ "type": "Feature", "properties": { "id": "1120144145", "name": null }, "geometry": { "type": "Point", "coordinates": [ -0.340808380056166, 51.623396861505114 ] } },
{ "type": "Feature", "properties": { "id": "1124118149", "name": null }, "geometry": { "type": "Point", "coordinates": [ 0.059547230676736, 51.530245199153953 ] } },
{ "type": "Feature", "properties": { "id": "1131131269", "name": null }, "geometry": { "type": "Point", "coordinates": [ -0.199636321560626, 51.615483831900463 ] } },
{ "type": "Feature", "properties": { "id": "1133424305", "name": null }, "geometry": { "type": "Point", "coordinates": [ -0.130440823138474, 51.475068682535294 ] } },
{ "type": "Feature", "properties": { "id": "1134749815", "name": null }, "geometry": { "type": "Point", "coordinates": [ 0.012999212873908, 51.419844034908373 ] } },
{ "type": "Feature", "properties": { "id": "1148788832", "name": "Branch Hill Allotments" }, "geometry": { "type": "Point", "coordinates": [ -0.182480084784214, 51.559034690917677 ] } },
{ "type": "Feature", "properties": { "id": "1154749606", "name": null }, "geometry": { "type": "Point", "coordinates": [ -0.200368008645173, 51.606035586184341 ] } },
{ "type": "Feature", "properties": { "id": "1161861881", "name": null }, "geometry": { "type": "Point", "coordinates": [ -0.11334216662062, 51.490459303567278 ] } },
{ "type": "Feature", "properties": { "id": "1162290586", "name": null }, "geometry": { "type": "Point", "coordinates": [ -0.119813949764568, 51.48545198345159 ] } },
{ "type": "Feature", "properties": { "id": "1165292866", "name": null }, "geometry": { "type": "Point", "coordinates": [ -0.115854769037127, 51.498554733302704 ] } },
{ "type": "Feature", "properties": { "id": "1185098304", "name": null }, "geometry": { "type": "Point", "coordinates": [ -0.116092602486041, 51.530300170430081 ] } },
{ "type": "Feature", "properties": { "id": "1201681194", "name": "Carpenter Gardens" }, "geometry": { "type": "Point", "coordinates": [ -0.093551490893851, 51.628760063155724 ] } },
{ "type": "Feature", "properties": { "id": "1201681195", "name": "Carpenter Gardens" }, "geometry": { "type": "Point", "coordinates": [ -0.095083233333333, 51.627918566666665 ] } },
{ "type": "Feature", "properties": { "id": "1201681196", "name": "Carpenter Gardens" }, "geometry": { "type": "Point", "coordinates": [ -0.095905597574856, 51.627665749412657 ] } },
{ "type": "Feature", "properties": { "id": "1203543228", "name": null }, "geometry": { "type": "Point", "coordinates": [ -0.126521590206283, 51.571542321565161 ] } },
{ "type": "Feature", "properties": { "id": "1205352844", "name": "Community plots" }, "geometry": { "type": "Point", "coordinates": [ -0.034201265854139, 51.499696918180135 ] } },
{ "type": "Feature", "properties": { "id": "1205352845", "name": "Youth plots" }, "geometry": { "type": "Point", "coordinates": [ -0.033902276654193, 51.50005375253405 ] } },
{ "type": "Feature", "properties": { "id": "1205352850", "name": "Plot to Shop" }, "geometry": { "type": "Point", "coordinates": [ -0.03390417433994, 51.499425297483 ] } },
{ "type": "Feature", "properties": { "id": "1208735052", "name": null }, "geometry": { "type": "Point", "coordinates": [ -0.145063390095355, 51.639980408031597 ] } },
{ "type": "Feature", "properties": { "id": "1208735054", "name": null }, "geometry": { "type": "Point", "coordinates": [ -0.144686854547154, 51.639967146019487 ] } },
{ "type": "Feature", "properties": { "id": "1210877304", "name": null }, "geometry": { "type": "Point", "coordinates": [ -0.206031002347225, 51.473454833211093 ] } },
{ "type": "Feature", "properties": { "id": "1215299654", "name": null }, "geometry": { "type": "Point", "coordinates": [ -0.11827095, 51.47825315 ] } },
{ "type": "Feature", "properties": { "id": "1230980082", "name": null }, "geometry": { "type": "Point", "coordinates": [ -0.057454810499029, 51.470829509098529 ] } },
{ "type": "Feature", "properties": { "id": "1231695932", "name": null }, "geometry": { "type": "Point", "coordinates": [ 0.109944520125564, 51.485686321611773 ] } },
{ "type": "Feature", "properties": { "id": "1233182622", "name": null }, "geometry": { "type": "Point", "coordinates": [ -0.192349951489795, 51.425033472256594 ] } },
{ "type": "Feature", "properties": { "id": "1240496081", "name": null }, "geometry": { "type": "Point", "coordinates": [ -0.115157522381825, 51.498611065316418 ] } },
{ "type": "Feature", "properties": { "id": "1244756995", "name": null }, "geometry": { "type": "Point", "coordinates": [ -0.135863387723506, 51.542244900107306 ] } },
{ "type": "Feature", "properties": { "id": "1244756997", "name": null }, "geometry": { "type": "Point", "coordinates": [ -0.136871143235762, 51.542994690770023 ] } },
{ "type": "Feature", "properties": { "id": "1244757003", "name": null }, "geometry": { "type": "Point", "coordinates": [ -0.13651885, 51.5432395 ] } },
{ "type": "Feature", "properties": { "id": "1309948780", "name": null }, "geometry": { "type": "Point", "coordinates": [ -0.09978513565276, 51.667641210759527 ] } },
{ "type": "Feature", "properties": { "id": "1332037553", "name": null }, "geometry": { "type": "Point", "coordinates": [ -0.247538692191709, 51.467925505526544 ] } },
{ "type": "Feature", "properties": { "id": "1332037554", "name": null }, "geometry": { "type": "Point", "coordinates": [ -0.246754716750493, 51.468246253985171 ] } },
{ "type": "Feature", "properties": { "id": "1332409407", "name": "Burial Ground Allotments" }, "geometry": { "type": "Point", "coordinates": [ -0.263527823341178, 51.479865200937212 ] } },
{ "type": "Feature", "properties": { "id": "1332409408", "name": "Staveley Road Allotments" }, "geometry": { "type": "Point", "coordinates": [ -0.262745643493912, 51.480766896836634 ] } },
{ "type": "Feature", "properties": { "id": "1342270717", "name": null }, "geometry": { "type": "Point", "coordinates": [ -0.044094804101914, 51.517807809571309 ] } },
{ "type": "Feature", "properties": { "id": "1347145480", "name": null }, "geometry": { "type": "Point", "coordinates": [ -0.106481622377262, 51.624707832223194 ] } },
{ "type": "Feature", "properties": { "id": "1362352080", "name": "Harvey Road Community Garden" }, "geometry": { "type": "Point", "coordinates": [ 0.013373533323101, 51.567937960933499 ] } },
{ "type": "Feature", "properties": { "id": "1421034995", "name": null }, "geometry": { "type": "Point", "coordinates": [ -0.166035424420325, 51.5434445787904 ] } },
{ "type": "Feature", "properties": { "id": "1428020621", "name": null }, "geometry": { "type": "Point", "coordinates": [ -0.067545752288931, 51.55677030647788 ] } },
{ "type": "Feature", "properties": { "id": "1428020622", "name": null }, "geometry": { "type": "Point", "coordinates": [ -0.067989065560803, 51.557537926568067 ] } },
{ "type": "Feature", "properties": { "id": "1491243755", "name": "Basing Hill Community Garden" }, "geometry": { "type": "Point", "coordinates": [ -0.20624904891459, 51.567679146830386 ] } }
]
}
